Team,Matches Played,Goals,xG,Shots,Shots on Target,Penalties Scored,Penalties Attempted,Shot Creating Actions,Goal Creating Actions,Passes Completed (Total),Passes Attempted (Total),Passes Completed (Short),Passes Attempted (Short),Passes Completed (Medium),Passes Attempted (Medium),Passes Completed (Long),Passes Attempted (Long),Assists,Expected Assists (xA),Key Passes,Passes into Final Third,Passes into Penalty Area,Crosses into Penalty Area,Progressive Passes,Progressive Carries,Progressive Passes Received,Tackles,Tackles Won,Tackles Defensive Third,Tackles Middle Third,Tackles Attacking Third,Challenges Tackled,Challenges Attempted,Challenges Lost,Blocks,Interceptions,Clearances,Errors,Touches,Touches Defensive Penalty Area,Touches Defensive Third,Touches Middle Third,Touches Attacking Third,Touches Attacking Penalty Area,Live-Ball Touches,Take-Ons Attempted,Successful Take-Ons,Carries,Carries into Final Third,Carries into Penalty Area,Miscontrols,Dispossessed,Passes Received,Yellow Cards,Red Cards,Second Yellow Cards,Fouls Committed,Fouls Drawn,Offsides,Penalties Won,Penalties Conceded,Own Goals,Ball Recoveries,Aerial Duels Won,Aerial Duels Lost,Age_goal,Goals Against,Shots on Target Against,Saves,Clean Sheets,Penalty Kicks Attempted,Penalty Kicks Allowed,Penalty Kicks Saved,Penalty Kicks Missed,Post-Shot Expected Goals,Launched Passes Completed,Launched Passes Attempted,Passes Attempted (GK),Through Balls,Goal Kicks Attempted,Crosses Opposed,Crosses Stopped,Sweeper Actions
AZ Alkmaar,34,68,57.5,478,174,2,2,820,112,15168,18546,6592,7415,6614,7507,1609,2683,49,45.5,361,1232,360,74,1561,656,1548,553,333,225,244,84,279,532,253,375,269,549,6,22329,2213,6732,10204,5596,949,22327,599,288,12758,469,206,557,292,15035,47,2,0,363,303,56,1,4,1,1701,419,508,80,39,134,96,13,4,4,0,0,40.8,203,437,1150,188,150,400,30,47
Ajax,34,72,66.6,514,208,5,6,951,130,17709,21028,7989,8804,7818,8712,1510,2613,60,60.9,426,1350,413,69,1646,735,1626,533,316,236,216,81,271,526,255,375,293,542,11,24780,2584,7457,11440,6102,1038,24774,683,333,15044,552,242,556,286,17518,44,3,0,282,347,51,4,3,1,1691,466,402,75,61,164,104,5,3,2,0,1,57.6,205,513,1457,191,195,420,34,50
Almere City,34,32,35.3,375,109,3,3,646,60,8594,13273,3770,4806,3330,4571,1202,2983,27,29.4,278,870,237,59,1117,421,1105,623,378,299,236,88,294,602,308,418,328,752,6,17586,2022,5730,7212,4861,702,17583,641,302,7732,289,155,642,331,8482,69,3,1,488,315,51,3,4,1,1947,725,877,55,59,188,129,10,4,3,1,0,62.4,308,1001,994,91,277,466,31,45
América,34,67,64.3,464,179,5,7,845,118,15949,18856,7329,8031,6729,7550,1513,2496,51,47.5,367,1395,338,79,1531,680,1517,483,312,234,198,51,227,472,245,319,332,550,11,22343,1937,6482,10891,5196,805,22336,620,307,13178,532,181,488,311,15821,63,3,1,310,342,58,4,1,0,1573,436,420,60,26,116,90,16,1,1,0,0,36.6,125,342,731,120,251,453,18,13
Anderlecht,30,56,48.7,397,138,7,7,697,99,12794,16119,4924,5805,5751,6673,1653,2767,41,35.8,302,1054,317,69,1306,469,1294,548,320,255,209,84,251,507,256,350,282,646,10,19626,2213,6364,8478,4985,746,19619,483,212,13865,471,104,519,262,12678,54,2,0,328,359,54,6,4,0,1672,371,390,66,30,134,103,7,4,3,1,0,38.3,141,330,975,112,176,445,20,19
Antwerp,30,52,52.4,409,140,5,9,721,83,15205,18375,5586,6412,7413,8265,1868,2964,36,36.5,310,1169,313,61,1515,616,1503,537,336,248,224,65,254,517,263,289,277,454,6,21650,2088,6150,10485,5243,859,21641,581,278,15921,567,189,503,263,15062,44,1,1,294,313,52,8,5,1,1601,354,412,28,27,97,71,12,5,5,0,0,28.3,173,459,1276,152,131,340,36,45
Arg Juniors,27,20,25.7,383,93,1,2,651,35,9805,12896,3823,4504,4359,5188,1377,2487,12,21.4,270,878,217,61,1078,416,1067,508,300,246,217,45,251,469,218,284,257,482,5,16017,1394,5000,7404,3771,534,16015,555,267,8549,286,68,450,326,9700,68,6,3,307,312,68,1,4,1,1255,423,456,34,28,90,63,10,4,4,0,0,26.4,126,323,620,85,183,301,6,18
Arouca,34,51,48.8,459,157,3,7,793,83,13911,17348,5780,6488,6322,7260,1537,2768,38,27.2,332,1040,217,56,1317,473,1306,530,339,255,204,71,291,604,313,361,262,637,8,20905,2260,7250,9558,4276,558,20898,508,243,10904,352,105,480,255,13805,83,6,2,459,397,55,4,9,1,1611,382,380,76,50,150,100,5,9,7,1,1,51.4,123,396,1070,214,243,482,40,69
Ascoli,38,36,36.7,435,131,6,7,738,57,10274,14927,4168,5256,4295,5642,1524,3117,19,23.6,297,993,236,103,1164,488,1144,575,361,265,233,77,290,530,240,409,320,787,9,19075,2009,5894,8480,4913,683,19068,506,202,8763,333,98,623,292,10146,105,10,3,651,581,63,4,9,2,1784,832,797,85,42,131,90,13,9,6,1,2,43.1,268,635,893,93,242,578,44,27
Ath Paranaense,38,39,47.6,587,184,1,2,1027,73,12940,16585,5137,5898,5987,7043,1579,2893,35,35.8,448,1200,307,99,1496,582,1471,664,414,275,299,90,273,598,325,449,368,841,9,20786,2103,5935,9754,5315,784,20784,625,298,11137,430,125,476,321,12800,92,6,2,496,383,50,1,3,0,1587,674,607,65,46,173,124,9,3,0,3,0,48.5,191,449,672,128,256,536,20,17
Atl Goianiense,38,28,41.1,531,163,3,5,946,44,12615,16234,5086,5892,5597,6602,1610,2876,16,30.3,405,1259,266,96,1432,598,1416,583,367,265,242,76,240,555,315,419,344,802,10,20353,2145,6253,8869,5459,737,20348,632,270,10822,488,116,560,295,12489,109,11,4,477,426,48,5,9,2,1646,569,608,50,57,175,117,7,9,6,3,0,54.3,189,484,798,135,288,520,43,32
Atlanta Utd,34,45,52.4,486,157,5,7,861,76,13502,16585,5775,6429,5750,6589,1631,2747,30,38.0,373,1066,276,83,1303,667,1286,513,331,258,201,54,253,486,233,359,287,711,9,20157,2298,6860,8528,4939,863,20150,520,247,11338,394,202,456,241,13360,54,2,1,369,309,46,6,6,1,1425,400,385,70,49,164,113,5,6,3,3,0,49.9,238,500,1066,150,206,450,25,29
Atlas,34,35,41.7,448,142,2,3,752,63,12572,16008,5273,5970,5568,6480,1503,2867,23,26.9,308,1023,201,76,1119,459,1106,578,348,279,236,63,284,585,301,386,321,617,5,19814,1984,6355,9356,4283,620,19811,534,243,11288,371,100,549,284,12442,90,12,5,377,376,35,2,8,0,1600,533,573,34,55,144,88,8,8,7,1,0,45.1,176,505,948,116,304,467,21,38
Atlé Tucumán,27,28,35.4,343,103,2,4,581,43,6979,10419,3005,3781,2773,3648,984,2219,20,24.1,239,766,218,63,910,258,900,535,333,251,220,64,253,459,206,356,253,715,5,13787,1385,4205,6218,3500,532,13783,353,143,5673,208,59,497,205,6916,57,3,1,355,244,58,3,3,1,1221,589,521,24,27,95,68,11,3,2,1,0,27.5,203,525,467,47,231,419,15,25
Atlético,34,54,43.0,460,152,5,7,832,100,14837,17712,6383,7013,6477,7293,1598,2556,34,28.3,346,1093,225,52,1364,586,1353,569,371,283,236,50,271,553,282,365,279,730,15,21447,2474,7571,9708,4356,645,21440,596,293,12522,454,130,472,290,14692,78,5,3,328,387,41,7,5,0,1548,429,367,49,61,168,107,7,5,5,0,0,54.7,79,225,733,173,305,520,18,25
Atlético Mineiro,38,47,46.8,505,149,11,13,931,76,16634,20059,7250,8034,7360,8327,1730,2918,23,30.8,357,1343,296,98,1545,605,1533,691,418,330,273,88,333,621,288,372,312,781,5,24139,2350,7445,11460,5426,644,24126,621,277,13607,512,107,592,337,16495,113,12,9,495,466,60,11,7,1,1618,549,505,78,54,165,110,9,7,5,2,0,56.7,137,326,895,155,264,486,22,36
Austin,34,39,40.0,338,100,4,6,615,73,12943,15909,5142,5784,5997,6816,1565,2605,29,28.6,248,1031,276,86,1263,442,1247,464,284,241,152,71,216,489,273,383,235,659,12,19160,2382,6994,7870,4434,651,19154,504,231,10372,319,102,408,255,12780,87,3,1,444,409,64,6,9,0,1251,356,393,32,48,178,129,8,9,8,1,0,54.6,181,481,1174,202,252,482,35,40
Bahia,38,49,52.5,512,172,2,2,946,91,18086,21267,8166,8958,8006,8932,1447,2352,40,38.6,414,1403,346,98,1746,736,1738,587,375,283,233,71,279,611,332,330,334,698,16,25054,2328,7731,11732,5812,752,25052,646,288,15248,563,136,508,316,17957,82,1,0,436,478,67,1,3,0,1535,473,414,85,49,164,114,10,3,2,1,0,46.4,145,335,1193,218,238,534,52,82
Banfield,27,21,28.2,272,79,3,6,457,34,6557,9571,2389,2979,2995,3835,1022,2132,14,16.6,185,602,150,67,767,315,760,550,351,264,223,63,260,507,247,320,239,650,6,12698,1513,4535,5490,2821,416,12692,446,206,5838,242,52,457,276,6493,74,6,4,322,298,54,3,5,0,1153,493,483,61,36,109,71,5,5,3,2,0,31.8,103,320,543,116,220,411,26,10
Bari,38,38,39.3,485,122,4,6,860,59,13275,17031,5189,5994,6149,7197,1669,2962,25,27.3,356,1048,277,107,1332,604,1318,593,390,312,222,59,281,526,245,388,342,669,5,20988,2044,7059,9260,4903,716,20982,663,315,11680,417,137,533,345,13166,105,4,2,542,541,52,3,5,2,1672,509,525,49,49,141,94,7,5,4,0,1,40.3,106,337,612,175,280,576,28,22
Barracas Central,27,15,20.8,306,78,1,1,524,25,7179,10169,3065,3776,3011,3817,925,1951,10,14.1,220,614,121,51,728,290,720,508,302,249,209,50,271,496,225,315,236,770,12,13601,1666,4782,6260,2730,345,13600,550,238,6131,221,46,507,337,7113,58,2,2,315,339,30,1,4,3,1090,495,457,82,33,134,104,8,4,4,0,0,36.4,178,447,553,133,278,512,30,24
Belgrano,27,33,28.6,291,104,0,1,495,56,8124,11096,3573,4272,3366,4194,948,1940,25,22.9,224,724,178,69,909,340,899,486,294,229,187,70,232,438,206,299,250,751,5,14260,1721,4863,6329,3213,487,14259,421,192,7020,226,73,457,248,8039,74,4,3,321,254,61,0,2,1,1156,439,438,86,32,117,86,7,2,2,0,0,30.9,133,397,677,95,202,548,48,26
Benfica,34,76,79.2,581,231,4,6,1046,132,17244,20589,8474,9361,6851,7778,1495,2396,59,58.8,455,1509,424,75,1880,807,1868,657,420,273,270,114,343,657,314,397,298,457,10,24432,1845,6243,11251,7197,1085,24426,773,369,13658,607,241,544,310,17122,67,3,2,391,392,76,5,7,0,1929,382,358,71,28,113,82,16,7,4,3,0,35.4,65,173,653,136,223,362,18,21
Birmingham City,46,48,50.0,579,167,2,3,1010,81,13841,18735,5603,6618,6178,7501,1733,3536,30,32.0,434,1019,272,60,1398,751,1386,816,512,397,316,103,390,754,364,653,478,991,18,24358,3186,9359,10021,5242,891,24355,899,392,12294,449,231,787,478,13714,101,3,1,582,476,80,3,0,2,2195,757,742,69,65,215,152,11,0,0,0,0,59.7,304,867,1313,273,386,700,82,47
Blackburn,46,59,63.0,565,193,0,1,993,101,19583,24775,8905,10110,8277,9699,1931,3631,48,45.0,426,1490,443,63,2022,651,2012,822,513,376,334,112,400,817,417,613,442,898,19,29899,3416,10820,12200,7146,1046,29898,693,334,16135,433,205,704,402,19490,96,5,1,480,413,108,1,6,3,2337,690,622,49,74,226,154,10,6,4,1,1,66.3,133,518,1392,261,402,612,38,80
Boavista,34,37,37.0,334,106,4,5,593,63,11747,15162,4863,5541,5184,6054,1439,2813,18,22.5,242,841,195,83,1008,411,1000,554,343,279,229,46,281,554,273,348,273,705,15,18742,2038,6825,8514,3559,495,18737,520,223,9582,291,72,530,252,11651,105,8,6,498,452,68,4,6,1,1600,444,427,22,62,172,111,3,6,4,0,2,58.3,138,424,616,148,316,517,21,24
Boca Juniors,27,28,33.6,283,105,1,1,484,46,10148,12974,4188,4810,4573,5391,1120,2092,18,22.5,198,795,187,47,1054,427,1045,490,317,223,210,57,263,475,212,261,239,513,6,15919,1539,5191,7496,3364,436,15918,508,241,8275,267,80,452,251,10060,78,6,4,345,350,37,0,4,0,1157,354,342,57,23,105,80,11,4,2,2,0,30.5,63,257,565,140,214,410,21,13
Botafogo (RJ),38,58,58.9,570,200,4,6,1040,101,15519,18939,6455,7261,7082,8011,1672,2768,41,40.5,444,1415,352,105,1703,629,1687,624,400,308,241,75,292,582,290,366,318,781,11,22951,2102,6428,10989,5730,837,22945,601,295,13050,452,155,521,388,15368,96,4,1,577,409,68,5,6,0,1589,558,549,62,29,132,102,18,6,5,1,0,38.2,143,376,980,132,238,517,26,49
Braga,34,70,65.3,545,202,5,6,992,119,15375,18817,6381,7127,6919,7798,1696,2966,49,43.9,422,1291,382,112,1678,601,1664,518,313,225,237,56,251,536,285,328,310,593,16,22609,1972,6552,10293,5932,952,22603,586,273,12669,444,149,542,270,15258,80,4,2,410,385,62,3,7,2,1685,461,456,31,50,127,79,6,7,6,0,1,46.4,151,386,985,151,251,419,24,72
Brescia,38,41,42.3,479,132,3,3,837,65,12544,16551,5189,6157,5485,6611,1516,2820,25,27.5,350,1060,255,109,1251,552,1243,585,361,294,233,58,280,581,301,479,330,838,7,20861,2346,6977,9302,4795,650,20858,516,218,11165,413,103,594,255,12448,95,2,2,567,518,56,3,8,0,1721,644,662,79,40,144,101,9,8,4,3,1,38.5,174,436,820,147,308,611,37,16
Bristol City,46,52,52.8,522,159,7,7,867,83,17301,22755,7332,8338,8061,9635,1662,3770,28,34.9,378,1233,299,83,1523,731,1509,736,447,339,309,88,389,795,406,502,428,826,11,27589,3094,9199,12804,5861,874,27582,684,293,14376,481,188,686,342,17174,71,1,1,446,470,88,4,5,2,2278,741,869,26,51,188,138,13,5,4,1,0,48.8,231,802,1512,262,230,584,37,73
CF Montréal,34,46,44.4,357,125,4,4,645,84,15650,18693,7442,8177,6636,7485,1184,2161,36,31.4,271,1046,222,45,1231,515,1218,486,310,247,183,56,245,463,218,369,281,717,13,22136,2565,8185,9769,4335,570,22132,471,224,13323,427,111,505,253,15553,75,3,1,398,349,51,4,5,1,1546,299,354,47,64,182,119,8,5,5,0,0,64.3,77,294,1023,229,275,527,27,45
Calcio Lecco 1912,38,34,47.2,508,153,3,6,855,52,11849,16002,4473,5374,5363,6536,1811,3320,26,30.9,361,903,236,97,1139,506,1123,598,368,301,234,63,259,498,239,383,343,793,11,20204,2487,7732,8265,4440,711,20198,536,249,9715,317,102,601,295,11718,101,4,2,551,470,50,2,8,0,1745,717,635,91,74,197,123,6,8,7,0,1,57.6,237,571,974,168,343,572,23,25
Cardiff City,46,48,44.3,499,170,2,2,861,83,16255,21236,6834,7932,7032,8425,1982,3787,34,29.9,364,1036,216,77,1312,629,1301,776,492,377,318,81,389,719,330,503,495,967,15,26343,3047,9815,11573,5210,707,26341,764,330,14097,450,184,691,330,16106,81,1,1,436,442,55,1,4,1,2170,822,773,86,70,195,126,12,4,2,0,2,64.4,269,807,1281,181,352,624,24,29
Casa Pia,34,37,29.8,352,115,3,4,613,70,10877,14094,4751,5423,4736,5551,1183,2413,27,21.8,256,877,165,55,985,472,972,499,331,248,189,62,270,560,290,366,286,712,7,17791,2271,6767,7656,3557,481,17787,619,281,9050,306,105,598,271,10780,76,4,2,478,407,67,4,1,0,1585,341,423,61,50,159,109,10,1,1,0,0,47.6,155,485,843,132,313,562,35,22
Catanzaro,38,55,45.0,399,150,3,4,715,97,17440,20869,7684,8512,7922,8873,1495,2652,40,31.5,305,1062,233,66,1318,643,1312,427,251,223,176,28,213,390,177,310,271,776,10,24507,3087,9384,10865,4430,642,24503,498,212,14468,462,130,564,249,17228,92,3,2,442,612,60,3,8,1,1597,411,482,57,50,172,122,10,8,7,1,0,56.4,169,474,1844,163,157,601,32,27
Cen. Córdoba–SdE,27,28,28.3,310,89,3,4,557,48,9378,12343,3991,4622,4120,4944,1075,2103,21,17.7,230,815,141,41,1074,403,1062,488,307,225,219,44,212,470,258,282,239,517,6,15467,1358,4525,8003,3108,418,15463,566,246,7849,314,92,477,269,9290,58,4,0,334,316,43,3,3,0,1292,337,410,45,36,114,77,6,3,2,1,0,33.4,100,328,548,124,175,323,24,23
Cercle Brugge,30,43,52.0,483,140,2,3,791,65,6972,11706,2836,4104,2905,4446,914,2370,34,35.1,345,912,309,58,1215,378,1199,632,403,277,255,100,327,684,357,467,327,602,8,15895,1278,3894,7009,5202,904,15892,572,279,8084,378,142,719,328,6883,65,3,2,391,355,73,0,1,2,1913,848,895,26,34,123,90,11,1,0,1,0,39.3,258,711,663,37,180,365,11,54
Charleroi,30,26,33.6,326,107,3,4,563,48,10737,14423,4763,5773,4222,5271,1247,2380,20,29.2,252,872,232,69,1210,437,1195,563,368,292,224,47,286,553,267,372,336,622,8,17950,1845,5591,8128,4418,595,17946,489,231,11653,409,110,500,266,10616,58,4,1,359,297,61,3,5,1,1687,512,556,70,48,150,103,8,5,5,0,0,50.3,190,496,866,147,189,411,45,42
Charlotte,34,45,47.3,382,140,3,5,695,74,12203,15338,4657,5285,5815,6680,1452,2661,34,30.2,297,1043,262,68,1298,574,1293,435,254,204,156,75,217,420,203,371,251,713,11,18621,2290,6441,8039,4308,683,18616,467,213,10446,354,168,410,232,12108,76,2,0,357,333,56,4,1,0,1413,321,373,31,37,154,116,12,1,0,1,0,47.5,129,351,954,167,226,512,35,59
Chaves,34,30,34.9,374,111,5,6,641,46,10054,13419,4192,4877,4215,5065,1389,2716,18,22.3,268,769,157,74,925,414,917,473,282,250,176,47,254,505,251,364,294,730,12,17046,2077,6175,7639,3429,467,17040,534,254,8403,299,67,531,265,9961,103,9,5,457,495,57,4,8,0,1535,482,491,74,72,184,110,4,8,6,2,0,65.3,224,574,716,170,326,580,35,15
Chicago Fire,34,40,45.1,409,143,5,5,716,68,13790,17177,6035,6765,6193,7121,1275,2477,28,31.4,301,998,254,58,1243,568,1231,571,375,266,235,70,273,553,280,381,350,603,18,20738,1889,6728,9503,4665,707,20733,538,246,11871,405,162,506,267,13678,68,1,0,429,336,47,3,8,1,1567,397,402,50,62,168,107,4,8,8,0,0,58.2,111,355,693,164,262,382,25,33
Cittadella,38,40,41.7,480,139,1,3,815,67,10895,15632,4266,5333,4675,6017,1596,3218,28,30.6,354,961,295,124,1331,541,1320,661,399,314,256,91,339,679,340,480,364,714,4,20094,1941,6093,8637,5605,824,20091,588,242,9713,359,131,691,315,10796,102,2,1,605,523,52,1,5,1,1962,750,744,54,47,159,113,11,5,5,0,0,43.0,206,472,799,149,254,512,32,27
Club Brugge,30,60,61.4,471,169,8,10,837,97,13835,17084,5353,6265,6314,7312,1741,2682,39,44.4,363,1184,319,88,1552,658,1535,481,320,195,207,79,238,469,231,334,263,437,4,20384,1616,5575,9709,5284,908,20374,598,281,14693,495,197,468,290,13691,58,3,3,323,312,49,7,3,0,1644,481,374,60,29,98,69,10,3,0,0,3,28.3,177,360,912,119,183,277,29,55
Colorado Rapids,34,57,60.3,413,151,10,15,763,97,13135,16406,5985,6744,5480,6366,1293,2414,37,40.1,317,1205,317,67,1568,560,1550,525,305,233,211,81,284,585,301,397,282,639,10,20019,1771,5696,8807,5693,820,20004,553,251,11375,417,165,528,272,13028,51,2,1,327,384,73,11,4,2,1376,381,455,45,60,163,105,6,4,3,0,1,47.9,143,428,813,152,260,423,15,78
Columbus Crew,34,72,58.9,473,173,3,6,873,122,17957,20793,8867,9543,7388,8223,1329,2143,52,37.7,380,1429,309,70,1618,646,1608,484,282,215,190,79,247,439,192,323,276,455,17,24025,1987,7245,11074,5897,810,24019,621,301,14900,491,185,463,323,17692,45,5,1,283,451,67,4,4,0,1523,263,296,111,36,139,103,12,4,3,0,1,41.8,83,252,985,161,180,352,14,29
Como,38,58,51.3,522,177,4,5,911,96,13640,17672,5945,6927,5958,7141,1392,2651,39,37.3,391,1087,312,104,1424,569,1404,515,307,241,203,71,255,463,208,414,342,768,8,21743,2171,7041,9868,5069,753,21738,552,243,12072,426,133,602,305,13494,83,5,1,564,483,56,4,3,1,1818,584,576,58,40,126,87,13,3,3,0,0,36.4,149,387,945,125,165,552,45,28
Corinthians,38,54,50.0,553,192,5,6,986,97,13954,17320,5843,6624,6211,7099,1538,2649,36,34.0,424,1163,303,88,1436,620,1426,661,387,293,284,84,334,708,374,427,359,812,11,21612,2235,6886,9954,4995,753,21606,671,317,12114,457,140,549,368,13837,111,7,3,492,530,61,5,7,2,1536,480,474,107,45,179,135,10,7,6,1,0,49.4,134,361,795,176,278,547,23,22
Cosenza,38,47,45.1,467,145,4,6,801,83,12557,16577,5154,5984,5534,6676,1568,3062,37,30.2,325,997,260,95,1257,539,1236,543,348,250,236,57,242,538,296,412,311,951,5,20718,2395,7052,9167,4683,692,20712,471,203,10572,381,127,565,266,12419,131,5,2,518,486,57,4,5,1,1667,579,637,55,42,155,112,11,5,3,2,0,45.0,213,600,1237,157,183,628,41,36
Coventry City,46,66,66.3,601,189,3,6,1047,110,19310,24079,8743,9880,8462,9801,1641,3252,39,45.0,456,1545,400,88,1964,809,1951,817,489,396,324,97,362,698,336,543,424,902,19,29209,3250,9726,12668,7056,1009,29203,715,309,16189,566,226,807,428,19194,89,3,0,523,526,76,5,3,4,2218,608,671,56,59,197,142,12,3,3,0,0,52.2,165,476,1241,250,385,638,31,47
Cremonese,38,49,56.9,628,177,5,5,1139,85,15594,19368,6385,7276,7240,8427,1666,2768,29,45.9,477,1349,421,168,1868,841,1849,551,341,250,221,80,273,493,220,393,312,674,9,23448,2226,7149,10083,6441,993,23443,604,289,13213,538,194,577,300,15430,97,8,3,545,428,64,2,3,1,1838,638,580,70,32,137,105,16,3,2,1,0,34.7,123,355,1055,223,184,507,47,20
Criciúma,38,42,38.2,504,166,0,0,868,69,11892,15395,4912,5689,5083,6015,1575,2836,27,31.0,366,1054,264,91,1310,485,1296,645,405,347,225,73,329,705,376,478,335,978,13,19804,2402,6914,8459,4669,647,19804,649,310,10114,397,101,583,384,11798,99,6,3,503,391,70,0,6,1,1646,568,521,58,61,199,137,6,6,4,2,0,63.6,184,470,699,145,347,654,28,14
Cruz Azul,34,43,53.6,512,157,5,7,885,71,15052,18530,6104,6804,6641,7569,1908,3197,30,34.8,379,1255,317,105,1477,628,1464,520,330,233,238,49,272,617,345,304,275,531,8,21966,1829,6494,10783,4889,763,21959,494,258,12740,447,118,514,305,14844,85,4,0,356,328,62,3,8,1,1736,449,488,74,43,125,83,10,8,6,0,2,38.7,127,372,939,121,266,405,24,45
Cruzeiro,38,43,40.4,492,152,4,5,896,74,15498,18977,7141,7987,6402,7332,1501,2590,30,26.4,366,1229,289,73,1452,642,1437,600,389,250,266,84,289,582,293,393,301,753,18,22879,2239,7005,10624,5448,687,22874,667,306,13097,532,113,513,285,15364,97,6,2,486,416,54,0,2,1,1583,441,479,61,41,173,133,12,2,2,0,0,49.8,80,220,775,179,271,553,21,22
Cuiabá,38,28,32.7,379,111,4,5,676,49,12134,15383,5191,5908,5125,5977,1470,2598,16,20.6,276,990,211,71,1123,486,1106,597,374,323,224,50,285,557,272,404,302,883,12,19387,2350,6790,8703,4112,529,19382,645,316,10182,348,91,514,326,12023,107,1,0,446,415,55,4,7,0,1436,519,493,67,49,181,131,10,7,6,1,0,53.9,213,474,762,150,340,685,30,11
D.C. United,34,52,53.9,473,158,5,5,826,93,10850,14600,4679,5570,4412,5413,1465,2774,41,40.2,346,968,298,83,1246,477,1230,591,372,268,242,81,308,591,283,395,314,608,10,18249,1793,5464,8157,4833,804,18244,496,229,9898,378,111,480,273,10739,95,7,4,473,382,73,4,5,2,1608,689,502,59,70,157,89,2,5,5,0,0,60.6,358,815,1019,119,233,412,18,73
Defensa y Just,27,25,30.7,361,107,1,1,640,43,9393,12293,3990,4647,4008,4805,1187,2148,21,23.0,273,870,188,66,1027,352,1019,438,268,198,186,54,226,428,202,317,248,661,2,15547,1729,5061,7134,3503,444,15546,442,199,7836,294,67,525,244,9295,76,6,3,296,293,35,1,6,2,1210,491,444,67,33,102,68,8,6,3,3,0,34.4,164,388,684,111,263,468,19,12
Deportivo Riestra,27,26,27.1,262,92,3,4,439,42,3905,7183,1527,2156,1473,2406,790,2134,14,19.1,182,542,158,33,673,186,664,501,318,244,196,61,238,470,232,327,259,854,4,10540,1634,3879,4112,2670,451,10536,375,164,3602,151,39,462,240,3844,66,5,2,348,277,32,4,4,0,1036,508,608,53,27,122,95,12,4,4,0,0,35.9,263,730,672,37,253,616,42,35
Estoril,34,49,39.8,391,135,2,2,675,85,12142,15367,4855,5565,5628,6507,1408,2554,27,25.6,281,875,203,51,1060,570,1052,538,335,249,228,61,261,539,278,359,269,687,18,19136,2095,6711,8676,3943,631,19134,691,313,10553,444,125,526,287,12048,77,5,0,459,412,54,0,3,3,1489,367,478,58,57,166,111,10,3,2,1,0,52.2,94,335,726,182,310,482,15,38
Estrela,34,29,39.6,369,105,1,1,631,50,11061,14750,4434,5279,5054,6040,1371,2681,18,27.2,281,777,219,67,1057,405,1046,574,381,265,242,67,314,582,268,390,281,709,9,18594,2114,7050,8013,3740,608,18593,590,262,9084,284,113,567,269,10973,76,7,3,419,419,81,0,4,1,1685,527,490,116,53,148,95,7,4,2,1,1,51.1,126,361,849,175,284,473,37,48
Estudiantes–LP,27,35,33.1,358,123,3,5,631,62,10699,13795,4451,5204,4782,5659,1245,2221,23,23.9,274,1000,209,71,1260,386,1247,485,301,188,244,53,215,450,235,318,276,581,6,17005,1389,4584,8696,3889,552,17000,505,250,8832,337,91,487,262,10607,66,1,1,329,286,42,2,4,2,1298,519,524,49,34,103,71,5,4,4,0,0,33.9,92,255,505,143,207,417,35,18
Eupen,30,24,29.4,297,95,1,1,508,41,10219,13665,4021,4860,4634,5618,1226,2417,18,19.1,217,722,157,48,976,410,967,543,342,292,190,61,258,549,291,388,320,729,17,17166,2293,6572,7497,3269,461,17165,433,184,11227,338,101,465,249,10117,56,2,1,392,306,74,1,6,4,1520,376,487,43,58,167,112,5,6,4,1,1,52.4,110,369,846,153,272,476,21,32
Excelsior,34,48,46.9,377,137,1,1,659,83,11216,14901,4234,5005,4908,5804,1826,3348,43,33.6,297,911,220,76,1037,574,1026,602,373,345,195,62,283,567,284,418,351,819,12,18982,2682,7586,7652,3947,601,18981,620,310,9995,366,167,522,277,11096,51,4,1,279,273,42,1,2,1,1640,488,538,26,73,204,132,6,2,2,0,0,60.6,332,944,1311,186,266,545,42,20
FC Cincinnati,34,57,48.8,482,178,3,4,852,100,14769,18039,6332,7169,6860,7744,1250,2182,42,39.7,366,1089,314,43,1412,635,1401,562,368,255,234,73,271,494,223,378,304,561,17,21803,1961,6825,9914,5279,810,21799,727,316,12784,489,184,527,321,14663,82,4,3,451,400,86,2,6,2,1623,451,368,84,48,144,97,7,6,5,1,0,45.4,98,284,738,149,238,425,28,25
FC Dallas,34,51,42.7,414,146,5,6,729,90,14097,17111,6986,7699,5650,6458,1151,2165,36,31.8,297,967,261,59,1147,411,1140,487,327,242,182,63,233,455,222,346,273,693,18,20541,2371,7692,9015,3992,616,20535,418,181,11748,342,115,478,284,13976,74,1,1,430,397,63,4,8,2,1390,350,347,60,56,191,134,7,8,5,3,0,55.8,132,327,960,141,219,441,12,42
FC Juárez,34,42,35.7,446,132,6,6,780,73,11744,15129,4614,5251,5373,6334,1527,2783,30,24.8,333,971,202,67,1184,549,1173,562,340,291,219,52,264,589,325,335,341,700,9,19027,2058,6234,8873,4149,591,19021,616,289,10505,436,118,592,209,11600,88,4,1,394,369,52,5,5,1,1717,444,467,116,60,163,103,2,5,4,1,0,54.0,133,408,752,142,296,524,17,16
Famalicão,34,37,36.4,446,118,3,5,770,64,11238,14426,4055,4718,5130,5967,1838,3025,23,24.6,316,822,207,107,976,507,968,548,360,286,197,65,270,534,264,372,299,687,7,18291,2235,7434,7356,3716,598,18286,690,342,9939,357,107,544,279,11142,104,9,3,513,551,77,4,8,2,1546,550,449,48,41,149,107,8,8,3,3,2,49.2,177,428,904,212,253,477,48,49
Farense,34,46,44.9,389,142,5,7,645,75,9386,13093,3328,4026,4425,5375,1464,3009,26,22.2,260,769,185,72,944,406,932,515,318,274,199,42,244,519,275,472,332,1004,5,17135,2595,6848,7046,3391,507,17128,454,209,7767,277,97,469,187,9306,79,6,3,472,413,58,4,7,1,1513,601,653,51,51,192,141,7,7,6,1,0,62.6,198,646,719,142,385,734,43,18
FeralpiSalò,38,43,40.5,464,138,4,4,821,77,11704,15861,4833,5820,5223,6369,1442,2910,29,29.9,342,938,259,96,1242,597,1231,530,333,292,191,47,239,465,226,430,364,782,5,20064,2231,6772,8837,4695,736,20060,683,298,9931,386,152,591,317,11603,82,4,2,481,499,48,2,9,1,1801,692,629,21,65,167,102,4,9,8,1,0,53.1,273,705,913,127,328,606,26,22
Feyenoord,34,90,96.0,694,253,4,7,1275,151,17206,20703,7894,8809,7654,8681,1258,2221,69,71.1,554,1651,496,69,2088,924,2075,580,344,237,238,105,262,502,240,352,255,467,8,24653,1672,6007,11485,7370,1359,24646,776,395,14844,609,318,561,351,17021,35,1,0,303,352,68,7,1,0,1874,504,368,52,26,85,59,17,1,1,0,0,26.5,128,331,1316,149,98,312,39,91
Flamengo,38,60,58.5,559,199,9,11,1028,111,16485,19837,7595,8421,6761,7686,1644,2621,42,41.0,435,1539,368,78,1774,729,1758,645,421,287,244,114,276,572,296,380,293,655,10,23844,2111,6435,11133,6472,942,23833,777,354,13960,578,187,526,338,16297,75,4,2,434,500,55,8,5,1,1578,513,443,50,42,130,87,10,5,2,2,1,43.8,155,375,1112,157,200,470,51,23
Fluminense,38,31,38.0,449,154,1,4,807,53,17063,20314,8626,9410,6501,7345,1281,2353,26,26.0,345,1294,210,77,1390,629,1373,652,393,283,273,96,315,611,296,362,299,762,16,24572,2436,7701,11541,5518,628,24568,869,378,14189,456,146,595,442,16933,115,5,2,462,542,38,3,4,0,1578,439,506,68,39,173,134,13,4,4,0,0,53.0,88,305,670,159,284,545,28,29
Fortaleza,38,51,44.2,451,141,3,5,807,93,11534,15022,4883,5594,4947,5920,1502,2850,38,25.2,330,1049,189,59,1169,544,1156,654,404,316,280,58,297,633,336,464,329,906,19,19190,2161,6039,9370,4003,600,19185,610,303,10140,401,148,528,320,11425,99,10,3,495,464,59,3,5,0,1550,502,548,35,39,195,156,13,5,5,0,0,52.5,194,511,682,150,299,645,44,13
Fortuna Sittard,34,36,45.2,471,151,3,7,814,60,9749,13539,3896,4717,4250,5280,1300,2725,24,32.1,331,823,267,114,1097,547,1089,627,379,323,225,79,321,626,305,408,334,619,4,17477,1947,5954,7389,4346,758,17470,634,285,8619,366,118,502,250,9645,58,3,1,369,315,40,6,2,2,1778,646,554,99,56,151,97,9,2,2,0,0,49.5,194,615,829,107,249,462,44,32
Genk,30,49,60.7,491,162,2,5,872,79,11988,15285,4643,5529,5379,6345,1513,2509,30,43.6,384,1195,310,74,1597,557,1580,499,309,223,192,84,208,417,209,335,287,558,7,18822,1911,5385,8372,5264,889,18817,649,311,12896,427,203,549,317,11850,64,6,3,365,354,75,4,3,0,1662,465,449,21,31,116,84,10,3,2,1,0,34.5,160,437,925,117,169,414,33,20
Gent,30,50,51.4,435,161,4,6,762,79,12627,16246,4737,5742,5689,6723,1836,2982,30,32.4,321,1120,321,75,1409,614,1387,582,377,271,236,75,297,552,255,333,326,571,9,19781,1733,5532,9196,5258,847,19775,548,249,13442,545,180,463,285,12500,40,6,1,311,328,48,6,11,0,1715,513,496,89,38,122,81,7,11,8,3,0,42.6,143,327,669,162,222,436,36,17
Gil Vicente FC,34,42,41.2,351,128,6,8,629,70,12524,16065,5114,5925,5807,6806,1314,2487,28,26.4,271,820,209,37,1144,565,1138,540,341,261,206,73,289,539,250,373,303,677,15,19718,2249,7128,8671,4112,598,19710,589,281,10467,375,118,488,337,12429,75,3,2,403,477,67,7,7,2,1662,438,425,48,52,154,102,9,7,5,2,0,47.7,126,408,858,159,320,505,28,39
Gimnasia–LP,27,20,25.4,308,99,3,3,522,34,8044,11391,3305,4074,3365,4314,1172,2305,13,20.5,220,853,213,94,1119,390,1108,593,414,286,231,76,277,527,250,329,295,668,5,14861,1456,4426,6789,3810,492,14858,488,223,6914,279,73,545,242,7955,65,7,1,356,253,47,2,2,1,1408,488,501,55,22,89,68,10,1,0,0,1,21.1,144,373,554,145,239,440,44,30
Go Ahead Eag,34,47,50.5,486,185,4,5,854,79,10970,14668,4702,5501,4694,5668,1321,2686,30,35.1,355,993,293,70,1234,521,1223,502,297,226,201,75,251,497,246,401,264,821,5,18725,2753,6629,7528,4728,798,18720,574,249,8916,306,160,541,272,10858,39,3,1,283,356,56,4,2,1,1711,450,566,25,46,180,135,11,2,2,0,0,46.2,219,651,1211,127,223,670,17,32
Godoy Cruz,27,31,31.7,307,94,2,3,516,50,7750,10698,3048,3712,3368,4188,1150,2212,18,18.0,204,722,144,53,904,331,893,508,337,226,232,50,242,472,230,298,262,578,9,13885,1403,4563,6399,3080,443,13882,449,197,6667,257,82,551,270,7696,59,1,0,344,264,33,1,2,2,1131,420,445,52,28,102,74,7,2,0,2,0,32.5,210,501,829,119,203,359,27,30
Grêmio,38,42,44.1,446,156,3,3,804,70,12956,16402,5935,6758,5446,6411,1219,2361,28,34.7,341,1007,285,54,1354,596,1336,653,389,309,266,78,291,570,279,419,322,807,6,20644,2212,6302,9335,5259,774,20641,826,416,11091,465,176,607,432,12829,88,7,0,408,486,37,3,10,2,1547,517,506,94,50,183,133,8,10,8,2,0,52.1,185,555,792,139,309,600,33,18
Guadalajara,34,44,44.5,420,127,8,10,739,76,12447,15911,5443,6207,5301,6263,1437,2671,27,29.9,325,1139,277,89,1437,630,1418,693,422,308,312,73,328,622,294,350,278,529,5,19837,1731,5675,9434,4985,689,19827,682,332,11031,485,148,629,329,12297,87,5,3,375,353,57,7,9,0,1839,510,482,56,39,140,100,11,9,7,1,1,41.5,125,358,732,136,249,427,22,24
Heerenveen,34,52,47.6,486,153,7,8,862,86,13187,16529,5746,6454,5616,6547,1480,2639,27,34.2,369,1019,280,59,1320,678,1308,505,305,257,186,62,259,522,263,365,288,670,16,20396,2438,6862,8883,4846,798,20388,693,300,11164,474,179,507,291,13029,39,4,1,320,325,49,5,4,2,1715,464,484,58,70,164,96,7,4,4,0,0,60.4,175,458,913,157,223,506,27,20
Heracles Almelo,34,41,42.6,362,116,5,6,629,72,11267,14644,4488,5157,5108,5972,1456,2828,30,30.8,269,919,213,81,1083,576,1070,598,379,347,187,64,295,597,302,420,256,764,12,18640,2677,7162,7789,3879,598,18634,607,236,10043,386,142,519,264,11142,70,2,0,382,325,52,4,5,1,1663,410,473,30,74,226,153,4,5,5,0,0,69.0,207,688,1037,160,308,580,30,18
Houston Dynamo,34,45,43.9,467,160,2,2,828,75,17338,20400,8363,9109,6827,7670,1624,2534,33,38.4,367,1249,317,60,1500,578,1493,510,338,249,187,74,265,492,227,304,239,570,17,23681,2225,7534,10711,5542,831,23679,510,232,14107,462,153,422,254,17179,75,2,1,427,407,80,1,5,1,1435,357,364,67,39,146,107,8,5,4,1,0,45.4,78,205,837,141,152,443,19,34
Huddersfield,46,46,49.6,523,163,1,1,875,76,11676,16992,4673,5745,5154,6625,1564,3601,34,35.3,389,1026,290,102,1331,657,1302,721,451,332,320,69,328,653,325,552,433,1064,5,22134,2787,7621,9633,5166,862,22133,679,293,10618,397,160,740,333,11518,89,2,2,496,529,97,0,4,2,2197,844,865,85,77,206,130,8,4,3,1,0,72.6,265,841,1180,238,380,679,29,43
Hull City,46,68,58.0,610,216,4,7,1083,107,22942,27360,10552,11504,10142,11293,1663,3242,41,41.8,471,1447,327,65,1648,815,1626,606,374,274,252,80,293,626,333,564,351,931,12,32275,3755,12134,13889,6502,976,32268,862,375,19441,527,282,675,398,22754,97,1,0,447,566,82,6,3,0,2138,600,580,60,60,175,115,11,3,3,0,0,44.7,134,584,2239,136,158,636,43,47
Huracán,27,26,25.0,276,80,3,3,475,45,7996,11178,3262,3910,3375,4256,1153,2344,15,17.3,192,656,174,56,870,312,860,527,344,240,245,42,245,511,266,359,261,601,1,14412,1465,4925,6574,3040,425,14409,388,165,6813,224,55,480,254,7916,63,3,2,322,336,63,2,1,0,1222,499,527,59,18,81,63,15,1,1,0,0,23.3,123,432,688,87,204,401,26,9
Ind. Rivadavia,27,22,24.3,278,83,2,3,476,38,6609,9717,2617,3236,2857,3637,977,2210,19,17.1,204,636,132,60,820,359,809,456,312,230,190,36,222,416,194,314,272,713,3,12879,1399,4238,5956,2838,375,12876,444,202,5666,248,63,467,228,6551,67,3,1,280,314,53,2,4,0,1119,470,555,60,25,94,68,11,4,3,1,0,23.4,129,434,426,66,253,466,27,10
Independiente,27,24,27.0,318,110,3,4,543,44,7872,10865,3128,3794,3419,4250,1150,2142,16,16.3,220,668,181,75,976,349,967,458,301,179,212,67,231,428,197,266,244,547,5,13969,1381,4429,6438,3266,526,13965,529,253,7216,253,72,536,281,7782,88,6,3,333,368,41,4,3,0,1190,448,448,32,17,81,63,15,3,2,1,0,23.1,152,368,596,92,223,361,31,16
Instituto,27,31,28.4,334,97,2,3,566,51,7447,10711,3082,3800,3115,4037,1055,2254,24,19.2,229,789,161,59,879,264,870,433,283,199,186,48,198,384,186,350,234,634,2,13784,1333,4215,6284,3422,466,13781,367,155,6603,237,60,469,214,7381,62,4,0,299,310,27,2,3,1,1164,523,565,23,31,94,63,7,3,2,1,0,29.2,148,371,551,73,189,428,37,13
Inter Miami,34,78,54.6,399,181,1,1,731,148,16597,19694,7333,8108,7407,8227,1462,2380,65,41.9,318,1130,295,49,1409,515,1400,596,378,305,216,75,288,618,330,395,319,581,26,23130,2478,8011,10630,4675,752,23129,531,266,13331,386,137,449,231,16481,95,4,4,388,372,75,1,7,2,1598,270,280,86,49,159,110,6,7,5,2,0,50.0,84,262,930,186,269,444,36,30
Internacional,38,52,59.6,542,186,4,8,966,92,14964,18667,6522,7399,6706,7789,1331,2478,33,40.8,406,1286,337,85,1568,647,1555,693,448,268,319,106,323,669,346,395,340,761,14,22974,1867,6103,11016,6092,910,22966,722,351,12823,466,153,612,350,14820,99,1,0,575,436,60,7,5,0,1687,577,630,90,36,139,102,12,5,4,1,0,36.8,153,453,786,137,224,501,37,47
Ipswich Town,46,88,76.8,716,254,2,3,1248,148,19178,24162,8521,9690,8617,10133,1691,3239,63,51.9,556,1570,408,104,1917,843,1888,743,495,311,314,118,376,774,398,547,416,809,14,29209,3151,10091,12409,7000,1207,29206,696,307,16167,539,252,720,385,18954,101,0,0,568,469,81,3,3,6,2395,756,633,59,57,166,115,15,3,2,0,1,52.2,155,365,1684,174,152,599,33,105
Juventude,38,48,43.7,491,171,0,1,852,83,12567,16155,4913,5705,5829,6823,1564,2755,40,30.8,372,950,230,88,1230,488,1216,689,409,308,304,77,318,649,331,419,349,761,13,20277,2543,7500,8829,4163,624,20276,553,259,10745,348,79,504,312,12452,113,13,9,468,505,51,1,11,1,1594,555,563,60,59,189,129,6,11,9,2,0,61.8,146,415,1000,157,265,577,46,41
Kortrijk,30,22,25.7,299,85,2,2,506,32,9321,12859,3776,4742,4033,5067,1123,2302,13,19.2,201,766,183,68,999,493,989,553,325,332,181,40,258,512,254,395,328,835,12,16649,2188,5681,7412,3787,452,16647,587,286,10476,471,98,523,299,9214,63,2,1,323,324,41,1,2,4,1586,499,555,58,57,168,115,5,2,1,0,1,56.3,203,568,748,141,245,502,38,27
LA Galaxy,34,68,65.6,489,195,4,8,884,118,18744,21525,9285,9997,7460,8175,1355,2168,51,40.0,379,1356,342,36,1639,700,1631,485,292,255,169,61,233,480,247,368,297,688,16,25046,2315,7688,11366,6203,864,25038,632,296,15241,533,216,450,280,18627,61,3,1,319,417,51,5,5,1,1426,262,283,53,50,178,128,7,5,4,1,0,52.6,91,336,758,157,246,498,22,12
LAFC,34,62,60.2,535,194,7,8,911,112,13159,16160,5324,5970,6288,7106,1337,2403,42,34.9,394,1079,291,54,1364,647,1344,605,377,322,194,89,308,617,309,370,388,664,9,20063,2080,6749,8677,4849,841,20055,754,325,11329,436,210,492,272,13047,74,5,3,450,365,56,7,3,3,1519,392,349,61,43,137,96,12,3,1,1,1,40.7,169,448,897,127,231,477,29,26
Lanús,27,28,29.7,338,112,1,1,585,47,8807,11720,3729,4445,3750,4549,1117,2071,22,19.1,242,740,159,64,954,355,947,461,282,210,202,49,249,454,205,322,312,646,8,15007,1525,4805,7070,3285,449,15006,521,251,7178,278,80,487,275,8717,52,6,1,295,314,42,1,3,1,1189,474,428,63,31,117,86,9,3,2,1,0,34.0,140,384,606,131,237,419,19,26
Leeds United,46,78,81.6,687,229,7,9,1225,128,22112,26394,9829,10940,10251,11427,1552,2789,56,62.2,544,1628,420,57,2123,1025,2093,783,504,338,315,130,388,677,289,478,390,793,5,31627,2570,9528,14625,7788,1342,31618,1021,470,18593,632,353,785,453,21885,73,2,1,461,560,98,8,1,2,2206,607,531,77,43,127,86,19,1,1,0,0,36.7,106,418,1807,202,175,518,24,50
Leicester City,46,88,86.6,647,223,12,13,1185,152,26494,30645,12846,13800,11281,12536,1893,3185,57,64.4,515,2014,471,100,2227,1039,2205,764,490,349,323,92,371,688,317,494,409,770,24,35527,3018,10563,17169,8090,1283,35514,875,407,21506,672,310,736,367,26193,83,1,0,472,482,80,13,1,1,2196,557,476,45,41,158,117,15,1,0,1,0,46.3,128,419,2148,222,111,492,31,77
León,34,44,47.8,524,179,4,4,925,74,12539,15736,5127,5818,5573,6447,1616,2765,31,36.5,399,1165,292,86,1289,590,1276,611,375,304,244,63,319,606,287,316,286,613,9,19453,1885,5930,8814,4928,765,19449,602,315,11260,447,125,579,314,12417,62,8,0,381,364,73,3,8,1,1600,474,467,72,47,137,91,7,8,7,0,1,44.9,102,278,711,175,250,483,30,35
Mazatlán,34,45,46.2,426,154,2,4,738,70,12398,15481,5123,5827,5659,6545,1357,2382,31,28.0,324,1034,209,61,1228,540,1210,561,340,302,192,67,296,601,305,316,260,667,9,19262,2095,6312,8888,4274,599,19258,660,342,10952,475,135,601,301,12229,74,8,2,380,355,42,3,7,2,1623,454,452,58,59,174,115,7,7,3,2,2,57.9,203,484,952,173,305,570,33,23
Mechelen,30,37,43.4,379,133,3,4,674,68,12524,15834,4257,5138,6299,7198,1686,2791,28,29.3,289,1058,254,71,1287,487,1277,509,304,276,176,57,280,530,250,357,301,642,4,19143,2105,6437,8603,4291,583,19139,434,214,13460,469,104,431,207,12415,48,0,0,303,286,64,3,4,1,1567,505,448,24,34,124,90,10,4,1,1,2,40.9,182,428,841,104,252,463,32,21
Middlesbrough,46,69,70.0,621,217,2,5,1107,124,21724,26339,10171,11269,9172,10446,1811,3256,56,50.8,487,1627,451,71,2050,924,2037,708,445,310,292,106,358,719,361,484,403,824,16,31224,3051,10037,13930,7487,1108,31219,780,329,18146,590,250,685,440,21540,85,2,2,492,478,102,3,3,2,2215,565,549,53,62,177,117,11,3,3,0,0,57.4,141,492,1651,218,229,645,38,75
Millwall,46,44,45.4,487,157,1,2,834,69,13156,18531,5745,6909,5419,6870,1676,3702,30,34.8,345,1057,249,81,1291,568,1277,857,520,422,354,81,442,788,346,526,491,987,10,23814,2563,8182,10536,5326,823,23812,661,295,11465,424,141,731,373,13040,103,2,0,591,420,78,0,8,1,2196,938,940,62,55,167,111,16,8,6,2,0,57.3,263,816,932,144,349,644,43,55
Minnesota Utd,34,55,54.2,448,163,5,6,749,91,11030,14555,4969,5823,4582,5498,1193,2421,39,35.9,321,936,292,52,1278,515,1262,542,342,273,205,64,272,509,237,364,339,746,8,18313,1957,6241,7772,4468,761,18307,581,274,9601,356,139,472,286,10916,74,4,3,472,321,50,3,4,1,1531,438,521,84,49,145,96,7,4,2,1,1,48.9,135,517,816,144,236,479,13,50
Modena,38,41,45.8,491,142,6,8,859,67,13507,17487,5739,6643,5984,7169,1503,2842,23,34.0,371,1119,312,87,1387,547,1375,584,333,261,255,68,266,526,260,441,361,741,10,21608,2136,7184,9424,5235,750,21600,508,228,11024,412,139,591,355,13380,111,2,0,546,508,48,5,7,1,1809,559,558,81,47,131,83,11,7,5,2,0,43.3,192,513,1138,112,204,566,32,30
Monterrey,34,58,47.8,440,142,3,4,804,107,14989,18140,6080,6734,6956,7910,1655,2703,47,37.3,350,1338,337,80,1671,556,1660,571,342,271,221,79,270,554,284,335,329,563,7,21725,2111,6356,10406,5129,720,21721,579,289,11601,456,117,551,319,14833,67,5,0,337,363,51,2,4,1,1595,490,411,61,34,136,102,12,4,3,1,0,38.8,213,442,1289,191,182,452,43,39
Moreirense,34,35,33.4,393,110,1,3,674,62,11609,14914,4737,5459,5294,6138,1350,2596,30,21.7,297,816,194,72,1054,503,1047,532,345,269,195,68,242,500,258,382,318,797,7,18755,2275,6895,8309,3737,540,18752,561,262,9797,355,118,556,263,11531,75,3,2,489,443,61,3,1,1,1615,469,524,91,35,128,94,16,1,1,0,0,35.2,208,519,966,146,289,548,36,18
NE Revolution,34,36,37.5,405,136,1,1,723,62,14325,17530,5814,6525,6745,7604,1552,2674,26,28.0,301,1029,283,73,1356,570,1335,486,299,239,193,54,253,475,222,381,296,684,10,20999,2399,7507,9150,4557,654,20998,537,255,11696,443,137,478,290,14200,66,4,3,396,368,53,1,8,0,1486,404,391,88,74,203,127,5,8,6,2,0,71.1,143,447,772,98,286,435,14,12
NEC Nijmegen,34,67,49.0,440,193,6,6,773,112,12699,16102,5452,6211,5438,6364,1444,2649,42,34.5,326,964,245,69,1215,555,1202,624,376,355,203,66,307,646,339,450,268,814,13,20289,2622,7085,9134,4276,692,20283,634,276,10653,405,136,587,312,12541,53,4,2,304,373,40,6,6,0,1670,531,535,54,51,163,111,7,6,5,1,0,51.7,206,579,912,162,323,623,38,26
NY Red Bulls,34,53,57.2,484,171,8,10,848,93,11789,15313,4882,5695,5390,6333,1334,2626,36,35.7,369,1132,273,65,1318,533,1306,497,314,218,198,81,234,487,253,392,307,608,11,18938,1791,5950,8371,4766,759,18928,514,243,10395,388,151,551,234,11690,58,6,2,400,341,56,9,6,2,1491,528,539,60,50,131,83,7,6,6,0,0,44.1,141,520,848,136,226,409,24,43
NYCFC,34,54,54.9,462,158,5,5,812,89,14612,17913,6744,7573,6197,7080,1236,2226,38,39.7,353,1142,338,74,1504,589,1496,533,344,214,226,93,261,503,242,391,285,605,15,21699,2156,6709,9829,5377,884,21694,659,294,11886,419,194,568,336,14479,73,4,0,436,404,73,4,5,0,1595,390,428,52,49,170,120,5,5,4,1,0,54.3,86,326,1112,208,228,422,29,33
Nashville SC,34,37,46.1,383,110,5,7,660,69,12911,16102,4918,5575,6273,7156,1557,2730,30,30.8,285,982,231,78,1168,433,1157,507,327,272,186,49,251,498,247,371,341,656,9,19523,2184,6877,8875,3937,621,19516,428,184,10281,345,109,491,260,12790,59,2,0,362,386,64,5,5,3,1358,454,474,62,54,166,114,9,5,2,1,2,50.2,168,436,818,182,254,443,28,24
Necaxa,34,48,38.4,374,132,3,4,640,83,7978,11457,3052,3730,3536,4494,1215,2566,37,26.6,280,761,208,97,938,384,921,634,396,346,235,53,315,655,340,405,354,799,4,15552,2037,5657,6517,3602,566,15548,558,258,7082,310,79,602,261,7850,92,6,2,432,321,62,2,4,6,1727,543,587,55,56,155,105,7,4,4,0,0,52.8,208,604,649,75,333,578,28,8
Newell's OB,27,21,30.6,329,102,3,5,572,36,8015,11052,3080,3771,3604,4462,1113,2160,13,20.0,246,766,161,70,947,360,943,470,305,222,183,65,230,429,199,290,232,567,4,14106,1369,4381,6662,3217,440,14101,478,224,7142,275,53,461,254,7920,77,3,1,335,347,42,3,3,1,1170,495,499,80,35,99,65,8,3,2,0,1,30.9,141,399,664,96,181,377,25,27
Norwich City,46,76,64.0,627,193,2,3,1083,132,18601,23143,8005,8926,8402,9665,1829,3436,52,44.8,449,1237,329,102,1581,774,1566,783,475,378,327,78,348,729,381,541,430,1014,15,28292,3415,11075,11790,5701,910,28289,744,325,15982,505,183,727,317,18385,84,2,1,461,499,104,3,5,2,2044,633,625,56,64,196,134,12,5,5,0,0,63.7,151,473,1487,184,214,684,40,56
OH Leuven,30,34,34.1,335,106,4,5,575,55,9017,12323,3291,4100,4196,5125,1295,2449,25,20.5,251,709,180,58,920,404,912,475,272,254,160,61,222,435,213,377,266,715,8,15761,2264,5778,6569,3613,545,15756,526,216,10098,320,99,475,203,8916,77,2,1,362,330,58,5,8,2,1434,442,487,74,47,149,103,7,8,7,1,0,46.7,168,468,874,169,261,575,38,23
Orlando City,34,56,51.9,447,151,4,5,802,95,15061,18232,7301,8045,6070,6917,1287,2314,46,41.8,350,1250,341,79,1607,591,1597,513,297,248,181,84,254,535,281,322,248,535,10,21495,1732,6161,9372,6141,807,21490,516,234,12096,459,149,446,250,14956,69,1,0,337,405,66,4,8,0,1513,322,434,80,50,136,84,9,8,6,2,0,50.0,116,292,609,121,213,374,23,36
PSV Eindhoven,34,108,101.5,780,291,7,9,1427,195,18147,21518,7954,8803,7844,8821,1894,2837,88,80.7,639,1803,540,116,2159,960,2137,547,341,233,219,95,261,492,231,359,285,477,13,25496,1850,6233,11921,7556,1370,25487,789,404,14977,653,277,545,305,17953,32,1,1,280,304,67,6,3,2,2020,494,377,95,21,78,59,18,3,3,0,0,25.1,127,256,910,107,159,310,23,48
Pachuca,34,49,49.3,570,184,2,4,993,82,11830,15425,4852,5681,5183,6149,1528,2767,37,33.5,438,1234,225,68,1421,673,1400,617,399,275,259,83,292,616,324,399,331,649,8,19866,1676,5426,9597,5123,748,19862,807,403,10578,506,213,677,404,11677,87,2,2,448,402,55,3,5,1,1958,608,576,81,54,147,94,7,5,5,0,0,52.4,219,528,634,144,325,449,24,31
Palermo,38,62,52.6,464,167,6,7,843,116,13607,17289,5435,6267,6449,7503,1494,2749,48,41.2,345,1183,354,126,1511,679,1505,531,343,253,213,65,243,439,196,339,286,829,9,21157,2414,7121,9068,5176,852,21150,551,225,12030,445,128,524,278,13473,84,4,2,529,462,56,5,3,1,1653,551,551,50,53,159,106,10,3,2,1,0,46.7,187,445,1175,121,226,614,27,45
Palmeiras,38,58,68.5,664,212,8,9,1166,94,13980,17787,5769,6621,6223,7264,1667,3029,35,38.5,474,1349,327,105,1707,698,1688,676,410,281,315,80,316,684,368,380,328,677,8,22044,1887,5985,10458,5851,872,22035,722,326,11921,508,162,546,317,13817,90,5,1,524,482,78,7,2,1,1626,573,569,73,33,152,120,16,2,1,0,1,41.4,153,482,918,181,239,450,41,27
Parma,38,63,53.1,542,176,9,11,961,110,15182,18876,6382,7282,6955,7954,1532,2817,43,42.2,406,1271,395,70,1624,634,1601,501,289,195,203,103,242,453,211,388,357,667,11,22806,1968,6361,10421,6225,990,22795,673,321,12896,498,217,556,348,15050,83,6,4,469,449,40,8,2,0,1781,578,500,55,35,117,82,13,2,1,0,1,37.3,235,706,1281,198,218,596,57,55
Philadelphia Union,34,62,61.2,517,179,4,5,916,99,11648,15066,4976,5738,4871,5812,1592,2816,47,45.0,407,1049,301,86,1258,455,1247,601,359,279,231,91,292,541,249,411,341,626,5,18653,1776,5812,8190,4814,777,18648,335,144,9965,344,118,423,195,11536,64,1,0,374,346,69,3,2,2,1550,513,457,76,55,163,110,8,2,2,0,0,55.7,150,401,647,135,241,458,18,25
Pisa,38,51,44.1,479,150,5,5,862,91,16193,19999,7502,8435,6980,8021,1381,2552,37,31.9,354,1130,280,73,1412,626,1394,593,373,272,241,80,279,557,278,411,338,772,9,24202,2322,7737,11277,5402,779,24197,669,300,13449,430,158,615,282,16017,113,7,4,519,496,51,4,6,1,1752,566,492,59,54,146,93,9,6,6,0,0,51.8,140,362,1105,121,165,527,46,32
Platense,27,20,24.3,275,79,4,5,455,35,5473,8913,2245,2987,2102,3114,972,2191,12,13.5,183,630,149,74,745,265,735,602,383,287,237,78,285,534,249,334,318,685,2,12401,1170,3956,5391,3187,431,12396,423,180,4841,214,47,495,244,5403,72,4,1,325,280,22,4,2,0,1220,631,514,49,18,88,70,14,2,1,0,1,21.4,198,560,503,35,208,356,25,30
Plymouth Argyle,46,58,53.9,596,206,1,1,1014,97,15006,19985,5845,6928,7183,8456,1688,3609,39,33.2,441,1080,267,52,1467,774,1454,643,420,326,249,68,306,643,337,574,410,1079,8,25119,3747,10087,10072,5204,854,25118,731,317,12825,463,248,697,364,14863,101,2,1,465,522,67,1,3,4,2022,651,768,48,70,216,149,11,3,2,1,0,69.1,193,790,1509,294,387,776,55,26
Portimonense,34,39,36.1,375,118,5,6,648,68,10389,13854,4227,4947,4593,5481,1290,2611,30,20.4,273,782,178,74,976,516,968,661,413,343,255,63,312,594,282,402,356,811,10,17990,2247,6692,7922,3599,474,17984,610,277,9175,353,97,583,264,10297,94,5,0,487,396,69,3,6,5,1673,448,549,57,72,174,107,3,6,5,0,1,66.8,186,496,698,137,329,613,33,25
Portland Timbers,34,64,55.3,467,173,5,5,847,110,13679,16895,5632,6346,6098,6960,1639,2740,51,44.2,358,1130,321,69,1378,581,1365,586,367,288,217,81,271,553,282,399,325,712,15,20776,2136,6664,9690,4632,793,20771,659,303,11499,446,161,528,303,13563,68,3,1,404,442,47,4,4,2,1516,431,386,55,56,146,91,6,4,2,1,1,53.5,193,481,1077,145,227,476,35,49
Porto,34,62,65.8,563,177,5,8,1026,110,16207,19449,6826,7672,7471,8324,1632,2600,46,57.6,430,1425,407,95,1869,819,1856,484,308,188,218,78,245,492,247,308,215,440,6,22988,1726,5783,10752,6634,1185,22980,729,353,13096,524,241,517,254,16094,95,10,4,475,531,71,7,6,2,1565,508,455,54,27,81,55,13,6,4,1,1,26.1,125,295,1081,132,192,374,26,57
Preston,46,53,41.4,426,137,3,3,717,87,13628,19423,5900,7072,5639,7200,1702,3987,38,31.2,304,1185,240,67,1323,567,1295,843,521,385,359,99,430,846,416,621,536,1005,18,24605,2536,7730,11518,5610,747,24602,646,302,11906,426,163,701,360,13496,109,1,1,583,429,85,3,4,2,2222,921,873,58,67,205,140,10,4,4,0,0,66.1,301,1029,1109,171,397,662,30,58
Puebla,34,40,38.6,462,147,3,3,811,73,12081,15355,4814,5535,5326,6178,1644,2818,28,25.7,346,954,243,112,1106,546,1093,570,358,291,234,45,273,590,317,342,320,728,16,19205,2208,6697,8867,3882,593,19202,623,307,10185,457,102,567,329,11922,83,4,0,383,353,41,1,7,1,1662,531,459,30,68,194,126,3,7,6,1,0,61.3,179,404,970,167,346,541,29,15
QPR,46,44,44.9,522,168,1,2,903,75,15578,20655,6837,7869,6640,8060,1758,3721,30,33.4,390,1122,279,100,1333,739,1306,744,460,381,276,87,350,635,285,507,442,983,7,25536,3261,9844,10063,5859,892,25534,734,361,12559,454,220,676,383,15430,99,4,2,551,488,82,1,1,1,2017,829,756,57,58,184,127,13,1,1,0,0,50.2,203,617,1192,247,318,652,51,24
Querétaro,34,38,38.5,387,108,4,5,638,62,7723,11291,3016,3684,3204,4075,1337,2886,27,22.1,269,797,183,87,876,366,863,557,313,304,210,43,265,564,299,358,346,776,8,15276,1991,5449,6468,3571,574,15271,513,221,6804,273,95,546,289,7607,100,9,4,471,322,54,5,8,1,1726,598,647,54,50,190,139,8,8,6,2,0,58.4,248,670,648,86,336,555,25,10
RB Bragantino,38,44,40.1,494,159,3,3,857,79,11963,15812,4950,5792,5130,6204,1521,2868,32,27.0,359,1061,233,65,1272,563,1250,666,440,328,256,82,314,598,284,399,336,938,12,20203,2296,6434,8873,5109,678,20200,670,333,10462,470,159,572,333,11819,101,4,0,496,451,38,2,3,1,1586,581,728,71,48,183,134,6,3,1,2,0,56.5,152,490,911,177,287,653,34,62
RKC Waalwijk,34,37,45.2,408,140,5,5,725,61,10858,14454,4114,4857,5007,5945,1497,2863,26,31.7,317,975,230,69,1174,583,1164,621,357,345,195,81,308,594,286,398,277,851,13,18631,2738,7044,7496,4276,643,18626,588,254,9570,368,154,538,313,10716,58,4,1,355,303,29,2,7,2,1729,531,449,81,56,204,149,5,7,5,1,1,59.6,252,713,1266,171,268,583,41,43
RWDM,30,31,33.9,282,107,1,1,472,54,9394,12670,3655,4472,4176,5179,1187,2248,22,22.5,201,701,172,44,942,402,931,530,342,298,183,49,251,509,258,389,318,865,9,16511,2279,6296,7313,3097,463,16510,602,265,10477,388,102,547,304,9293,65,6,4,368,278,58,0,15,2,1695,516,420,60,67,178,110,4,15,12,3,0,68.0,198,493,670,90,231,518,12,10
Racing Club,27,41,36.3,398,121,3,5,674,64,9314,12365,3611,4263,4156,5010,1340,2436,21,22.5,280,910,205,66,1149,411,1142,468,307,202,202,64,218,417,199,284,237,606,8,15529,1391,4511,7355,3824,552,15524,457,231,8068,313,98,489,238,9235,63,2,1,333,278,57,2,3,1,1209,437,396,62,30,97,67,11,3,1,1,1,25.5,119,321,562,87,208,325,12,26
Real Salt Lake,34,63,56.3,522,185,4,4,881,108,14990,18116,6455,7188,6625,7497,1637,2689,49,33.2,398,1237,286,56,1451,614,1438,495,326,198,238,59,221,480,259,405,312,589,16,21927,2057,6581,10309,5244,720,21923,674,294,12675,505,165,535,289,14825,75,2,1,450,395,66,1,6,1,1602,321,319,50,48,152,104,9,6,4,1,1,44.2,146,391,1089,185,221,405,36,46
Reggiana,38,36,36.0,445,112,4,4,779,62,14643,18500,6625,7580,6239,7330,1384,2597,23,28.3,312,998,257,100,1322,575,1314,552,331,286,212,54,237,501,264,401,351,842,9,22792,2556,8233,10241,4550,656,22788,622,253,12494,401,103,634,287,14533,98,5,1,553,542,49,4,6,0,1771,553,589,55,45,168,121,11,6,4,2,0,43.8,156,448,698,183,323,653,40,11
Rio Ave,34,36,40.1,346,98,8,9,601,63,12306,15665,4928,5704,5663,6566,1448,2583,22,24.4,250,800,219,74,1085,451,1075,541,329,253,233,55,283,577,294,403,289,755,15,19527,2257,7291,8763,3670,549,19518,578,226,10066,327,83,559,248,12200,98,4,4,507,480,79,7,4,1,1530,484,474,76,43,158,115,10,4,2,1,1,47.0,125,368,928,183,286,526,37,32
River Plate,27,38,45.6,432,146,5,5,798,64,12800,15902,5539,6425,5656,6554,1306,2122,22,30.0,330,1243,270,73,1510,514,1499,505,334,220,220,65,242,416,174,299,263,448,6,19121,1275,4846,9530,4916,678,19116,583,260,10964,430,121,498,285,12694,71,2,1,347,341,52,2,5,0,1343,443,372,93,21,89,67,11,5,4,1,0,24.8,70,156,520,149,182,283,13,24
Rosario Central,27,26,26.0,274,78,3,5,480,47,8161,11357,3487,4195,3462,4377,1013,2075,20,20.1,197,690,161,55,900,376,896,498,329,219,219,60,217,421,204,333,314,570,8,14536,1367,4777,6696,3231,417,14531,455,212,7335,269,65,483,267,8103,90,2,2,348,330,56,4,4,1,1242,481,438,64,30,116,87,7,4,3,0,1,29.2,134,340,541,130,200,340,14,10
Rotherham Utd,46,37,32.3,374,104,2,2,612,61,10489,15707,4624,5721,3936,5203,1634,3819,23,25.8,254,905,192,79,961,498,942,738,461,400,269,69,335,672,337,576,459,1092,9,20765,2988,7647,8575,4762,606,20763,529,234,9736,364,88,674,348,10384,88,4,4,527,405,83,2,6,1,2029,921,1037,52,89,271,183,5,6,5,0,1,89.5,581,1469,1390,109,409,801,61,74
SJ Earthquakes,34,39,46.6,404,122,1,1,719,63,11984,15132,5050,5749,5266,6101,1383,2466,29,31.4,312,863,241,70,1129,493,1122,599,329,294,231,74,300,624,324,372,325,844,11,19002,2403,7015,8246,3935,608,19001,578,273,10250,329,111,516,259,11891,70,3,1,368,398,44,1,8,1,1446,383,395,86,78,190,112,2,8,7,1,0,62.5,161,374,788,151,265,534,30,25
Sampdoria,38,53,48.7,462,147,7,8,805,90,13744,17674,5564,6470,6288,7377,1593,2954,37,34.4,334,987,264,62,1318,460,1308,565,362,289,198,78,292,546,254,435,329,735,4,21676,2434,7583,9886,4417,675,21668,502,222,11239,352,108,552,285,13592,110,4,3,581,563,73,7,7,0,1787,532,585,55,50,153,102,8,7,6,1,0,48.5,130,431,1123,153,245,607,42,27
San Lorenzo,27,20,25.3,299,80,5,6,516,33,8431,11506,3478,4207,3732,4600,956,1983,9,16.3,196,786,156,57,955,355,944,519,342,242,207,70,246,440,194,287,252,570,5,14731,1319,4373,7210,3299,438,14725,539,230,7265,285,62,499,261,8349,57,3,1,295,395,44,4,2,2,1205,508,469,98,26,88,64,7,2,2,0,0,25.7,119,340,510,73,212,363,10,15
Santos,34,45,45.5,424,137,5,6,735,77,11744,14922,5114,5829,5087,5923,1321,2507,32,30.7,321,991,192,44,1155,498,1136,562,372,284,231,47,263,526,263,399,317,729,9,19003,2141,6454,8918,3868,598,18997,694,315,10144,379,151,618,345,11620,82,6,1,396,426,41,3,10,0,1715,503,483,78,62,178,114,6,10,8,2,0,59.3,144,421,655,118,291,557,19,24
Sarmiento,27,17,25.7,276,76,2,2,456,29,5272,8467,2166,2829,2209,3072,743,1974,13,13.4,199,529,125,48,690,257,681,490,294,260,173,57,235,456,221,314,265,759,7,11701,1600,4288,4965,2582,393,11699,387,171,4635,206,53,426,215,5213,65,2,1,366,252,48,2,2,1,1133,471,544,74,28,118,91,10,2,2,0,0,33.1,155,522,450,53,299,466,17,9
Seattle Sounders,34,49,50.9,451,143,8,9,817,84,14601,17819,6578,7290,6170,7065,1514,2615,31,35.8,338,1189,286,57,1455,563,1435,538,341,249,211,78,247,452,205,398,331,654,14,21440,1968,6413,9738,5464,809,21431,571,268,11947,393,176,473,299,14463,55,8,4,342,415,32,8,5,0,1574,434,397,62,35,125,89,13,5,4,1,0,34.5,129,385,707,121,243,471,39,14
Sheffield Weds,46,43,51.3,513,150,0,0,859,71,13604,18742,5986,7050,5693,7101,1558,3539,33,34.4,363,942,245,87,1253,609,1229,771,484,393,287,91,391,787,396,570,433,924,11,23911,3126,9177,9849,5149,815,23911,823,366,11652,417,162,775,375,13439,108,5,2,571,442,80,0,7,3,2163,772,743,72,68,175,109,13,7,5,1,1,58.7,277,811,1499,195,332,636,39,59
Sint-Truiden,30,33,39.2,400,128,3,5,731,56,15082,18028,5488,6263,7325,8112,1900,2928,21,27.6,314,1024,248,65,1259,568,1253,447,278,219,178,50,222,439,217,315,337,523,6,21334,2542,7726,9815,4016,599,21329,604,297,15986,508,145,485,248,14985,46,1,0,282,336,60,3,5,0,1617,420,379,83,46,126,80,7,5,5,0,0,41.4,137,369,1233,173,127,425,45,28
Southampton,46,85,81.7,710,247,4,5,1255,141,28747,32772,14712,15706,11691,12875,1730,2855,58,71.1,561,2086,594,78,2556,1203,2543,651,406,262,261,128,300,561,261,459,388,681,15,37469,3244,10335,17834,9578,1509,37464,946,437,22864,759,340,631,373,28477,103,3,1,453,541,85,4,3,0,2142,440,429,54,63,169,106,12,3,2,0,1,50.1,173,396,1930,261,184,536,18,62
Sparta R'dam,34,49,46.8,435,163,5,5,764,90,11702,15343,4639,5497,5349,6299,1439,2718,37,37.6,332,990,305,93,1278,523,1265,532,339,282,198,52,275,545,270,400,258,848,16,19212,2520,6900,8055,4452,759,19207,509,220,10366,341,123,506,233,11562,39,2,0,286,331,43,4,5,1,1606,630,581,27,48,161,113,8,5,3,1,1,49.1,307,731,1242,123,236,629,37,38
Spezia,38,35,44.7,530,157,5,7,941,54,13371,17492,6175,7104,5508,6642,1347,2823,17,35.2,387,1122,326,127,1481,589,1467,622,364,321,227,74,293,537,244,423,345,717,8,21715,2047,6710,9591,5627,811,21708,576,283,11284,436,124,622,299,13254,112,5,3,580,603,44,4,6,2,1831,575,618,57,49,163,115,10,6,5,1,0,46.9,173,462,796,141,284,535,26,32
Sporting CP,34,93,74.0,555,211,5,5,985,159,16356,19452,7904,8649,6873,7791,1239,2134,67,52.5,431,1481,374,89,1669,719,1647,562,354,211,259,92,257,496,239,281,216,420,8,22840,1575,5540,11340,6143,1084,22835,682,297,14627,490,263,483,255,16169,80,3,2,393,415,67,3,4,0,1675,386,327,95,29,79,50,16,4,4,0,0,24.4,92,226,723,122,157,320,24,18
Sporting KC,34,51,43.2,464,145,0,3,807,86,14104,17398,5937,6672,6280,7125,1567,2728,39,30.2,343,1199,228,60,1363,583,1347,574,332,250,229,95,261,518,257,366,296,536,13,20863,1811,6220,9314,5512,700,20860,576,250,12020,459,178,503,277,13973,65,3,1,422,399,60,3,5,4,1563,364,398,59,66,148,83,3,5,2,3,0,58.1,120,442,786,137,231,347,14,26
St. Louis,34,47,47.5,501,151,5,7,828,78,11395,14968,5056,5873,4909,5897,1180,2365,33,35.4,351,1014,323,68,1333,530,1329,598,376,247,249,102,312,603,291,453,327,673,15,18951,1888,6056,7970,5125,803,18944,534,256,9874,362,159,562,321,11288,91,1,1,492,374,51,4,6,4,1560,509,419,61,63,167,107,7,6,5,1,0,63.7,201,508,1020,134,195,442,15,45
Standard Liège,30,32,32.7,335,108,2,4,574,51,11421,14826,4444,5288,5276,6237,1353,2572,23,24.5,240,923,219,64,1151,553,1140,519,326,251,219,49,239,460,221,327,324,670,6,18382,2087,6121,8425,4049,609,18378,617,310,12557,433,138,571,318,11314,55,4,2,336,366,63,2,7,0,1591,479,472,55,41,143,101,5,7,6,1,0,40.3,113,407,755,138,226,423,29,19
Stoke City,46,46,56.1,581,160,1,4,1019,78,16532,22108,6891,8153,7306,8822,1991,3960,35,45.0,446,1446,417,90,1879,714,1859,804,509,364,327,113,358,692,334,518,461,876,7,27199,2894,8778,11893,6771,986,27195,669,299,14089,468,197,743,395,16371,113,3,3,580,429,98,4,6,1,2354,753,795,97,60,179,120,14,6,5,0,1,57.7,244,824,1345,222,339,653,48,48
Sunderland,46,51,63.4,660,212,6,6,1167,86,20990,25420,9487,10549,9200,10440,1809,3183,34,46.7,492,1554,351,66,2009,1066,1988,788,497,362,333,93,382,744,362,508,399,758,9,30540,2915,9829,13706,7310,1163,30534,1014,482,18216,715,366,757,428,20810,95,2,2,466,597,88,6,3,2,2222,556,608,46,54,167,114,13,3,2,1,0,54.7,143,407,1316,252,219,514,35,35
Swansea City,46,57,60.6,529,168,4,7,937,98,20096,25094,9067,10129,8926,10234,1660,3565,40,40.8,402,1392,323,106,1686,818,1667,728,443,291,341,96,378,715,337,516,446,850,17,29990,3165,10573,13546,6107,861,29983,716,293,16535,517,158,699,361,19865,96,4,3,476,550,86,7,5,2,2122,631,802,22,65,206,143,10,5,5,0,0,68.5,222,779,1897,259,326,595,35,64
São Paulo,38,51,41.2,468,153,3,4,842,86,17823,20943,7219,7916,8280,9153,1931,2926,36,27.0,362,1369,273,82,1546,622,1532,590,361,283,254,53,275,567,292,353,272,664,18,24639,2327,7748,12033,5080,719,24635,677,327,14760,530,132,540,319,17672,94,3,2,459,488,58,4,3,3,1557,501,448,64,43,148,108,12,3,3,0,0,34.5,157,370,929,160,263,472,30,17
Südtirol,38,45,38.3,345,95,12,12,622,77,13329,17368,5608,6499,5698,6827,1699,3139,24,28.6,258,1021,247,90,1246,477,1228,587,351,294,218,75,246,525,279,393,351,829,7,21431,2347,7262,9800,4586,619,21419,517,222,10732,382,91,603,265,13212,97,3,1,581,512,45,11,6,1,1679,645,638,57,48,137,89,10,6,5,1,0,43.4,303,725,990,142,321,630,50,25
Talleres,27,34,32.1,371,106,2,2,631,63,10123,12834,3924,4540,4668,5437,1290,2197,27,22.7,267,922,209,68,1087,419,1083,473,302,235,184,54,199,362,163,286,253,575,5,16035,1433,4673,7817,3688,489,16033,511,237,8693,324,81,493,261,10031,71,4,1,297,291,52,2,4,1,1192,385,414,55,27,92,66,11,4,4,0,0,22.0,178,401,644,75,180,404,29,18
Ternana,38,43,46.6,476,142,1,4,817,72,10844,15183,4618,5573,4612,5798,1373,2947,33,27.9,348,937,274,104,1228,590,1218,608,386,311,226,71,306,607,301,458,381,852,8,19431,2255,6573,8639,4459,734,19427,517,238,10049,396,121,543,301,10714,99,5,2,535,462,78,3,8,2,1826,616,713,55,50,187,139,9,8,8,0,0,55.0,225,686,773,138,333,639,38,12
Tigre,27,25,27.2,289,93,2,2,491,41,9717,12737,4051,4781,4401,5286,1013,1931,20,18.8,211,741,180,51,1037,475,1026,490,301,211,226,53,241,447,206,302,251,617,8,15980,1634,4959,7633,3553,460,15978,540,252,8444,345,90,464,292,9632,49,1,1,319,271,48,1,3,1,1218,473,437,50,30,107,78,9,3,3,0,0,32.3,80,237,601,149,226,457,39,15
Tijuana,34,43,42.6,501,140,7,8,846,70,11084,14615,4036,4796,5320,6394,1567,2806,23,27.7,368,1121,260,93,1369,575,1346,761,462,329,343,89,297,563,266,314,306,557,12,18697,1763,5530,8687,4741,727,18689,691,315,9865,425,124,675,330,10923,79,4,1,426,391,29,4,5,1,1867,521,550,73,56,171,115,4,5,3,1,1,55.9,185,421,785,113,251,391,18,27
Toluca,34,60,56.5,453,155,9,11,819,106,15757,18875,6361,7094,7347,8218,1789,2829,42,38.0,349,1237,336,57,1516,634,1493,584,368,266,253,65,270,559,289,337,291,544,9,22512,2212,7051,10571,5097,831,22501,574,270,13124,480,155,534,300,15542,77,6,2,381,338,46,9,2,0,1626,365,414,32,42,147,105,9,2,2,0,0,42.6,162,417,1054,140,203,441,23,34
Toronto FC,34,38,39.7,377,128,3,6,679,68,14315,17420,6432,7135,6048,6872,1539,2631,28,32.3,289,1101,269,64,1302,530,1287,534,329,252,217,65,252,445,193,380,293,595,15,21022,2146,7335,9287,4604,741,21016,634,297,11865,404,168,520,299,14185,102,5,5,417,391,69,5,5,1,1583,418,406,57,61,161,101,8,5,5,0,0,57.1,122,388,907,141,235,416,23,45
Twente,34,67,59.7,565,167,3,3,987,116,14631,18551,6265,7209,6527,7497,1490,2824,46,54.4,428,1336,415,82,1655,635,1643,541,323,229,221,91,294,625,331,361,269,517,9,22297,2022,6541,9521,6398,1031,22294,567,245,11958,407,169,523,291,14479,51,3,1,333,365,59,1,6,2,1819,496,584,69,36,129,94,10,6,5,1,0,42.0,134,450,973,165,206,373,21,55
UANL,34,66,51.9,457,152,6,7,814,121,15393,18655,6497,7217,7022,7942,1513,2631,50,34.1,359,1228,303,108,1570,597,1554,582,352,263,256,63,290,580,290,351,301,476,12,22226,2122,6672,10570,5175,734,22219,590,287,12780,412,136,520,345,15231,75,3,0,365,407,58,3,2,2,1730,353,415,71,41,147,108,9,2,2,0,0,39.1,163,416,1159,145,234,418,30,49
UNAM,34,52,49.5,488,149,8,8,859,86,11667,14922,4505,5185,5558,6496,1381,2569,34,32.1,369,1044,255,81,1276,589,1266,606,403,261,289,56,271,598,327,357,266,658,7,18913,1926,5749,9098,4281,678,18905,708,338,9979,430,136,607,287,11552,98,3,0,433,345,44,3,10,2,1757,515,497,32,40,137,97,12,10,8,2,0,39.1,198,466,759,159,308,469,38,53
Union SG,30,63,60.2,476,171,10,11,824,110,11085,14494,4367,5330,4929,5992,1406,2409,42,38.7,367,1044,286,60,1462,627,1444,619,412,261,258,100,330,667,337,404,349,532,11,18435,1581,5351,8426,4892,845,18424,630,260,12217,470,199,570,298,10959,69,2,1,366,340,57,10,3,0,1873,490,458,87,31,90,59,8,3,3,0,0,31.0,159,347,911,123,117,324,21,32
Unión,27,25,28.5,342,92,3,3,591,42,7690,10824,2631,3314,3713,4600,1209,2328,16,20.0,242,757,209,80,971,337,959,501,321,230,209,62,239,468,229,274,268,561,1,13970,1293,4397,6313,3412,484,13967,417,188,6780,272,60,488,241,7604,64,4,2,294,274,40,3,7,0,1169,480,482,54,26,97,70,12,7,6,1,0,27.5,130,378,509,115,216,371,21,21
Utrecht,34,48,47.3,448,151,1,1,803,81,11848,15721,4768,5602,5411,6542,1405,2698,33,37.1,344,1043,299,90,1403,552,1392,573,359,275,228,70,287,577,290,362,246,726,9,19513,2199,6055,8874,4759,772,19512,500,238,10249,363,130,570,263,11744,47,2,1,362,345,49,1,6,1,1670,498,488,58,47,162,115,8,6,5,1,0,48.7,180,489,912,157,256,464,44,33
Vancouver W'caps,34,50,50.7,425,140,2,3,754,83,14034,17006,4980,5524,7081,7922,1775,2896,36,40.5,326,1122,290,105,1258,442,1251,498,306,223,211,64,228,451,223,367,298,711,11,20379,2222,6718,9131,4693,736,20376,391,179,11748,365,99,453,209,13959,67,3,2,338,329,56,2,6,2,1403,432,414,49,49,138,90,7,6,5,1,0,50.3,137,394,804,100,206,472,21,18
Vasco da Gama,38,42,37.5,437,136,1,3,785,75,13749,17265,6044,6838,5733,6669,1626,2786,32,30.3,330,1168,255,98,1330,549,1325,731,485,371,289,71,347,677,330,415,351,891,14,21416,2245,6913,10080,4645,586,21413,578,286,11503,442,95,525,344,13630,94,7,2,470,433,60,3,0,0,1569,569,524,28,56,203,147,8,0,0,0,0,61.2,178,448,740,165,308,602,30,15
Venezia,38,69,59.2,517,158,5,6,918,112,15126,19038,5840,6772,7356,8426,1700,3035,45,42.2,395,1194,319,95,1488,673,1477,483,305,249,166,68,228,440,212,425,287,750,12,23067,2431,7734,10330,5208,854,23061,525,228,12846,467,138,581,262,15010,68,5,3,476,435,52,4,7,1,1826,551,571,55,46,134,88,12,7,6,1,0,41.7,146,406,1021,184,254,548,17,24
Vitesse,34,29,38.0,447,145,1,1,780,49,12139,15826,5123,5955,5278,6205,1448,2808,24,32.6,339,983,237,64,1210,590,1192,527,321,275,182,70,238,517,279,386,302,636,11,19818,2463,6919,8644,4476,764,19817,684,307,10718,390,186,585,290,11975,62,5,3,400,318,50,0,7,1,1668,574,520,34,74,225,150,3,7,5,2,0,70.4,235,698,1137,153,262,450,18,25
Vitória,72,93,89.8,908,281,12,15,1602,158,23099,30100,9726,11257,10214,12220,2577,4918,62,57.6,664,1888,495,189,2528,997,2506,1161,726,582,464,115,605,1174,569,785,637,1555,17,38086,4025,11893,17668,8896,1302,38070,1172,525,20171,746,194,1108,598,22886,197,9,1,929,885,134,12,10,3,3270,1208,1152,118,90,290,202,19,10,8,1,1,90.2,325,891,1604,233,519,1135,58,54
Vizela,34,34,41.0,420,134,2,4,746,58,12050,15405,5678,6410,4782,5659,1248,2445,25,29.9,317,993,251,93,1244,462,1234,521,312,262,198,61,257,536,279,384,266,766,8,19292,2145,6415,8607,4472,618,19288,547,248,10276,358,109,593,317,11912,82,5,3,503,470,54,4,6,2,1578,508,523,56,66,161,97,8,6,5,0,1,54.1,163,435,846,122,288,582,25,46
Volendam,34,33,37.0,341,116,1,1,583,55,9415,12951,3660,4370,4245,5173,1326,2762,22,24.5,257,776,163,57,936,510,928,613,367,358,195,60,322,665,343,410,299,862,11,16966,2567,6618,6943,3572,561,16965,566,270,8446,372,108,504,265,9277,58,3,2,318,257,54,1,1,0,1510,568,576,61,88,273,185,2,1,1,0,0,84.1,250,753,1192,178,295,556,45,43
Vélez Sarsfield,27,37,39.6,337,110,5,6,584,58,8885,12123,3852,4632,3707,4682,1070,1979,23,24.6,246,793,214,45,1201,508,1186,488,295,235,197,56,223,431,208,308,237,627,6,15475,1522,4780,6967,3910,548,15469,530,238,7550,348,100,550,290,8790,56,4,1,289,344,45,3,3,1,1357,432,489,68,16,80,64,16,3,2,1,0,18.7,100,302,603,144,214,356,16,22
Watford,46,61,53.8,616,186,1,1,1093,100,18473,23331,7254,8334,8627,10035,2199,3899,45,41.0,486,1470,369,96,1867,828,1850,757,482,382,300,75,398,735,337,519,431,851,18,28456,2985,9619,12531,6567,971,28455,838,388,15728,563,237,791,404,18288,104,3,1,581,468,76,0,7,3,2259,626,659,64,60,198,137,14,6,2,4,0,61.8,123,466,1725,228,129,580,28,77
West Brom,46,68,61.9,528,155,5,5,939,115,19065,23670,8658,9670,8348,9687,1661,3194,45,43.4,402,1315,321,116,1693,854,1673,587,364,279,223,85,287,560,273,469,388,863,13,28422,2958,9482,12477,6702,891,28417,782,340,15777,582,185,719,400,18813,79,1,1,377,464,81,4,7,0,1984,721,593,26,47,148,98,18,7,3,3,1,46.9,138,492,1443,198,218,589,32,57
Westerlo,30,41,41.0,358,112,8,8,647,69,10860,14187,4163,5106,4948,5886,1415,2448,23,23.5,258,849,213,56,1184,487,1168,536,345,265,211,60,250,506,256,401,333,644,12,17773,2137,6115,7981,3917,533,17765,551,262,11963,398,111,528,265,10733,64,2,1,335,307,52,7,3,2,1577,439,432,62,54,155,103,5,3,3,0,0,48.6,142,389,948,125,209,428,24,27
Zwolle,34,45,44.0,427,160,2,2,764,77,12385,15989,5068,5930,5656,6630,1411,2653,31,31.8,322,912,256,88,1239,520,1229,558,351,318,182,58,314,614,300,358,312,849,10,19897,2822,7530,8507,4006,636,19895,447,213,10616,394,116,499,252,12275,67,2,1,366,277,57,2,10,4,1591,526,540,48,67,196,131,5,10,8,2,0,64.0,256,666,1192,198,262,585,38,36
ar Estudiantes–LP,6,7,7.0,94,28,0,0,172,11,2641,3265,1115,1269,1240,1422,253,473,7,5.5,74,234,65,21,340,101,336,149,94,61,62,26,79,139,60,47,38,78,1,3894,243,922,2003,1004,148,3894,114,65,2195,89,21,111,45,2632,18,0,0,74,75,4,0,0,1,285,85,81,27,9,20,12,0,0,0,0,0,7.2,6,32,107,22,35,56,1,3
ar River Plate,12,17,17.6,203,66,0,0,351,31,4505,5845,2030,2365,1916,2300,431,813,15,13.0,147,461,101,23,562,191,554,228,151,95,102,31,109,210,101,137,113,215,1,7287,522,1829,3549,1984,266,7287,249,102,3796,152,40,212,135,4461,24,1,1,154,158,16,0,1,0,602,212,213,37,8,28,20,7,1,1,0,0,8.7,39,93,197,58,75,139,7,4
ar Rosario Central,6,8,8.1,86,24,0,0,146,12,1852,2489,840,976,719,889,232,460,4,4.6,64,153,35,15,196,91,194,158,85,80,61,17,83,142,59,61,59,96,2,3177,247,900,1551,755,103,3177,110,53,1504,64,18,93,61,1837,13,0,0,75,83,4,0,0,0,297,82,108,37,7,21,14,1,0,0,0,0,6.5,23,88,92,9,48,68,6,2
ar San Lorenzo,8,7,7.5,92,24,0,0,156,11,1795,2623,846,1020,679,914,207,507,6,3.4,56,136,33,11,197,102,195,139,84,57,66,16,76,154,78,92,57,156,4,3501,347,1150,1586,816,109,3501,148,66,1577,74,21,129,72,1771,28,1,0,116,102,12,0,1,0,345,122,120,54,8,28,20,2,1,1,0,0,7.4,24,103,125,13,52,96,3,1
ar Talleres,8,11,7.2,110,28,0,0,195,19,2528,3259,1171,1344,1026,1232,276,520,8,5.5,86,203,54,16,256,93,254,173,100,83,75,15,85,164,79,89,78,152,3,4196,401,1289,2029,932,115,4196,164,78,2154,90,15,130,70,2509,22,2,0,102,86,9,0,2,0,385,115,96,31,9,24,15,2,2,2,0,0,8.2,53,118,160,14,53,110,5,3
bo Bolívar,8,12,11.1,125,46,1,2,233,22,2998,3692,1233,1398,1417,1621,291,493,8,8.5,93,238,65,20,337,109,334,112,66,55,43,14,57,126,69,86,54,152,8,4591,549,1543,1956,1130,133,4589,170,81,2477,89,19,133,63,2974,12,2,0,90,73,14,2,1,0,302,100,101,36,11,49,38,2,1,1,0,0,13.2,19,57,235,40,76,99,7,15
bo The Strongest,8,9,8.8,90,25,2,2,154,15,2401,3169,1077,1230,973,1189,248,518,6,6.2,68,173,43,20,246,109,244,135,96,67,57,11,62,135,73,77,53,225,2,4099,518,1402,1910,832,109,4097,120,50,2091,88,13,139,62,2379,16,1,0,76,66,9,0,0,0,335,90,108,30,10,48,38,5,0,0,0,0,10.9,37,116,139,41,94,165,5,5
br Atlético Mineiro,13,22,17.7,177,58,0,1,313,36,6563,7772,2928,3197,2889,3240,578,970,16,14.2,135,527,97,33,589,224,585,212,130,96,82,34,98,181,83,128,106,260,3,9145,720,2481,4552,2171,224,9144,230,101,5326,194,28,217,114,6513,33,0,0,160,129,25,0,1,0,565,212,164,33,11,34,23,6,1,1,0,0,12.9,41,111,334,49,79,159,10,23
br Botafogo (RJ),13,21,18.8,156,47,1,1,276,36,4364,5513,1917,2142,1848,2162,477,932,15,10.4,126,347,88,15,441,170,438,190,117,96,71,23,92,172,80,131,119,347,2,6977,827,2274,3342,1424,214,6976,212,90,3754,119,50,210,113,4327,39,4,1,166,136,20,1,2,0,496,220,211,62,14,38,24,4,2,1,0,1,11.8,51,182,301,42,129,239,8,7
br Flamengo,10,12,15.6,157,45,1,1,276,21,4131,5174,1868,2140,1768,2060,396,715,7,12.1,114,391,123,27,502,212,497,159,102,70,64,25,70,155,85,102,69,145,1,6222,535,1617,2981,1681,279,6221,213,111,3379,141,46,165,91,4083,16,1,0,101,116,15,1,0,0,457,148,124,28,6,35,29,5,0,0,0,0,7.1,44,136,299,55,82,112,2,7
br Fluminense,10,13,7.5,102,29,1,1,176,22,4736,5488,2350,2519,1920,2092,300,569,10,5.9,72,357,55,19,372,135,370,159,107,64,73,22,65,148,83,94,66,211,4,6525,562,1942,3273,1368,141,6524,213,108,3693,118,28,146,108,4708,33,0,0,97,118,15,0,2,0,395,99,100,43,10,38,27,3,2,1,1,0,12.8,15,67,168,38,64,130,4,12
br Grêmio,8,10,10.7,98,33,1,1,180,17,2484,3218,1101,1254,1008,1218,274,534,5,7.1,66,202,58,12,261,138,256,134,83,69,54,11,66,123,57,96,64,177,1,4195,447,1294,1869,1086,190,4194,207,100,2159,107,42,174,100,2445,20,2,1,87,95,5,0,1,0,343,109,115,35,8,31,23,3,1,1,0,0,8.3,35,104,140,23,70,134,4,2
br Palmeiras,8,17,11.5,114,41,2,2,200,28,2751,3544,1143,1327,1129,1317,413,717,13,8.5,89,261,70,22,328,114,324,138,86,78,51,9,72,140,68,65,58,133,1,4416,370,1325,2096,1036,153,4414,173,68,2292,95,16,127,60,2727,15,0,0,100,108,19,1,0,0,328,155,124,73,9,28,19,2,0,0,0,0,6.9,25,90,164,33,68,76,3,10
br São Paulo,10,13,13.8,125,38,1,2,233,22,4634,5473,1901,2094,2163,2411,483,732,7,8.4,98,324,76,27,403,157,401,164,96,69,70,25,67,144,77,91,66,202,7,6549,573,2016,3292,1301,198,6547,207,94,3667,126,32,167,79,4589,22,1,1,112,112,18,1,0,0,433,158,118,34,4,27,23,7,0,0,0,0,5.9,53,101,217,47,78,133,3,6
cl Cobresal,6,3,4.4,54,10,1,1,94,5,1661,2191,674,795,735,880,222,407,2,3.6,46,161,21,12,171,71,170,97,62,58,32,7,57,116,59,67,42,118,2,2769,326,928,1286,575,63,2768,74,35,1349,57,10,87,53,1650,11,0,0,51,61,10,0,1,0,217,69,76,57,11,34,23,0,1,1,0,0,11.4,39,101,112,22,60,87,4,1
cl Colo-Colo,10,8,9.5,115,31,1,1,201,13,4244,5314,2085,2355,1702,2016,367,674,5,6.8,84,358,59,15,371,150,368,162,99,73,62,27,73,154,81,114,83,183,6,6375,517,1821,3157,1439,155,6374,173,83,3536,129,20,166,107,4211,37,4,3,125,87,12,1,0,0,452,146,147,28,8,27,19,3,0,0,0,0,8.3,43,118,282,42,83,101,9,11
cl Huachipato,6,6,5.9,77,28,0,0,128,10,1875,2610,781,967,791,1008,264,507,5,4.8,55,185,49,19,244,76,242,109,64,61,33,15,55,132,77,66,49,163,2,3303,399,1141,1428,766,119,3303,111,49,1444,53,13,89,47,1858,20,1,1,73,47,9,0,1,0,286,109,109,23,9,24,15,2,1,1,0,0,9.3,29,86,142,22,48,100,0,8
cl Palestino,6,6,7.0,73,28,0,0,115,7,1466,2080,624,749,592,743,223,465,3,4.0,44,115,26,12,127,60,127,99,62,34,52,13,48,128,80,89,52,123,3,2742,383,1003,1217,557,101,2742,91,51,1309,46,15,95,53,1450,19,1,1,67,46,14,0,2,2,286,57,92,36,11,36,26,1,2,1,1,0,11.1,42,114,120,8,66,89,7,5
co Junior,8,8,11.8,77,17,2,3,136,13,2764,3493,1189,1325,1189,1367,314,610,5,6.5,53,228,44,14,252,104,250,138,78,81,44,13,69,134,65,82,72,193,2,4350,515,1579,2037,778,117,4347,140,77,2427,92,25,131,43,2740,18,1,0,72,82,15,1,1,0,327,110,125,26,7,33,26,2,1,1,0,0,9.1,37,116,189,31,75,132,9,2
co Millonarios,6,6,8.7,103,31,1,1,180,9,1932,2540,909,1051,742,920,216,402,4,4.8,78,195,46,21,204,77,203,120,71,51,58,11,63,124,61,63,62,75,2,3217,258,859,1622,768,115,3216,119,73,1721,71,16,111,47,1918,10,2,0,60,51,14,0,1,1,281,88,76,28,12,29,18,0,1,1,0,0,11.8,24,73,98,16,49,48,4,1
ec Barcelona,6,6,6.6,71,18,2,2,126,9,2150,2670,927,1056,955,1118,221,376,3,3.4,49,174,45,15,210,80,207,102,61,42,48,12,46,99,53,65,51,96,1,3326,331,1038,1623,702,120,3324,108,56,1846,61,18,101,77,2138,16,0,0,77,62,5,1,1,0,278,56,101,33,9,19,10,1,1,1,0,0,5.0,27,61,138,18,55,81,2,0
ec Independiente,6,8,7.8,85,28,1,1,149,16,2822,3364,1205,1336,1238,1393,307,472,7,5.4,67,229,47,15,259,102,255,92,60,51,24,17,43,86,43,43,40,77,0,3916,275,1011,2092,843,116,3915,106,52,2175,69,28,97,34,2796,13,0,0,69,73,8,1,1,0,238,72,83,48,9,13,4,1,1,1,0,0,6.6,17,41,139,14,33,61,1,8
ec LDU de Quito,6,6,7.9,97,25,1,1,168,7,1938,2536,821,925,788,959,289,507,2,5.9,75,180,57,25,213,93,213,74,47,22,40,12,34,78,44,68,44,71,3,3123,244,802,1499,854,133,3122,103,46,1491,78,13,102,45,1920,13,0,0,65,52,13,1,2,0,251,87,80,36,6,18,12,2,2,1,0,1,6.4,27,53,82,22,53,43,3,2
pe Alianza Lima,6,5,4.7,78,25,0,0,127,6,1316,1878,572,678,539,699,167,383,4,3.4,57,113,38,15,164,66,163,98,62,55,36,7,56,116,60,60,61,144,1,2534,309,904,1096,560,101,2534,99,56,1129,42,12,86,52,1303,16,0,0,77,76,11,0,0,0,254,95,86,54,7,20,13,1,0,0,0,0,5.3,29,81,112,20,41,89,2,3
pe Universitario,6,5,3.7,65,14,0,0,112,6,1572,2162,720,831,604,783,206,418,3,2.4,51,138,31,16,158,58,155,112,70,50,51,11,65,119,54,53,38,96,1,2745,239,742,1411,611,77,2745,70,35,1364,40,11,104,53,1557,15,1,1,73,67,7,0,0,0,260,90,103,36,9,17,8,0,0,0,0,0,8.6,35,82,85,14,47,76,8,3
py Cerro Porteño,6,4,3.3,62,18,0,0,96,8,1382,1993,533,672,573,733,222,452,4,3.3,37,136,38,16,147,68,146,109,74,61,36,12,45,104,59,79,42,128,3,2620,286,942,1155,556,79,2620,75,36,1128,41,9,87,48,1375,20,2,1,89,71,11,0,1,0,258,81,83,28,5,22,17,2,1,1,0,0,6.3,41,103,113,14,48,77,4,3
py Libertad,6,7,7.0,69,15,0,1,120,13,2462,3107,1155,1319,962,1139,267,465,7,6.3,53,195,50,20,225,81,221,104,55,53,41,10,48,102,54,58,57,127,0,3785,368,1176,1831,810,112,3784,89,45,1920,75,9,100,60,2439,15,0,0,69,57,11,0,0,0,290,115,106,25,8,28,20,1,0,0,0,0,9.3,38,80,154,17,52,76,1,4
uy Liverpool,6,6,3.6,64,16,0,0,99,7,1371,1969,591,696,574,742,188,440,1,1.3,32,131,14,2,148,56,148,106,77,57,44,5,68,114,46,63,38,129,4,2642,353,960,1215,502,50,2642,118,60,1217,44,12,90,52,1363,16,2,0,77,74,8,0,1,0,259,66,90,54,14,41,27,1,1,1,0,0,12.1,17,77,137,21,37,103,3,5
uy Nacional,8,8,12.5,114,28,1,1,189,13,2545,3405,1121,1302,1052,1293,299,604,6,8.7,81,252,63,21,329,109,324,136,80,41,66,29,62,117,55,83,64,111,2,4220,308,1093,2053,1136,177,4219,126,58,2356,85,16,141,61,2524,26,0,0,107,86,12,0,0,0,366,144,139,32,9,26,17,3,0,0,0,0,8.7,21,56,116,32,42,72,5,2
uy Peñarol,12,20,13.8,152,49,0,0,268,35,2934,4198,1308,1582,1121,1476,371,826,15,8.9,92,268,91,35,413,114,405,209,133,97,89,23,103,194,91,135,118,269,3,5620,588,1814,2495,1376,201,5620,178,71,2518,101,18,214,107,2902,28,1,0,132,168,18,0,1,0,553,179,171,59,12,46,34,6,1,1,0,0,13.1,42,170,196,39,101,182,15,11
ve Caracas,6,3,2.6,43,12,0,0,70,5,1410,1985,644,770,565,730,168,380,2,1.1,31,98,10,1,127,60,123,103,65,64,29,10,46,98,52,70,50,141,0,2682,388,1100,1157,453,48,2682,111,41,1226,50,14,93,53,1400,7,2,0,77,64,14,0,0,0,251,71,73,44,19,40,21,0,0,0,0,0,12.7,24,81,92,23,73,123,1,2
ve Dep Táchira,6,2,2.9,31,9,0,0,53,4,1758,2347,804,937,734,889,189,411,2,2.3,23,122,18,4,171,51,167,110,68,72,35,3,52,112,60,58,60,168,0,3023,410,1200,1455,408,38,3023,111,57,1565,42,9,101,51,1743,12,2,0,71,67,16,0,1,0,239,96,111,54,11,35,23,0,1,0,1,0,15.7,38,107,116,30,75,123,9,2
