Team,Average Age,Matches Played,Goals,xG,Shots,Shots on Target,Penalties Scored,Penalties Attempted,Shot Creating Actions,Goal Creating Actions,Passes Completed (Total),Passes Attempted (Total),Passes Completed (Short),Passes Attempted (Short),Passes Completed (Medium),Passes Attempted (Medium),Passes Completed (Long),Passes Attempted (Long),Key Passes,Passes into Final Third,Passes into Penalty Area,Crosses into Penalty Area,Progressive Passes,Progressive Carries,Progressive Passes Received,Tackles,Tackles Won,Tackles Defensive Third,Tackles Middle Third,Tackles Attacking Third,Challenges Tackled,Challenges Attempted,Challenges Lost,Blocks,Interceptions,Clearances,Errors,Touches,Touches Defensive Penalty Area,Touches Defensive Third,Touches Middle Third,Touches Attacking Third,Touches Attacking Penalty Area,Live-Ball Touches,Take-Ons Attempted,Successful Take-Ons,Carries,Carries into Final Third,Carries into Penalty Area,Miscontrols,Dispossessed,Passes Received,Yellow Cards,Red Cards,Second Yellow Cards,Fouls Committed,Fouls Drawn,Offsides,Penalties Won,Penalties Conceded,Own Goals,Ball Recoveries,Aerial Duels Won,Aerial Duels Lost,Goals Against,Shots on Target Against,Saves,Clean Sheets,Penalty Kicks Attempted,Penalty Kicks Allowed,Penalty Kicks Saved,Penalty Kicks Missed,Post-Shot Expected Goals,Launched Passes Completed,Launched Passes Attempted,Passes Attempted (GK),Through Balls,Goal Kicks Attempted,Crosses Opposed,Crosses Stopped,Sweeper Actions,Total Aerial Duels,Ball Losses,Progressive Actions (Total),Actions created,Actions in the Penalty Area,Total Duels won,Penaltys Winner,Possession
AZ Alkmaar,24.3,34,68,56.6,478,174,2,2,820,112,15168,18546,6592,7415,6614,7507,1609,2683,361,1232,360,74,1561,656,1548,553,333,225,244,84,279,532,253,375,269,549,6,22329,2213,6732,10204,5596,949,22327,599,288,12758,469,206,557,292,15035,47,2,0,363,303,56,1,4,1,1701,419,508,39,134,96,13,4,4,0,0,40.8,203,437,1089,188,211,400,30,47,927,849,3765,932,1589,612,0,54.5
Ajax,22.4,34,72,65.1,514,208,5,6,951,130,17709,21028,7989,8804,7818,8712,1510,2613,426,1350,413,69,1646,735,1626,533,316,236,216,81,271,526,255,375,293,542,11,24780,2584,7457,11440,6102,1038,24774,683,333,15044,552,242,556,286,17518,44,3,0,282,347,51,4,3,1,1691,466,402,61,164,104,5,3,2,0,1,57.6,205,513,1413,191,239,420,34,50,868,842,4007,1081,1762,587,1,59.6
Alianza Lima,29.8,6,3,3.1,52,18,0,0,84,5,1697,2331,679,830,722,930,249,454,36,171,42,13,222,68,218,95,60,49,39,7,48,122,74,67,67,139,1,3008,336,880,1464,693,108,3008,129,73,1333,59,16,102,50,1680,19,0,0,80,80,5,0,2,1,313,86,113,9,28,19,1,2,1,1,0,10.0,49,109,126,22,61,84,5,11,199,152,508,89,179,108,1,46.79999999999999
Almere City,24.6,34,32,34.7,375,109,3,3,646,60,8594,13273,3770,4806,3330,4571,1202,2983,278,870,237,59,1117,421,1105,623,378,299,236,88,294,602,308,418,328,752,6,17586,2022,5730,7212,4861,702,17583,641,302,7732,289,155,642,331,8482,69,3,1,488,315,51,3,4,1,1947,725,877,59,188,129,10,4,3,1,0,62.4,308,1001,994,91,277,466,31,45,1602,973,2643,706,1153,672,1,44.0
América,27.3,34,67,62.6,464,179,5,7,845,118,15949,18856,7329,8031,6729,7550,1513,2496,367,1395,338,79,1531,680,1517,483,312,234,198,51,227,472,245,319,332,550,11,22343,1937,6482,10891,5196,805,22336,620,307,13178,532,181,488,311,15821,63,3,1,310,342,58,4,1,0,1573,436,420,26,116,90,16,1,1,0,0,36.6,125,342,704,120,278,453,18,13,856,799,3728,963,1403,539,0,55.3
América (MG),29.1,38,42,46.6,510,155,4,6,888,74,11502,15310,5202,6065,4592,5705,1333,2563,395,1045,293,111,1387,638,1368,560,344,272,234,54,266,692,426,459,372,870,8,19683,2157,6158,8825,4982,767,19677,752,361,10719,475,131,570,305,11376,89,10,3,550,460,62,1,8,3,2052,594,526,81,215,135,2,8,5,2,1,72.9,184,427,629,180,307,691,57,35,1120,875,3393,962,1302,610,3,43.0
Anderlecht,26.4,30,56,47.8,397,138,7,7,697,99,12794,16119,4924,5805,5751,6673,1653,2767,302,1054,317,69,1306,469,1294,548,320,255,209,84,251,507,256,350,282,646,10,19626,2213,6364,8478,4985,746,19619,483,212,13865,471,104,519,262,12678,54,2,0,328,359,54,6,4,0,1672,371,390,30,134,103,7,4,3,1,0,38.4,141,330,908,112,243,445,20,19,761,781,3069,796,1236,571,1,53.0
Antwerp,24.7,30,52,51.6,409,140,5,9,721,83,15205,18375,5586,6412,7413,8265,1868,2964,310,1169,313,61,1515,616,1503,537,336,248,224,65,254,517,263,289,277,454,6,21650,2088,6150,10485,5243,859,21641,581,278,15921,567,189,503,263,15062,44,1,1,294,313,52,8,5,1,1601,354,412,27,97,71,12,5,5,0,0,28.3,173,459,1223,152,184,340,36,45,766,766,3634,804,1422,590,0,59.3
Arg Juniors,26.4,35,38,49.3,481,139,6,8,815,62,14010,18185,5872,6811,6082,7311,1687,3015,346,1190,302,88,1647,562,1627,626,407,270,256,100,300,651,351,375,315,593,8,22084,1848,6400,10518,5373,847,22076,683,352,11879,396,132,593,311,13881,85,12,4,448,445,62,6,7,0,2119,643,673,31,101,69,16,7,6,1,0,30.5,110,271,773,137,246,402,10,46,1316,904,3836,877,1369,707,1,58.67428571428571
Arouca,26.2,34,51,47.6,459,157,3,7,793,83,13911,17348,5780,6488,6322,7260,1537,2768,332,1040,217,56,1317,473,1306,530,339,255,204,71,291,604,313,361,262,637,8,20905,2260,7250,9558,4276,558,20898,508,243,10904,352,105,480,255,13805,83,6,2,459,397,55,4,9,1,1611,382,380,50,150,100,5,9,7,1,1,51.4,123,396,1063,214,250,482,40,69,762,735,3096,876,936,630,2,53.7
Arsenal,25.5,27,16,23.0,256,75,2,3,451,29,7558,10886,3174,3924,3215,4162,977,2122,193,706,132,57,878,342,866,501,309,268,187,46,228,535,307,340,254,611,8,14108,1734,5051,6185,3069,387,14105,599,300,6698,266,55,521,254,7478,68,3,1,344,261,46,2,5,1,1702,444,464,34,128,95,5,5,5,0,0,34.8,149,418,636,104,269,457,31,30,908,775,2086,480,631,537,0,46.1
Ascoli,27.9,38,36,35.6,435,131,6,7,738,57,10274,14927,4168,5256,4295,5642,1524,3117,297,993,236,103,1164,488,1144,575,361,265,233,77,290,530,240,409,320,787,9,19075,2009,5894,8480,4913,683,19068,506,202,8763,333,98,623,292,10146,105,10,3,651,581,63,4,9,2,1784,832,797,42,131,90,13,9,6,1,2,43.1,268,635,866,93,269,578,44,27,1629,915,2796,795,1120,651,3,45.4
Ath Paranaense,26.1,46,63,61.0,641,200,6,6,1128,115,15219,19808,6523,7512,6596,7809,1816,3500,486,1269,347,100,1607,682,1593,710,418,321,314,75,341,746,405,526,449,937,8,24935,2722,7876,11729,5599,890,24929,821,418,13162,527,144,651,382,15086,129,5,2,674,590,75,3,7,0,2277,717,735,50,212,159,14,7,4,3,0,59.2,167,589,821,186,399,717,49,27,1452,1033,3882,1243,1481,759,3,47.699999999999996
Atlanta Utd,25.8,34,64,48.7,436,168,2,4,801,109,14829,17769,6308,6998,6385,7160,1729,2704,340,1057,293,55,1384,635,1370,529,310,238,227,64,252,546,294,336,269,570,9,21262,2272,7180,9471,4824,761,21258,721,344,13062,439,168,469,239,14703,73,4,2,409,380,58,1,4,1,1651,359,305,53,126,74,8,4,3,0,1,45.7,171,371,921,132,290,462,23,40,664,708,3389,910,1277,562,1,55.6
Atlas,27.9,34,35,40.8,448,142,2,3,752,63,12572,16008,5273,5970,5568,6480,1503,2867,308,1023,201,76,1119,459,1106,578,348,279,236,63,284,585,301,386,321,617,5,19814,1984,6355,9356,4283,620,19811,534,243,11288,371,100,549,284,12442,91,12,5,377,376,35,2,8,0,1600,533,573,55,144,88,8,8,7,1,0,45.1,176,505,936,116,316,467,21,38,1106,833,2684,815,997,632,1,50.7
Atlé Tucumán,26.9,27,24,27.1,328,92,3,3,558,43,7959,11046,3275,3990,3391,4188,1096,2207,242,797,188,48,893,322,885,514,326,250,221,43,252,556,304,352,239,610,7,14368,1493,4507,6884,3155,461,14365,547,266,7149,256,70,471,240,7897,70,4,1,342,275,45,3,4,1,1590,463,471,27,110,83,11,4,3,1,0,30.2,161,408,424,77,255,448,21,6,934,711,2100,601,767,578,1,46.9
Atlético,28.0,34,54,42.5,460,152,5,7,832,100,14837,17712,6383,7013,6477,7293,1598,2556,346,1093,225,52,1364,586,1353,569,371,283,236,50,271,553,282,365,279,730,15,21447,2474,7571,9708,4356,645,21440,596,293,12522,454,130,472,290,14692,78,5,3,328,387,41,7,5,0,1548,429,367,61,168,107,7,5,5,0,0,54.7,79,225,719,173,319,520,18,25,796,762,3303,932,1052,642,0,53.1
Atlético Mineiro,28.7,46,58,60.2,596,198,6,7,1037,102,18953,23526,8546,9580,8016,9236,1894,3453,426,1589,329,79,1725,824,1711,888,569,420,358,110,437,945,508,481,419,938,4,28727,2809,8305,14242,6484,802,28720,938,486,16598,655,174,716,426,18746,130,6,2,695,580,72,6,3,1,2381,638,721,38,167,130,18,3,3,0,0,48.9,241,622,984,170,386,659,38,50,1359,1142,4260,1139,1384,1006,0,54.056521739130446
Austin,27.9,34,48,42.5,397,139,2,2,687,86,12792,15969,5112,5691,5973,6825,1509,2811,291,958,217,85,1239,503,1234,448,272,227,175,46,217,538,321,349,261,632,14,19258,2402,7008,8257,4171,611,19256,663,329,11403,361,93,399,229,12690,59,2,2,340,363,59,2,3,1,1525,416,460,55,183,129,6,3,3,0,0,55.9,138,440,1096,166,299,521,32,32,876,628,2976,773,1006,489,0,51.2
Bahia,26.9,38,48,50.6,535,164,4,4,933,79,13881,17614,6308,7218,5777,6830,1414,2564,403,1174,305,80,1502,688,1494,692,430,315,299,78,334,745,411,431,400,672,12,21858,2132,6538,10216,5355,748,21854,742,362,12253,539,121,575,305,13734,100,5,3,549,512,54,3,6,1,1939,540,494,53,192,140,9,6,6,0,0,59.4,200,512,884,141,277,466,28,39,1034,880,3684,1012,1254,764,0,49.6
Banfield,27.1,27,18,29.4,306,79,4,6,508,30,6409,9738,2741,3434,2572,3553,934,2132,211,627,149,66,743,329,733,567,370,242,260,65,280,587,307,356,276,580,3,13097,1304,4179,5960,3136,443,13091,532,260,5892,241,53,525,273,6336,73,6,3,331,377,51,5,3,1,1675,605,576,32,103,72,12,3,2,0,1,30.0,123,330,388,81,214,385,14,9,1181,798,1805,538,711,650,1,44.7
Barcelona,29.5,6,7,9.0,70,28,1,3,114,8,1726,2311,732,868,743,917,217,410,47,170,36,14,203,84,198,78,50,40,30,8,37,80,43,71,49,107,0,2932,348,934,1307,730,97,2929,135,61,1461,62,21,96,58,1705,16,0,0,81,82,3,2,3,0,352,83,98,12,29,17,0,3,3,0,0,12.7,18,64,121,26,49,101,11,2,181,154,485,122,168,87,0,45.5
Bari,27.6,38,38,38.5,485,122,4,6,860,59,13275,17031,5189,5994,6149,7197,1669,2962,356,1048,277,107,1332,604,1318,593,390,312,222,59,281,526,245,388,342,669,5,20988,2044,7059,9260,4903,716,20982,663,315,11680,417,137,533,345,13166,105,4,2,542,541,52,3,5,2,1672,509,525,49,141,94,7,5,4,0,1,40.4,106,337,595,175,297,576,28,22,1034,878,3254,919,1237,671,1,50.2
Barracas Central,26.1,27,25,22.5,270,82,4,4,449,41,7605,11088,3280,4053,3175,4115,899,2128,183,658,140,45,884,333,868,506,316,244,201,61,279,580,301,323,279,598,4,14389,1490,4654,6698,3216,403,14385,609,274,6948,256,71,503,307,7521,44,3,2,309,370,28,4,2,1,1769,491,505,30,114,85,11,2,2,0,0,33.0,144,438,626,103,216,424,28,38,996,810,2085,490,659,595,0,49.3
Belgrano,28.3,27,20,24.6,282,93,2,2,487,36,8111,11123,2926,3603,3633,4498,1392,2414,220,812,178,80,975,393,966,473,297,216,215,42,246,542,296,287,246,548,5,14138,1458,4572,6545,3178,400,14135,586,288,7091,281,55,428,269,8030,50,6,2,294,300,38,2,4,1,1536,440,452,26,106,79,13,4,2,2,0,30.7,163,350,619,142,242,423,42,27,892,697,2334,523,713,543,2,48.4
Benfica,26.0,34,76,77.0,581,231,4,6,1046,132,17244,20589,8474,9361,6851,7778,1495,2396,455,1509,424,75,1880,807,1868,657,420,273,270,114,343,657,314,397,298,457,10,24432,1845,6243,11251,7197,1085,24426,773,369,13658,607,241,544,310,17122,67,3,2,391,392,76,5,7,0,1929,382,358,28,113,82,16,7,4,3,0,35.5,65,173,638,136,238,362,18,21,740,854,4555,1178,1825,763,3,59.1
Birmingham City,25.9,46,48,49.1,579,167,2,3,1010,81,13841,18735,5603,6618,6178,7501,1733,3536,434,1019,272,60,1398,751,1386,816,512,397,316,103,390,754,364,653,478,991,18,24358,3186,9359,10021,5242,891,24355,899,392,12294,449,231,787,478,13714,101,3,1,582,476,80,3,0,2,2195,757,742,65,215,152,11,0,0,0,0,59.7,304,867,1305,273,394,700,82,47,1499,1265,3535,1091,1454,902,0,44.1
Blackburn,24.8,46,59,60.9,565,193,0,1,993,101,19583,24775,8905,10110,8277,9699,1931,3631,426,1490,443,63,2022,651,2012,822,513,376,334,112,400,817,417,613,442,898,19,29899,3416,10820,12200,7146,1046,29898,693,334,16135,433,205,704,402,19490,96,5,1,480,413,108,1,6,3,2337,690,622,74,226,154,10,6,4,1,1,66.2,133,518,1388,261,406,612,38,80,1312,1106,4685,1094,1757,913,2,51.6
Boavista,26.0,34,37,36.1,334,106,4,5,593,63,11747,15162,4863,5541,5184,6054,1439,2813,242,841,195,83,1008,411,1000,554,343,279,229,46,281,554,273,348,273,705,15,18742,2038,6825,8514,3559,495,18737,520,223,9582,291,72,530,252,11651,105,8,6,498,452,68,4,6,1,1600,444,427,62,172,111,3,6,4,0,2,58.3,138,424,614,148,318,517,21,24,871,782,2419,656,845,624,2,48.2
Boca Juniors,27.7,40,45,47.6,470,156,0,0,832,85,16738,20891,7652,8661,7108,8221,1605,2957,342,1213,265,82,1564,731,1550,712,445,318,327,67,364,705,341,469,340,628,10,25344,2035,7539,12888,5202,688,25344,977,484,14277,567,134,661,428,16609,115,14,4,461,585,44,0,7,2,2315,493,477,31,138,105,19,7,3,4,0,41.0,139,420,787,176,287,454,28,20,970,1089,3845,917,1169,809,4,57.347500000000004
Bolívar,28.9,10,13,12.4,158,48,0,1,285,25,3104,4068,1346,1538,1296,1589,399,719,127,320,68,22,374,188,370,109,73,48,43,18,52,136,84,98,93,145,2,5093,532,1437,2291,1425,166,5092,192,95,2548,157,26,153,85,3067,29,2,1,123,82,11,0,3,0,527,105,122,13,45,31,3,3,1,1,1,15.1,47,134,194,34,105,118,11,16,227,238,932,310,282,125,2,49.2
Botafogo (RJ),28.5,38,56,50.1,516,168,5,7,923,100,13905,17472,5942,6741,5966,6980,1687,2921,394,1266,261,97,1438,658,1423,617,376,291,259,67,313,673,360,387,412,813,7,21774,2064,6293,10672,5045,710,21767,798,387,12258,488,147,564,314,13797,93,4,1,515,489,41,6,1,1,1859,553,554,37,170,134,15,1,0,0,1,49.9,206,537,786,199,293,582,35,47,1107,878,3519,1023,1215,689,1,48.1
Braga,27.9,34,70,63.7,545,202,5,6,992,119,15375,18817,6381,7127,6919,7798,1696,2966,422,1291,382,112,1678,601,1664,518,313,225,237,56,251,536,285,328,310,593,16,22609,1972,6552,10293,5932,952,22603,586,273,12669,444,149,542,270,15258,80,4,2,410,385,62,3,7,2,1685,461,456,50,127,79,6,7,6,0,1,46.4,151,386,971,151,265,419,24,72,917,812,3943,1111,1595,564,1,56.8
Brescia,26.2,38,41,40.7,479,132,3,3,837,65,12544,16551,5189,6157,5485,6611,1516,2820,350,1060,255,109,1251,552,1243,585,361,294,233,58,280,581,301,479,330,838,7,20861,2346,6977,9302,4795,650,20858,516,218,11165,413,103,594,255,12448,95,2,2,567,518,56,3,8,0,1721,644,662,40,146,103,10,8,4,3,1,38.6,174,441,812,147,321,615,37,16,1306,849,3046,902,1117,641,4,48.3
Bristol City,25.7,46,52,51.7,522,159,7,7,867,83,17301,22755,7332,8338,8061,9635,1662,3770,378,1233,299,83,1523,731,1509,736,447,339,309,88,389,795,406,502,428,826,11,27589,3094,9199,12804,5861,874,27582,684,293,14376,481,188,686,342,17174,71,1,1,446,470,88,4,5,2,2278,741,869,51,188,138,13,5,4,1,0,48.8,231,802,1405,262,337,584,37,73,1610,1028,3763,950,1444,836,1,47.8
CF Montréal,24.4,34,33,37.8,376,125,2,3,653,56,12302,15735,5057,5871,5582,6539,1506,2676,283,993,207,57,1265,511,1253,476,286,227,190,59,216,477,261,352,298,552,14,19159,2029,6512,8648,4179,561,19156,589,272,10879,387,104,540,257,12167,68,3,1,416,360,59,1,3,3,1945,362,422,52,153,104,11,3,3,0,0,48.4,138,392,912,191,266,399,14,55,784,797,3029,709,929,502,0,48.3
Calcio Lecco 1912,27.7,38,34,45.7,508,153,3,6,855,52,11849,16002,4473,5374,5363,6536,1811,3320,361,903,236,97,1139,506,1123,598,368,301,234,63,259,498,239,383,343,793,11,20204,2487,7732,8265,4440,711,20198,536,249,9715,317,102,601,295,11718,101,4,2,551,470,50,2,8,0,1745,717,635,74,197,123,6,8,7,0,1,57.5,237,571,949,168,368,572,23,25,1352,896,2768,907,1146,627,1,46.9
Cardiff City,26.8,46,48,43.6,499,170,2,2,861,83,16255,21236,6834,7932,7032,8425,1982,3787,364,1036,216,77,1312,629,1301,776,492,377,318,81,389,719,330,503,495,967,15,26343,3047,9815,11573,5210,707,26341,764,330,14097,450,184,691,330,16106,81,1,1,436,442,55,1,4,1,2170,822,773,70,195,126,12,4,2,0,2,64.4,269,807,1256,181,377,624,24,29,1595,1021,3242,944,1184,881,2,45.5
Casa Pia,27.6,34,37,29.4,352,115,3,4,613,70,10877,14094,4751,5423,4736,5551,1183,2413,256,877,165,55,985,472,972,499,331,248,189,62,270,560,290,366,286,712,7,17791,2271,6767,7656,3557,481,17787,619,281,9050,306,105,598,271,10780,76,4,2,478,407,67,4,1,0,1585,341,423,50,159,109,10,1,1,0,0,47.6,155,485,830,132,326,562,35,22,764,869,2429,683,806,601,0,43.8
Catanzaro,27.3,38,55,44.1,399,150,3,4,715,97,17440,20869,7684,8512,7922,8873,1495,2652,305,1062,233,66,1318,643,1312,427,251,223,176,28,213,390,177,310,271,776,10,24507,3087,9384,10865,4430,642,24503,498,212,14468,462,130,564,249,17228,92,3,2,442,612,60,3,8,1,1597,411,482,50,172,122,10,8,7,1,0,56.4,169,474,1689,163,312,601,32,27,893,813,3273,812,1071,464,1,57.300000000000004
Cen. Córdoba–SdE,28.8,27,20,25.1,315,91,1,2,541,33,7075,10535,3020,3728,2730,3617,1077,2410,229,703,143,54,855,345,840,510,314,250,221,39,250,564,314,316,266,660,4,13706,1478,4388,6137,3344,382,13704,491,233,6238,265,57,432,273,6987,51,1,1,264,243,59,1,3,1,1610,510,544,30,113,83,9,3,2,1,0,34.3,161,555,457,90,302,457,40,23,1054,705,2040,574,636,564,1,43.8
Cercle Brugge,23.3,30,43,50.9,483,140,2,3,791,65,6972,11706,2836,4104,2905,4446,914,2370,345,912,309,58,1215,378,1199,632,403,277,255,100,327,684,357,467,327,602,8,15895,1278,3894,7009,5202,904,15892,572,279,8084,378,142,719,328,6883,66,3,2,391,355,73,0,1,2,1913,848,895,34,123,90,11,1,0,1,0,39.3,258,711,663,37,180,365,11,54,1743,1047,2792,856,1413,730,1,45.1
Cerro Porteño,28.3,6,5,8.0,75,21,2,2,138,8,2056,2720,963,1116,759,949,256,471,54,174,47,16,214,106,208,132,99,67,54,11,69,142,73,57,50,89,1,3371,296,955,1583,867,112,3369,95,55,1642,84,18,110,39,2030,13,1,0,76,66,9,2,1,1,360,101,83,14,31,18,0,1,1,0,0,11.7,40,91,114,13,46,71,2,3,184,149,528,146,193,168,0,53.70000000000001
Charleroi,25.5,30,26,32.9,326,107,3,4,563,48,10737,14423,4763,5773,4222,5271,1247,2380,252,872,232,69,1210,437,1195,563,368,292,224,47,286,553,267,372,336,622,8,17950,1845,5591,8128,4418,595,17946,489,231,11653,409,110,500,266,10616,58,4,1,359,297,61,3,5,1,1687,512,556,48,150,103,8,5,5,0,0,50.3,190,496,827,147,228,411,45,42,1068,766,2842,611,1006,654,0,47.8
Charlotte,27.2,34,43,37.0,341,108,5,5,605,81,13333,16923,5888,6662,5816,6762,1338,2703,263,1015,296,91,1360,454,1348,417,263,179,182,56,211,516,305,351,271,582,12,20188,2186,6680,9034,4640,657,20183,534,254,10886,353,105,492,232,13234,88,0,0,455,368,44,5,7,2,1902,474,467,52,166,116,7,7,7,0,0,52.6,173,492,1045,125,259,399,19,42,941,724,3162,686,1149,474,0,52.6
Chaves,27.1,34,30,34.3,374,111,5,6,641,46,10054,13419,4192,4877,4215,5065,1389,2716,268,769,157,74,925,414,917,473,282,250,176,47,254,505,251,364,294,730,12,17046,2077,6175,7639,3429,467,17040,534,254,8403,299,67,531,265,9961,103,9,5,457,495,57,4,8,0,1535,482,491,72,184,110,4,8,6,2,0,65.3,224,574,713,170,329,580,35,15,973,796,2256,687,765,536,2,43.8
Chicago Fire,26.5,34,36,38.2,349,108,2,2,614,68,11692,15034,5262,6000,4889,5826,1299,2424,260,917,258,77,1217,510,1211,532,337,283,203,46,242,513,271,410,348,670,14,18622,2094,6544,8280,3965,616,18620,561,291,10055,332,121,518,276,11593,86,6,6,393,430,69,2,11,2,1880,430,445,51,151,102,9,11,10,0,1,48.2,127,379,628,139,270,494,29,43,875,794,2938,682,1072,579,1,46.1
Cittadella,27.1,38,40,41.1,480,139,1,3,815,67,10895,15632,4266,5333,4675,6017,1596,3218,354,961,295,124,1331,541,1320,661,399,314,256,91,339,679,340,480,364,714,4,20094,1941,6093,8637,5605,824,20091,588,242,9713,359,131,691,315,10796,102,2,1,605,523,52,1,5,1,1962,750,744,47,159,113,11,5,5,0,0,43.0,206,472,788,149,265,512,32,27,1494,1006,3192,882,1374,738,0,47.0
Club Brugge,25.7,30,60,60.1,471,169,8,10,837,97,13835,17084,5353,6265,6314,7312,1741,2682,363,1184,319,88,1552,658,1535,481,320,195,207,79,238,469,231,334,263,437,4,20384,1616,5575,9709,5284,908,20374,598,281,14693,495,197,468,290,13691,58,3,3,323,312,49,7,3,0,1644,481,374,29,98,69,10,3,0,0,3,28.3,177,360,883,119,212,277,29,55,855,758,3745,934,1512,558,3,56.8
Colo-Colo,26.6,6,3,9.4,93,31,2,2,156,5,1916,2700,780,965,820,1051,247,500,66,233,45,16,265,116,261,127,78,47,69,11,51,115,64,68,67,117,1,3446,293,892,1680,908,140,3444,126,64,1720,73,29,94,41,1893,13,2,0,89,65,16,2,0,0,408,117,102,5,25,20,2,0,0,0,0,8.2,22,69,129,24,38,74,5,12,219,135,642,161,230,129,0,52.20000000000001
Colorado Rapids,26.5,34,26,37.9,359,128,2,4,646,45,11639,14756,4730,5351,5178,5983,1472,2732,289,931,193,51,1088,489,1076,415,245,212,160,43,197,452,255,318,279,668,8,18039,2191,6570,7866,3768,594,18035,545,271,9933,298,150,465,170,11533,83,4,2,403,320,42,3,3,0,1579,403,441,54,164,110,9,3,2,0,1,50.0,130,385,748,145,310,502,17,47,844,635,2653,691,988,442,1,46.6
Columbus Crew,25.8,34,63,57.7,496,169,7,7,881,108,15996,18983,7679,8447,6774,7600,1215,2072,388,1334,327,66,1703,746,1690,475,286,212,202,61,220,511,291,334,313,429,11,22489,1883,6306,10219,6166,896,22482,819,413,14338,527,222,564,263,15768,61,1,1,384,341,52,5,4,1,1802,249,322,46,142,97,8,4,3,0,1,43.1,74,261,986,191,236,341,13,56,571,827,4139,989,1511,506,1,57.1
Colón,27.1,27,19,25.6,283,92,0,4,485,34,7675,10946,3314,4030,3205,4073,1003,2156,200,636,152,49,829,358,821,528,323,245,226,57,269,586,317,377,274,560,6,14242,1582,4910,6561,2975,464,14238,613,267,7413,279,86,483,250,7581,66,3,2,352,284,53,4,6,1,1681,480,444,33,124,92,7,6,6,0,0,35.1,119,334,515,138,285,426,24,22,924,733,2008,519,751,592,0,47.0
Como,26.5,38,58,50.3,522,177,4,5,911,96,13640,17672,5945,6927,5958,7141,1392,2651,391,1087,312,104,1424,569,1404,515,307,241,203,71,255,463,208,414,342,768,8,21743,2171,7041,9868,5069,753,21738,552,243,12072,426,133,602,305,13494,83,5,1,564,483,56,4,3,1,1818,584,576,40,126,87,13,3,3,0,0,36.4,149,387,885,125,225,552,45,28,1160,907,3397,1007,1302,562,0,50.6
Corinthians,27.4,44,52,49.2,524,179,6,7,923,86,18059,22177,7981,8902,7804,9015,1891,3214,399,1385,265,88,1593,734,1581,706,419,366,262,78,344,796,452,576,378,969,9,27053,3049,9124,12698,5475,750,27046,867,393,15532,520,147,600,266,17935,103,3,0,532,560,69,5,8,1,2087,602,543,54,208,154,13,8,6,1,1,59.6,194,412,878,182,449,747,34,19,1145,866,3908,1009,1250,763,2,49.30454545454545
Coritiba,27.1,38,40,39.3,420,140,8,9,732,68,11817,15457,5201,6076,5037,6008,1315,2576,301,955,211,78,1147,551,1134,683,418,331,282,70,343,731,388,453,385,883,12,19990,2496,7102,8900,4249,556,19981,809,393,10787,416,109,595,326,11717,124,5,3,586,531,62,6,10,2,1901,570,609,73,220,148,6,10,9,1,0,63.1,199,570,880,183,325,685,51,35,1179,921,2832,800,954,761,1,43.9
Cosenza,26.5,38,47,43.9,467,145,4,6,801,83,12557,16577,5154,5984,5534,6676,1568,3062,325,997,260,95,1257,539,1236,543,348,250,236,57,242,538,296,412,311,951,5,20718,2395,7052,9167,4683,692,20712,471,203,10572,381,127,565,266,12419,131,5,2,518,486,57,4,5,1,1667,579,637,42,155,112,11,5,3,2,0,45.0,213,600,1120,157,300,628,41,36,1216,831,3032,884,1174,590,2,49.3
Coventry City,26.0,46,66,63.8,601,189,3,6,1047,110,19310,24079,8743,9880,8462,9801,1641,3252,456,1545,400,88,1964,809,1951,817,489,396,324,97,362,698,336,543,424,902,19,29209,3250,9726,12668,7056,1009,29203,715,309,16189,566,226,807,428,19194,89,3,0,523,526,76,5,3,4,2218,608,671,59,197,142,12,3,3,0,0,52.1,165,476,1239,250,387,638,31,47,1279,1235,4724,1157,1723,851,0,51.3
Cremonese,27.6,38,49,55.6,628,177,5,5,1139,85,15594,19368,6385,7276,7240,8427,1666,2768,477,1349,421,168,1868,841,1849,551,341,250,221,80,273,493,220,393,312,674,9,23448,2226,7149,10083,6441,993,23443,604,289,13213,538,194,577,300,15430,97,8,3,545,428,64,2,3,1,1838,638,580,32,137,105,16,3,2,1,0,34.7,123,355,1013,223,226,507,47,20,1218,877,4558,1224,1776,614,1,55.800000000000004
Cruz Azul,26.6,34,43,52.8,512,157,5,7,885,71,15052,18530,6104,6804,6641,7569,1908,3197,379,1255,317,105,1477,628,1464,520,330,233,238,49,272,617,345,304,275,531,8,21966,1829,6494,10783,4889,763,21959,494,258,12740,447,118,514,305,14844,85,4,0,356,328,62,3,8,1,1736,449,488,43,125,83,10,8,6,0,2,38.6,127,372,926,121,279,405,24,45,937,819,3569,956,1303,602,2,57.6
Cruzeiro,27.8,38,32,48.9,525,162,2,4,936,60,14361,18201,5875,6770,6437,7467,1800,3050,399,1320,298,87,1650,636,1636,614,391,278,257,79,292,615,323,378,336,664,7,22263,2126,6453,10307,5733,682,22260,749,375,12538,490,131,583,291,14213,101,4,2,570,471,71,3,3,0,1941,531,568,32,140,108,16,3,2,0,1,41.4,176,421,930,158,306,490,19,20,1099,874,3922,996,1198,683,1,51.4
Cuiabá,28.1,38,39,38.7,440,131,7,8,781,63,12492,16082,5367,6185,5372,6405,1477,2647,318,1109,231,76,1361,577,1349,645,411,337,237,71,330,771,441,430,295,787,6,20078,2121,6179,9388,4728,595,20070,637,337,10754,451,112,583,293,12350,91,3,3,473,564,77,7,4,2,1824,613,494,39,151,114,13,4,4,0,0,44.2,192,424,708,148,289,590,38,15,1107,876,3287,844,1014,741,0,43.7
D.C. United,28.4,34,44,45.8,456,148,2,2,785,70,11789,15288,5230,6036,4930,5888,1364,2550,339,1025,301,82,1263,482,1249,568,362,259,238,71,281,613,332,338,302,589,15,18782,1994,6256,7895,4818,844,18780,596,300,9991,359,145,435,270,11672,70,2,1,463,408,74,2,5,1,1795,622,395,49,139,91,11,5,5,0,0,46.8,312,704,1359,150,263,467,37,125,1017,705,2994,855,1372,643,0,49.5
Defensa y Just,26.3,27,35,36.0,353,120,4,4,633,61,8700,11698,3397,4024,3858,4697,1255,2276,274,770,219,61,1066,478,1059,493,289,235,208,50,231,542,311,341,266,637,7,14971,1733,5339,6296,3533,486,14967,656,326,7864,331,98,471,238,8610,70,6,2,321,257,60,3,1,0,1656,406,375,23,115,92,14,1,1,0,0,29.7,129,314,719,96,278,503,31,12,781,709,2603,694,864,520,0,50.1
Estoril,24.3,34,49,39.2,391,135,2,2,675,85,12142,15367,4855,5565,5628,6507,1408,2554,281,875,203,51,1060,570,1052,538,335,249,228,61,261,539,278,359,269,687,18,19136,2095,6711,8676,3943,631,19134,691,313,10553,444,125,526,287,12048,77,5,0,459,412,54,0,3,3,1489,367,478,58,167,111,10,3,2,1,0,52.8,95,336,708,182,329,482,15,38,845,813,2682,760,1010,596,1,48.7
Estrela,27.2,34,29,38.6,369,105,1,1,631,50,11061,14750,4434,5279,5054,6040,1371,2681,281,777,219,67,1057,405,1046,574,381,265,242,67,314,582,268,390,281,709,9,18594,2114,7050,8013,3740,608,18593,590,262,9084,284,113,567,269,10973,76,7,3,419,419,81,0,4,1,1685,527,490,53,148,95,7,4,2,1,1,51.1,126,361,848,175,285,473,37,48,1017,836,2508,681,1007,695,2,47.0
Estudiantes–LP,28.8,27,35,33.3,381,117,0,2,672,58,9798,13036,4094,4821,4283,5238,1206,2319,276,912,231,77,1171,397,1160,484,308,221,214,49,230,522,292,293,233,544,7,16038,1347,4599,7865,3732,542,16035,467,254,8419,309,60,464,217,9713,56,0,0,325,336,35,1,5,1,1721,501,487,24,76,52,11,5,4,1,0,22.0,106,304,518,133,214,367,22,11,988,681,2728,730,910,538,1,53.2
Eupen,25.4,30,24,28.8,297,95,1,1,508,41,10219,13665,4021,4860,4634,5618,1226,2417,217,722,157,48,976,410,967,543,342,292,190,61,258,549,291,388,320,729,17,17166,2293,6572,7497,3269,461,17165,433,184,11227,338,101,465,249,10117,56,2,1,392,306,74,1,6,4,1520,376,487,58,167,112,5,6,4,1,1,52.5,110,369,789,153,329,476,21,32,863,714,2353,549,767,600,2,44.7
Excelsior,23.2,34,48,45.7,377,137,1,1,659,83,11216,14901,4234,5005,4908,5804,1826,3348,297,911,220,76,1037,574,1026,602,373,345,195,62,283,567,284,418,351,819,12,18982,2682,7586,7652,3947,601,18981,620,310,9995,366,167,522,277,11096,51,4,1,279,273,42,1,2,1,1640,488,538,73,204,132,6,2,2,0,0,60.6,332,944,1283,186,294,545,42,20,1026,799,2637,742,1064,656,0,45.6
FC Cincinnati,26.3,34,56,56.3,439,155,8,9,775,94,12208,15462,5266,6027,5270,6196,1350,2418,346,1002,264,52,1241,504,1229,542,366,271,203,68,251,542,291,401,346,676,10,19270,1977,6200,8803,4476,768,19260,660,316,10250,368,169,511,282,12121,79,5,4,422,429,53,6,5,2,1911,491,372,39,126,89,12,5,5,0,0,36.0,139,367,580,145,269,458,21,22,863,793,2974,869,1253,617,0,48.8
FC Dallas,25.8,34,41,37.8,340,115,1,1,607,75,13135,16363,6193,6896,5436,6320,1200,2351,268,924,240,63,1150,495,1143,481,282,246,175,60,248,569,321,359,312,682,6,19709,2307,6960,8766,4150,633,19708,511,277,11028,366,127,489,242,13022,69,2,0,384,366,59,1,3,4,1654,392,410,37,140,106,7,3,1,1,1,35.5,148,451,862,132,307,483,13,46,802,731,2788,682,1063,530,2,48.8
FC Juárez,28.0,34,42,35.6,446,132,6,6,780,73,11744,15129,4614,5251,5373,6334,1527,2783,333,971,202,67,1184,549,1173,562,340,291,219,52,264,589,325,335,341,700,9,19027,2058,6234,8873,4149,591,19021,616,289,10505,436,118,592,209,11600,88,4,1,394,369,52,5,5,1,1717,444,467,60,163,103,2,5,4,1,0,54.1,133,408,731,142,318,525,17,16,911,801,2906,853,978,604,1,47.9
Famalicão,23.4,34,37,35.8,446,118,3,5,770,64,11238,14426,4055,4718,5130,5967,1838,3025,316,822,207,107,976,507,968,548,360,286,197,65,270,534,264,372,299,687,7,18291,2235,7434,7356,3716,598,18286,690,342,9939,357,107,544,279,11142,104,9,3,513,551,77,4,8,2,1546,550,449,41,149,107,8,8,3,3,2,49.2,177,428,891,212,266,477,48,49,999,823,2451,834,1019,630,5,47.1
Farense,28.3,34,46,44.3,389,142,5,7,645,75,9386,13093,3328,4026,4425,5375,1464,3009,260,769,185,72,944,406,932,515,318,274,199,42,244,519,275,472,332,1004,5,17135,2595,6848,7046,3391,507,17128,454,209,7767,277,97,469,187,9306,79,6,3,472,413,58,4,7,1,1513,601,653,51,192,141,7,7,6,1,0,62.6,198,646,719,142,385,734,43,18,1254,656,2282,720,861,562,1,42.4
FeralpiSalò,26.1,38,43,39.7,465,139,4,4,821,77,11704,15861,4833,5820,5223,6369,1442,2910,342,938,259,96,1242,597,1232,530,333,292,191,47,239,465,226,430,364,782,5,20069,2231,6772,8840,4697,737,20065,685,298,9933,386,152,591,317,11605,82,4,2,481,499,48,2,9,1,1801,692,629,65,167,102,4,9,8,1,0,53.1,273,705,889,127,352,606,26,22,1321,908,3071,898,1244,572,1,45.8
Feyenoord,24.0,34,90,93.1,694,253,4,7,1275,151,17206,20703,7894,8809,7654,8681,1258,2221,554,1651,496,69,2088,924,2075,580,344,237,238,105,262,502,240,352,255,467,8,24653,1672,6007,11485,7370,1359,24646,776,395,14844,609,318,561,351,17021,35,1,0,303,352,68,7,1,0,1874,504,368,26,85,59,17,1,1,0,0,26.4,128,331,1255,149,159,312,39,91,872,912,5087,1426,2242,606,0,61.8
Flamengo,26.7,46,68,63.099999999999994,586,203,8,9,1080,124,22451,26515,10743,11772,9336,10430,1844,3045,467,2064,472,89,2386,897,2366,748,485,328,321,99,358,822,464,451,346,797,12,31325,2529,8192,15274,8144,1058,31316,1008,511,19232,767,182,655,391,22222,105,6,1,594,610,62,9,7,0,2316,555,482,50,200,149,18,7,6,1,0,52.3,172,452,1390,216,308,614,30,49,1037,1046,5649,1204,1801,843,1,58.30434782608695
Fluminense,29.1,51,75,68.9,714,268,3,5,1287,136,25662,29999,13629,14721,9319,10394,1781,3031,553,1936,428,115,2155,1065,2143,735,458,318,311,106,367,758,391,536,361,844,13,35395,3756,11499,15852,8348,1046,35390,1248,650,22059,755,223,749,463,25473,160,12,6,660,736,104,4,7,1,2456,571,598,59,212,154,15,7,6,0,1,65.7,66,201,1072,252,423,728,52,37,1169,1212,5363,1423,1812,825,1,60.93921568627451
Fortaleza,29.7,38,44,51.5,540,181,5,7,947,73,12720,16374,5512,6267,5433,6487,1452,2696,388,1191,283,92,1451,695,1444,672,420,314,282,76,333,763,430,430,352,732,8,20510,1819,5635,10148,4982,761,20503,733,375,11470,482,162,475,308,12601,97,1,1,519,533,84,5,7,2,1878,568,532,44,160,116,10,7,3,2,2,44.4,141,410,582,165,295,530,35,9,1100,783,3590,1020,1298,753,4,46.6
Fortuna Sittard,26.8,34,36,44.7,471,151,3,7,814,60,9749,13539,3896,4717,4250,5280,1300,2725,331,823,267,114,1097,547,1089,627,379,323,225,79,321,626,305,408,334,619,4,17477,1947,5954,7389,4346,758,17470,634,285,8619,366,118,502,250,9645,58,3,1,369,315,40,6,2,2,1778,646,554,56,151,97,9,2,2,0,0,49.4,194,615,815,107,263,462,44,32,1200,752,2733,874,1257,700,0,43.2
Genk,24.0,30,49,59.3,491,162,2,5,872,79,11988,15285,4643,5529,5379,6345,1513,2509,384,1195,310,74,1597,557,1580,499,309,223,192,84,208,417,209,335,287,558,7,18822,1911,5385,8372,5264,889,18817,649,311,12896,427,203,549,317,11850,64,6,3,365,354,75,4,3,0,1662,465,449,31,116,84,10,3,2,1,0,34.5,160,437,883,117,211,414,33,20,914,866,3734,951,1476,517,1,53.9
Gent,26.4,30,50,49.7,435,161,4,6,762,79,12627,16246,4737,5742,5689,6723,1836,2982,321,1120,321,75,1409,614,1387,582,377,271,236,75,297,552,255,333,326,571,9,19781,1733,5532,9196,5258,847,19775,548,249,13442,545,180,463,285,12500,40,6,1,311,328,48,6,11,0,1715,513,496,38,122,81,7,11,8,3,0,42.6,143,327,669,162,222,436,36,17,1009,748,3410,841,1423,674,3,54.3
Gil Vicente FC,25.3,34,42,40.5,351,128,6,8,629,70,12524,16065,5114,5925,5807,6806,1314,2487,271,820,209,37,1144,565,1138,540,341,261,206,73,289,539,250,373,303,677,15,19718,2249,7128,8671,4112,598,19710,589,281,10467,375,118,488,337,12429,75,3,2,403,477,67,7,7,2,1662,438,425,52,154,102,9,7,5,2,0,47.7,126,408,852,159,326,505,28,39,863,825,2847,699,962,630,2,49.3
Gimnasia–LP,24.2,27,24,28.3,349,100,1,2,577,38,6454,9842,2686,3407,2588,3576,1042,2261,238,646,157,66,872,338,866,551,362,262,228,61,272,548,276,320,276,626,4,13499,1447,4315,5860,3514,495,13497,696,314,6079,267,65,558,267,6401,61,3,0,310,344,46,1,3,1,1792,534,611,38,107,70,8,3,3,0,0,33.4,151,409,428,85,216,462,19,18,1145,825,2076,615,783,634,0,47.4
Go Ahead Eag,25.4,34,47,49.5,486,185,4,5,854,79,10970,14668,4702,5501,4694,5668,1321,2686,355,993,293,70,1234,521,1223,502,297,226,201,75,251,497,246,401,264,821,5,18725,2753,6629,7528,4728,798,18720,574,249,8916,306,160,541,272,10858,39,3,1,283,356,56,4,2,1,1711,450,566,46,180,135,11,2,2,0,0,46.2,219,651,1088,127,346,670,17,32,1016,813,2978,933,1321,548,0,44.9
Godoy Cruz,26.0,27,35,31.1,356,111,3,3,603,61,7468,10615,2845,3590,3169,4009,1274,2358,264,736,152,54,925,352,914,517,307,228,242,47,265,607,342,349,280,558,5,14082,1365,4473,6468,3311,460,14079,709,343,6700,278,66,492,260,7388,72,5,0,357,258,43,0,7,1,1670,522,514,32,98,67,8,7,7,0,0,35.7,227,488,584,50,235,331,21,17,1036,752,2191,664,732,572,0,48.4
Goiás,27.7,38,35,36.7,492,133,5,5,850,61,12157,15828,4999,5761,5219,6243,1649,2900,354,974,239,70,1284,523,1275,606,384,310,225,71,300,656,356,392,350,903,12,20123,2519,6843,8790,4692,667,20118,678,327,10518,431,103,574,351,12038,107,6,3,637,577,86,5,5,1,1776,637,640,53,176,124,10,5,5,0,0,55.1,262,608,931,172,344,723,50,19,1277,925,3082,911,1079,684,0,44.6
Grêmio,27.9,38,61,50.0,500,186,5,7,904,107,13313,17287,6450,7489,5149,6242,1250,2450,389,1137,307,57,1541,541,1529,617,369,305,249,63,289,717,428,428,339,801,6,21563,2133,5890,9976,5908,783,21556,737,359,11580,471,140,574,316,13199,103,5,3,480,537,59,4,5,1,2023,502,538,56,186,131,8,5,5,0,0,59.3,176,516,624,154,382,643,40,24,1040,890,3611,1011,1287,658,0,46.7
Guadalajara,25.8,34,44,43.8,420,127,8,10,739,76,12447,15911,5443,6207,5301,6263,1437,2671,325,1139,277,89,1437,630,1418,693,422,308,312,73,328,622,294,350,278,529,5,19837,1731,5675,9434,4985,689,19827,682,332,11031,485,148,629,329,12297,87,5,3,375,353,57,7,9,0,1839,510,482,39,140,100,11,9,7,1,1,41.5,125,358,701,136,280,427,22,24,992,958,3485,815,1203,750,2,50.7
Heerenveen,25.4,34,52,46.9,486,153,7,8,862,86,13187,16529,5746,6454,5616,6547,1480,2639,369,1019,280,59,1320,678,1308,505,305,257,186,62,259,522,263,365,288,670,16,20396,2438,6862,8883,4846,798,20388,693,300,11164,474,179,507,291,13029,39,4,1,320,325,49,5,4,2,1715,464,484,70,164,96,7,4,4,0,0,60.4,175,458,857,157,279,506,27,20,948,798,3306,948,1316,564,0,49.7
Heracles Almelo,25.5,34,41,41.7,362,116,5,6,629,72,11267,14644,4488,5157,5108,5972,1456,2828,269,919,213,81,1083,576,1070,598,379,347,187,64,295,597,302,420,256,764,12,18640,2677,7162,7789,3879,598,18634,607,236,10043,386,142,519,264,11142,70,2,0,382,325,52,4,5,1,1663,410,473,74,226,153,4,5,5,0,0,69.0,207,688,1007,160,338,580,30,18,883,783,2729,701,1034,674,0,46.3
Houston Dynamo,27.2,34,51,44.9,379,143,6,6,688,93,13984,16932,6300,7016,5834,6643,1518,2531,287,1033,280,59,1202,487,1188,486,321,248,181,57,217,492,275,374,273,645,7,20349,2323,7171,8834,4529,709,20343,613,319,12279,398,147,464,275,13874,95,5,3,435,381,59,5,6,1,1704,361,396,38,125,88,13,6,6,0,0,38.3,113,295,850,186,274,513,26,27,757,739,2877,781,1195,538,0,51.6
Huddersfield,26.4,46,46,48.6,523,163,1,1,875,76,11676,16992,4673,5745,5154,6625,1564,3601,389,1026,290,102,1331,657,1302,721,451,332,320,69,328,653,325,552,433,1064,5,22134,2787,7621,9633,5166,862,22133,679,293,10618,397,160,740,333,11518,89,2,2,496,529,97,0,4,2,2197,844,865,77,206,130,8,4,3,1,0,72.7,265,841,1168,238,392,679,29,43,1709,1073,3290,951,1414,779,1,40.0
Hull City,25.4,46,68,57.2,610,216,4,7,1083,107,22942,27360,10552,11504,10142,11293,1663,3242,471,1447,327,65,1648,815,1626,606,374,274,252,80,293,626,333,564,351,931,12,32275,3755,12134,13889,6502,976,32268,862,375,19441,527,282,675,398,22754,97,1,0,447,566,82,6,3,0,2138,600,580,60,175,115,11,3,3,0,0,44.7,134,584,2032,136,365,636,43,47,1180,1073,4089,1190,1650,667,0,55.4
Huracán,26.8,27,18,25.6,299,87,3,4,515,25,8343,11654,3398,4119,3562,4529,1207,2346,220,753,181,77,992,422,982,521,327,230,226,65,258,556,298,317,299,486,3,14863,1281,4451,6888,3689,515,14859,568,284,7502,316,60,506,223,8267,64,7,2,367,304,36,2,3,1,1644,599,561,29,93,64,7,3,2,1,0,26.5,176,434,740,100,194,338,28,55,1160,729,2396,540,833,585,1,50.0
Independiente,26.9,41,41,46.8,501,140,7,9,869,63,13276,17971,5689,6690,5645,6993,1610,3256,372,1212,311,91,1563,624,1544,703,458,316,308,79,351,755,404,453,392,726,9,22637,1985,6485,11094,5327,754,22628,854,466,12005,503,126,747,411,13146,110,9,4,528,463,61,3,7,3,2478,615,721,48,160,113,11,7,5,2,0,48.8,140,494,810,124,312,516,38,43,1336,1158,3731,932,1282,809,2,51.52926829268292
Instituto,28.1,27,24,33.1,328,93,2,2,580,44,7868,11436,3627,4504,3012,4016,1010,2181,229,807,188,66,986,388,977,495,318,230,209,56,245,551,306,301,234,563,3,14651,1362,4404,6561,3874,500,14649,514,253,7144,323,59,457,222,7796,68,3,2,326,245,27,2,5,1,1710,541,588,35,136,102,9,5,5,0,0,38.7,169,451,583,79,207,393,34,26,1129,679,2351,624,813,563,0,49.6
Inter Miami,26.1,34,41,38.2,359,125,5,6,648,75,15031,18246,6668,7389,6504,7368,1552,2608,262,1144,223,48,1304,540,1292,588,349,280,232,76,325,681,356,347,331,477,10,21609,2175,6789,10149,4870,563,21603,580,281,13088,442,115,522,287,14916,83,3,1,412,363,62,4,1,3,1804,281,379,54,175,124,5,1,1,0,0,49.9,123,407,936,166,262,408,38,34,660,809,3136,723,949,674,0,54.6
Internacional,28.4,50,64,57.599999999999994,617,206,4,5,1105,115,19925,24590,9077,10208,8698,10043,1700,3094,475,1575,340,84,1842,853,1821,790,486,366,321,103,416,856,440,525,447,1010,14,29984,2686,8542,15091,6634,940,29979,976,516,17389,671,195,719,383,19717,138,7,2,650,644,84,5,8,1,2445,600,711,58,207,148,14,8,6,2,0,66.60000000000001,179,542,920,186,386,790,41,43,1311,1102,4516,1220,1559,902,2,51.48
Ipswich Town,26.9,46,88,74.0,716,254,2,3,1248,148,19178,24162,8521,9690,8617,10133,1691,3239,556,1570,408,104,1917,843,1888,743,495,311,314,118,376,774,398,547,416,809,14,29209,3151,10091,12409,7000,1207,29206,696,307,16167,539,252,720,385,18954,101,0,0,568,469,81,3,3,6,2395,756,633,57,166,115,15,3,2,0,1,52.2,155,365,1515,174,321,599,33,105,1389,1105,4648,1396,1971,871,1,53.0
Kortrijk,24.6,30,22,25.6,299,85,2,2,506,32,9321,12859,3776,4742,4033,5067,1123,2302,201,766,183,68,999,493,989,553,325,332,181,40,258,512,254,395,328,835,12,16649,2188,5681,7412,3787,452,16647,587,286,10476,471,98,523,299,9214,63,2,1,323,324,41,1,2,4,1586,499,555,57,168,115,5,2,1,0,1,56.2,203,568,718,141,275,502,38,27,1054,822,2481,538,801,583,1,43.0
LA Galaxy,27.4,34,50,51.2,491,175,5,5,903,89,16306,19140,7715,8430,6732,7509,1389,2218,387,1277,284,70,1547,704,1537,452,286,225,162,65,234,533,299,355,302,570,13,22568,2285,7226,10453,5075,717,22563,686,379,13900,519,160,495,276,16192,76,4,3,364,413,42,3,4,2,1682,246,270,67,171,106,6,4,4,0,0,57.7,93,249,810,199,263,474,22,41,516,771,3788,992,1231,520,0,55.2
LAFC,27.5,34,53,55.6,517,181,7,9,891,83,13415,16727,5844,6624,5910,6844,1319,2410,384,1207,317,43,1543,692,1534,633,392,294,248,91,314,695,381,368,342,536,2,20565,1712,5976,9283,5555,874,20556,788,388,12084,453,220,572,273,13321,73,1,0,443,370,61,8,5,1,2028,409,358,39,122,83,11,5,3,1,1,39.4,125,358,682,158,244,434,26,27,767,845,3769,974,1454,706,2,51.2
Lanús,26.9,27,37,36.7,335,101,6,8,574,56,7965,10934,3242,3870,3413,4222,1117,2135,247,672,169,65,900,349,897,478,297,223,197,58,236,570,334,327,261,646,7,14205,1554,4863,6450,3062,490,14197,618,304,7178,233,64,479,236,7890,74,9,7,347,335,52,6,2,1,1592,520,454,27,85,59,9,1,1,0,0,23.7,130,374,610,80,257,509,28,10,974,715,2146,630,788,533,0,47.1
Leeds United,24.0,46,78,79.5,687,229,7,9,1225,128,22112,26394,9829,10940,10251,11427,1552,2789,544,1628,420,57,2123,1025,2093,783,504,338,315,130,388,677,289,478,390,793,5,31627,2570,9528,14625,7788,1342,31618,1021,470,18593,632,353,785,453,21885,73,2,1,461,560,98,8,1,2,2206,607,531,43,127,86,19,1,1,0,0,36.8,106,418,1715,202,267,518,24,50,1138,1238,5241,1353,2172,892,0,58.2
Leicester City,25.9,46,88,84.9,647,223,12,13,1185,152,26494,30645,12846,13800,11281,12536,1893,3185,515,2014,471,100,2227,1039,2205,764,490,349,323,92,371,688,317,494,409,770,24,35527,3018,10563,17169,8090,1283,35514,875,407,21506,672,310,736,367,26193,83,1,0,472,482,80,13,1,1,2196,557,476,41,158,117,15,1,0,1,0,46.2,128,419,1988,222,271,492,31,77,1033,1103,5471,1337,2164,861,1,61.6
León,28.3,34,44,47.5,524,179,4,4,925,74,12539,15736,5127,5818,5573,6447,1616,2765,399,1165,292,86,1289,590,1276,611,375,304,244,63,319,606,287,316,286,613,9,19453,1885,5930,8814,4928,765,19449,602,315,11260,447,125,579,314,12417,62,8,0,381,364,73,3,8,1,1600,474,467,47,137,91,7,8,7,0,1,44.9,102,278,677,175,284,483,30,35,941,893,3155,999,1268,694,1,51.7
Libertad,29.2,6,5,6.3,87,25,1,1,158,9,1731,2472,668,838,780,1001,228,476,65,159,50,16,212,87,210,103,62,63,29,11,59,135,76,62,65,111,1,3190,280,956,1511,758,130,3189,145,91,1455,66,14,107,44,1713,16,0,0,83,66,10,0,0,0,371,158,115,7,27,20,1,0,0,0,0,8.0,21,57,83,21,50,74,1,0,273,151,509,167,210,121,0,48.0
Liverpool,26.4,6,4,5.9,65,17,1,2,105,4,1545,2107,622,740,652,814,238,440,39,140,24,3,163,78,161,102,63,70,28,4,67,133,66,76,54,141,2,2774,419,1053,1168,597,87,2772,108,57,1438,56,14,91,59,1526,12,0,0,52,51,11,0,1,0,316,55,54,12,41,29,1,1,1,0,0,14.4,30,74,115,25,62,105,2,6,109,150,402,109,128,130,0,36.2
Mazatlán,27.0,34,45,45.3,426,154,2,4,738,70,12398,15481,5123,5827,5659,6545,1357,2382,324,1034,209,61,1228,540,1210,561,340,302,192,67,296,601,305,316,260,667,9,19262,2095,6312,8888,4274,599,19258,660,342,10952,475,135,601,301,12229,74,8,2,380,355,42,3,7,2,1623,454,452,59,174,115,7,7,3,2,2,57.9,203,484,940,173,317,570,33,23,906,902,2978,808,1004,636,4,48.1
Mechelen,26.5,30,37,42.4,379,133,3,4,674,68,12524,15834,4257,5138,6299,7198,1686,2791,289,1058,254,71,1287,487,1277,509,304,276,176,57,280,530,250,357,301,642,4,19143,2105,6437,8603,4291,583,19139,434,214,13460,469,104,431,207,12415,48,0,0,303,286,64,3,4,1,1567,505,448,34,124,90,10,4,1,1,2,40.9,182,428,810,104,283,463,32,21,953,638,3051,742,1012,584,3,50.9
Melgar,28.0,6,9,9.2,76,24,2,2,137,16,2719,3394,1007,1189,1280,1466,371,564,54,253,53,16,284,103,283,113,75,44,55,14,56,137,81,73,49,64,3,4008,284,1109,1961,975,109,4006,127,74,2331,69,16,93,43,2698,12,0,0,51,55,15,2,2,0,370,71,87,13,26,13,1,2,2,0,0,10.9,14,25,142,16,41,58,0,2,158,136,670,153,194,131,0,58.29999999999999
Metropolitanos,26.6,6,3,4.6,52,15,0,0,88,5,1806,2407,751,875,832,1014,190,405,38,154,36,13,181,76,178,84,54,51,25,8,24,91,67,76,63,128,3,3087,387,1072,1441,601,79,3087,102,50,1671,54,12,99,36,1790,15,2,1,80,60,3,0,1,1,319,95,86,11,38,28,0,1,1,0,0,12.4,43,126,147,23,58,115,15,3,181,135,435,93,140,78,0,45.0
Middlesbrough,25.6,46,69,68.3,621,217,2,5,1107,124,21724,26339,10171,11269,9172,10446,1811,3256,487,1627,451,71,2050,924,2037,708,445,310,292,106,358,719,361,484,403,824,16,31224,3051,10037,13930,7487,1108,31219,780,329,18146,590,250,685,440,21540,85,2,2,492,478,102,3,3,2,2215,565,549,62,177,117,11,3,3,0,0,57.4,141,492,1533,218,347,645,38,75,1114,1125,5011,1231,1880,803,0,52.9
Millwall,27.0,46,44,43.9,487,157,1,2,834,69,13156,18531,5745,6909,5419,6870,1676,3702,345,1057,249,81,1291,568,1277,857,520,422,354,81,442,788,346,526,491,987,10,23814,2563,8182,10536,5326,823,23812,661,295,11465,424,141,731,373,13040,103,2,0,591,420,78,0,8,1,2196,938,940,55,167,111,16,8,6,2,0,57.4,263,816,932,144,349,644,43,55,1878,1104,3136,903,1294,962,2,42.3
Minnesota Utd,27.5,34,43,53.4,460,150,4,5,825,70,12086,15479,5376,6144,5084,6084,1372,2456,336,1090,315,76,1405,525,1397,523,333,258,200,65,235,515,280,391,309,707,9,19314,2105,6248,8174,5072,811,19308,670,337,10606,395,131,522,320,11989,57,1,1,342,323,72,4,1,1,1827,445,462,51,155,105,8,1,1,0,0,48.2,121,343,726,139,320,520,11,27,907,842,3327,895,1333,568,0,47.1
Modena,26.9,38,41,45.0,491,142,6,8,859,67,13507,17487,5739,6643,5984,7169,1503,2842,371,1119,312,87,1387,547,1375,584,333,261,255,68,266,526,260,441,361,741,10,21608,2136,7184,9424,5235,750,21600,508,228,11024,412,139,591,355,13380,111,2,0,546,508,48,5,7,1,1809,559,558,47,131,83,11,7,5,2,0,43.3,192,513,1087,112,255,566,32,30,1117,946,3309,926,1288,599,2,50.0
Monagas,25.3,6,3,5.9,78,22,1,1,131,4,1511,2159,602,746,640,814,234,463,55,164,24,10,186,86,182,105,63,54,38,13,63,134,71,77,64,125,4,2915,343,980,1288,691,80,2914,156,72,1444,60,15,104,51,1497,18,1,1,80,60,12,0,2,0,368,85,91,8,41,33,2,2,2,0,0,12.3,36,96,154,35,50,92,5,5,176,155,454,135,129,126,0,43.5
Monterrey,28.1,34,58,47.0,440,142,3,4,804,107,14989,18140,6080,6734,6956,7910,1655,2703,350,1338,337,80,1671,556,1660,571,342,271,221,79,270,554,284,335,329,563,7,21725,2111,6356,10406,5129,720,21721,579,289,11601,456,117,551,319,14833,67,5,0,337,363,51,2,4,1,1595,490,411,34,136,102,12,4,3,1,0,38.8,213,442,1189,191,282,452,43,39,901,870,3887,911,1254,612,1,53.9
Moreirense,26.2,34,35,32.8,393,110,1,3,674,62,11609,14914,4737,5459,5294,6138,1350,2596,297,816,194,72,1054,503,1047,532,345,269,195,68,242,500,258,382,318,797,7,18755,2275,6895,8309,3737,540,18752,561,262,9797,355,118,556,263,11531,75,3,2,489,443,61,3,1,1,1615,469,524,35,128,94,16,1,1,0,0,35.2,208,519,964,146,291,548,36,18,993,819,2604,736,924,587,0,46.2
NE Revolution,27.3,34,55,42.5,414,148,3,3,741,95,13274,16588,5330,6090,6109,7008,1569,2699,314,1027,251,72,1308,669,1292,476,290,215,211,50,235,532,297,358,290,640,9,20096,2193,6637,8954,4694,645,20093,671,348,11704,454,159,486,255,13144,49,2,1,353,374,59,1,4,1,1787,400,392,46,182,136,8,4,3,1,0,48.2,155,465,797,186,312,486,29,21,792,741,3269,836,1127,525,1,49.7
NEC Nijmegen,26.0,34,67,48.0,440,193,6,6,773,112,12699,16102,5452,6211,5438,6364,1444,2649,326,964,245,69,1215,555,1202,624,376,355,203,66,307,646,339,450,268,814,13,20289,2622,7085,9134,4276,692,20283,634,276,10653,405,136,587,312,12541,53,4,2,304,373,40,6,6,0,1670,531,535,51,163,111,7,6,5,1,0,51.7,206,579,886,162,349,623,38,26,1066,899,2972,885,1142,683,1,48.4
NY Red Bulls,23.8,34,35,46.3,465,143,3,4,781,57,9572,13643,4364,5315,3873,5053,1036,2407,336,943,232,52,1159,553,1148,595,377,242,255,98,325,652,327,395,347,485,7,17607,1368,4819,8002,4996,758,17603,717,326,8830,386,156,615,293,9470,90,4,4,497,447,51,3,7,2,2206,688,657,39,92,54,9,7,6,1,0,37.0,198,662,808,104,201,329,10,72,1345,908,2860,838,1198,702,1,46.7
NYCFC,24.3,34,34,42.0,416,148,1,3,739,59,14558,17566,6014,6701,6790,7590,1480,2476,321,1082,258,47,1418,557,1409,515,309,248,209,58,262,525,263,384,258,635,7,21169,2242,7300,9634,4406,681,21166,714,345,12005,384,155,521,302,14438,79,1,0,405,428,68,2,4,1,1779,393,378,39,129,91,9,4,4,0,0,36.3,118,379,1222,156,258,439,13,17,771,823,3384,798,1141,571,0,52.6
Nacional,26.2,16,23,20.5,208,76,2,2,360,38,4632,6326,1881,2245,1946,2442,700,1305,152,416,101,26,546,214,540,289,165,124,132,33,154,341,187,182,145,338,4,8094,861,2530,3871,1787,290,8092,289,169,4017,169,48,243,129,4580,44,2,1,197,165,11,1,2,1,866,213,229,22,70,49,3,2,2,0,0,20.4,120,291,376,50,158,256,18,16,442,372,1300,398,465,319,0,44.599999999999994
Nashville SC,29.2,34,38,41.8,378,113,5,5,651,70,12245,15660,4851,5566,5520,6439,1622,2849,284,921,231,77,1123,441,1114,507,299,242,191,74,239,505,266,357,322,608,2,19009,2120,6610,8673,3898,643,19004,508,257,10161,295,114,430,245,12164,74,6,5,376,369,82,5,5,1,1707,518,485,32,137,106,11,5,5,0,0,35.6,196,512,747,154,275,448,45,20,1003,675,2678,721,1065,538,0,47.7
Necaxa,25.1,34,48,38.0,374,132,3,4,640,83,7978,11457,3052,3730,3536,4494,1215,2566,280,761,208,97,938,384,921,634,396,346,235,53,315,655,340,405,354,799,4,15552,2037,5657,6517,3602,566,15548,558,258,7082,310,79,602,261,7850,92,6,2,432,321,62,2,4,6,1727,543,587,56,155,105,7,4,4,0,0,52.8,208,604,639,75,343,578,28,8,1130,863,2243,723,950,711,0,37.5
Newell's OB,26.1,27,24,25.3,287,106,2,3,503,39,10726,13616,4405,5041,5017,5876,1138,2057,219,822,160,52,1125,466,1114,424,267,205,172,47,208,460,252,255,258,429,5,16454,1333,5211,8301,3127,386,16451,644,341,9619,310,62,496,232,10597,65,6,3,310,325,33,0,5,0,1592,429,396,24,88,61,12,5,2,3,0,26.0,137,356,934,58,192,331,29,34,825,728,2705,542,660,475,3,58.2
Norwich City,27.3,46,76,63.0,627,193,2,3,1083,132,18601,23143,8005,8926,8402,9665,1829,3436,449,1237,329,102,1581,774,1566,783,475,378,327,78,348,729,381,541,430,1014,15,28292,3415,11075,11790,5701,910,28289,744,325,15982,505,183,727,317,18385,84,2,1,461,499,104,3,5,2,2044,633,625,64,196,134,12,5,5,0,0,63.7,151,473,1325,184,376,684,40,56,1258,1044,3921,1215,1524,823,0,49.3
OH Leuven,24.5,30,34,33.7,335,106,4,5,575,55,9017,12323,3291,4100,4196,5125,1295,2449,251,709,180,58,920,404,912,475,272,254,160,61,222,435,213,377,266,715,8,15761,2264,5778,6569,3613,545,15756,526,216,10098,320,99,475,203,8916,77,2,1,362,330,58,5,8,2,1434,442,487,47,149,103,7,8,7,1,0,46.7,168,468,861,169,274,575,38,23,929,678,2236,630,882,494,1,44.0
Olimpia,26.5,10,17,14.8,123,40,1,1,200,32,2930,3956,1288,1496,1170,1429,381,762,86,255,50,17,299,110,293,180,109,87,74,19,80,198,118,115,90,230,0,5086,596,1841,2274,1036,153,5085,167,92,2433,77,21,140,78,2890,29,2,2,135,84,20,1,0,0,566,151,121,11,37,26,3,0,0,0,0,10.0,57,173,227,30,92,152,8,3,272,218,702,232,241,189,0,42.9
Orlando City,26.5,34,54,42.1,397,141,5,5,707,100,12616,15783,5839,6552,5188,6049,1342,2430,307,1061,275,63,1361,513,1351,456,268,229,162,65,234,549,315,339,239,597,5,18957,1960,6130,8412,4597,672,18952,506,238,10761,414,126,417,238,12508,67,1,0,394,451,51,2,3,1,1655,336,439,39,128,89,11,3,2,1,0,39.1,124,355,703,123,270,435,31,42,775,655,3225,807,1136,502,1,50.4
PSV Eindhoven,26.1,34,108,99.0,780,291,7,9,1427,195,18147,21518,7954,8803,7844,8821,1894,2837,639,1803,540,116,2159,960,2137,547,341,233,219,95,261,492,231,359,285,477,13,25496,1850,6233,11921,7556,1370,25487,789,404,14977,653,277,545,305,17953,32,1,1,280,304,67,6,3,2,2020,494,377,21,78,59,18,3,3,0,0,25.0,127,256,882,107,187,310,23,48,871,850,5256,1622,2303,602,0,64.5
Pachuca,24.8,34,49,48.5,570,184,2,4,993,82,11830,15425,4852,5681,5183,6149,1528,2767,438,1234,225,68,1421,673,1400,617,399,275,259,83,292,616,324,399,331,649,8,19866,1676,5426,9597,5123,748,19862,807,403,10578,506,213,677,404,11677,87,2,2,448,402,55,3,5,1,1958,608,576,54,147,94,7,5,5,0,0,52.4,219,528,634,144,325,449,24,31,1184,1081,3494,1075,1254,691,0,49.7
Palermo,27.1,38,62,51.7,464,167,6,7,843,116,13607,17289,5435,6267,6449,7503,1494,2749,345,1183,354,126,1511,679,1505,531,343,253,213,65,243,439,196,339,286,829,9,21157,2414,7121,9068,5176,852,21150,551,225,12030,445,128,524,278,13473,84,4,2,529,462,56,5,3,1,1653,551,551,53,159,106,10,3,2,1,0,46.7,187,445,1070,121,331,614,27,45,1102,802,3695,959,1460,586,1,50.3
Palmeiras,26.9,50,84,80.6,800,276,4,6,1422,144,18906,23699,7054,8005,8816,10202,2710,4380,588,1613,412,159,2065,1024,2045,777,486,350,331,96,373,861,488,491,405,800,7,28834,2709,8685,13426,7049,1056,28828,943,491,16838,719,220,724,352,18715,121,7,3,737,744,118,5,5,1,2511,650,657,40,196,156,24,5,4,1,0,51.599999999999994,204,553,1352,275,365,589,54,28,1307,1076,5134,1566,1847,859,1,52.843999999999994
Parma,25.4,38,63,51.9,542,176,9,11,961,110,15182,18876,6382,7282,6955,7954,1532,2817,406,1271,395,70,1624,634,1601,501,289,195,203,103,242,453,211,388,357,667,11,22806,1968,6361,10421,6225,990,22795,673,321,12896,498,217,556,348,15050,83,6,4,469,449,40,8,2,0,1781,578,500,35,117,82,13,2,1,0,1,37.2,235,706,1236,198,263,596,57,55,1078,904,3859,1071,1672,531,1,50.4
Patronato,29.2,6,6,5.0,68,20,0,0,115,12,1591,2259,659,807,678,866,205,429,50,154,26,16,191,75,190,109,66,46,49,14,68,158,90,66,76,68,3,2937,254,788,1524,686,83,2937,152,83,1574,80,12,100,61,1572,25,0,0,69,87,16,0,3,0,388,85,90,11,36,25,1,3,3,0,0,10.9,30,84,99,20,45,52,2,3,175,161,456,127,137,134,0,42.70000000000001
Pereira,27.7,10,7,10.1,119,41,1,2,209,11,2666,3677,1063,1263,1130,1415,394,762,94,264,61,16,297,83,294,152,97,83,52,17,82,179,97,97,89,274,3,4819,618,1770,2096,1020,156,4817,169,94,2252,86,29,164,95,2632,31,2,2,137,98,26,1,4,0,516,160,156,10,47,37,4,4,3,0,1,14.5,37,106,124,29,112,192,7,8,316,259,674,220,262,179,1,43.3
Philadelphia Union,26.7,34,54,49.4,444,134,11,11,782,95,10676,14240,4509,5356,4434,5386,1489,2699,334,1034,250,62,1197,452,1193,557,324,259,236,62,273,614,341,399,403,561,8,17743,1772,5435,7973,4526,671,17732,417,180,9371,357,96,427,224,10591,85,5,2,465,368,90,9,6,3,1915,466,466,41,126,88,10,6,6,0,0,38.1,122,325,538,156,244,403,26,22,932,651,2842,877,1079,597,0,46.1
Pisa,26.9,38,51,43.7,479,150,5,5,862,91,16193,19999,7502,8435,6980,8021,1381,2552,354,1130,280,73,1412,626,1394,593,373,272,241,80,279,557,278,411,338,772,9,24202,2322,7737,11277,5402,779,24197,669,300,13449,430,158,615,282,16017,113,7,4,519,496,51,4,6,1,1752,566,492,54,146,93,9,6,6,0,0,51.8,140,362,1030,121,240,527,46,32,1058,897,3432,953,1290,652,0,56.1
Platense,26.2,27,26,21.9,294,91,3,3,481,38,6397,9792,2697,3476,2606,3570,891,2045,204,582,143,49,865,361,858,535,334,244,243,48,283,613,330,357,261,660,3,13262,1362,4157,6035,3247,412,13259,560,289,5770,271,47,551,256,6321,68,2,0,353,288,33,2,4,0,1604,586,589,29,99,69,10,4,3,1,0,31.6,150,461,575,88,229,428,35,33,1175,807,2084,519,651,617,1,44.6
Plymouth Argyle,24.5,46,58,52.3,596,206,1,1,1014,97,15006,19985,5845,6928,7183,8456,1688,3609,441,1080,267,52,1467,774,1454,643,420,326,249,68,306,643,337,574,410,1079,8,25119,3747,10087,10072,5204,854,25118,731,317,12825,463,248,697,364,14863,101,2,1,465,522,67,1,3,4,2022,651,768,70,216,149,11,3,2,1,0,69.1,193,790,1452,294,444,776,55,26,1419,1061,3695,1111,1421,726,1,45.0
Portimonense,25.0,34,39,35.3,375,118,5,6,648,68,10389,13854,4227,4947,4593,5481,1290,2611,273,782,178,74,976,516,968,661,413,343,255,63,312,594,282,402,356,811,10,17990,2247,6692,7922,3599,474,17984,610,277,9175,353,97,583,264,10297,94,5,0,487,396,69,3,6,5,1673,448,549,72,174,107,3,6,5,0,1,66.9,186,496,696,137,331,613,33,25,997,847,2460,716,823,725,1,44.7
Portland Timbers,27.8,34,45,41.2,410,139,1,1,702,80,10846,14357,4511,5263,4571,5512,1488,2739,299,1032,267,50,1247,511,1234,558,332,274,212,72,255,623,368,362,308,596,6,18007,1882,5642,7957,4613,717,18006,634,310,9595,394,137,521,325,10709,82,0,0,466,375,39,0,3,3,1849,452,471,58,158,103,8,3,3,0,0,48.2,217,631,846,94,270,515,19,48,923,846,2992,782,1171,587,0,46.0
Porto,25.9,34,62,64.5,563,177,5,8,1026,110,16207,19449,6826,7672,7471,8324,1632,2600,430,1425,407,95,1869,819,1856,484,308,188,218,78,245,492,247,308,215,440,6,22988,1726,5783,10752,6634,1185,22980,729,353,13096,524,241,517,254,16094,95,10,4,475,531,71,7,6,2,1565,508,455,27,81,55,13,6,4,1,1,26.1,125,295,1060,132,213,374,26,57,963,771,4544,1136,1928,553,2,63.1
Preston,27.2,46,53,40.7,426,137,3,3,717,87,13628,19423,5900,7072,5639,7200,1702,3987,304,1185,240,67,1323,567,1295,843,521,385,359,99,430,846,416,621,536,1005,18,24605,2536,7730,11518,5610,747,24602,646,302,11906,426,163,701,360,13496,109,1,1,583,429,85,3,4,2,2222,921,873,67,205,140,10,4,4,0,0,66.0,301,1029,1109,171,397,662,30,58,1794,1061,3185,804,1217,951,0,44.6
Puebla,29.0,34,40,37.9,462,147,3,3,811,73,12081,15355,4814,5535,5326,6178,1644,2818,346,954,243,112,1106,546,1093,570,358,291,234,45,273,590,317,342,320,728,16,19205,2208,6697,8867,3882,593,19202,623,307,10185,457,102,567,329,11922,83,4,0,383,353,41,1,7,1,1662,531,459,68,194,126,3,7,6,1,0,61.3,179,404,942,167,374,541,29,15,990,896,2745,884,1050,631,1,48.9
QPR,27.4,46,44,44.2,522,168,1,2,903,75,15578,20655,6837,7869,6640,8060,1758,3721,390,1122,279,100,1333,739,1306,744,460,381,276,87,350,635,285,507,442,983,7,25536,3261,9844,10063,5859,892,25534,734,361,12559,454,220,676,383,15430,99,4,2,551,488,82,1,1,1,2017,829,756,58,184,127,13,1,1,0,0,50.2,204,620,1092,247,421,652,51,24,1585,1059,3378,978,1491,810,0,46.3
Querétaro,28.8,34,38,38.3,387,108,4,5,638,62,7723,11291,3016,3684,3204,4075,1337,2886,269,797,183,87,876,366,863,557,313,304,210,43,265,564,299,358,346,776,8,15276,1991,5449,6468,3571,574,15271,513,221,6804,273,95,546,289,7607,100,9,4,471,322,54,5,8,1,1726,598,647,50,190,139,8,8,6,2,0,58.4,248,670,646,86,338,555,25,10,1245,835,2105,700,939,578,2,37.5
RB Bragantino,24.2,38,48,57.9,635,208,3,3,1098,80,14607,18999,6620,7618,6004,7210,1629,3061,465,1411,342,87,1768,721,1752,644,391,263,280,101,290,686,396,457,398,648,11,23580,1927,5931,10693,7202,870,23577,878,436,13242,614,166,655,380,14465,109,6,1,603,470,52,2,8,1,2257,602,646,35,130,95,17,8,7,1,0,43.7,165,491,885,171,293,440,16,70,1248,1035,4241,1178,1465,681,1,56.5
RKC Waalwijk,26.2,34,37,44.5,408,140,5,5,725,61,10858,14454,4114,4857,5007,5945,1497,2863,317,975,230,69,1174,583,1164,621,357,345,195,81,308,594,286,398,277,851,13,18631,2738,7044,7496,4276,643,18626,588,254,9570,368,154,538,313,10716,58,4,1,355,303,29,2,7,2,1729,531,449,56,204,149,5,7,5,1,1,59.6,252,713,1228,171,306,583,41,43,980,851,2921,786,1096,665,2,45.3
RWDM,25.4,30,31,33.5,282,107,1,1,472,54,9394,12670,3655,4472,4176,5179,1187,2248,201,701,172,44,942,402,931,530,342,298,183,49,251,509,258,389,318,865,9,16511,2279,6296,7313,3097,463,16510,602,265,10477,388,102,547,304,9293,65,6,4,368,278,58,0,15,2,1695,516,420,67,178,110,4,15,12,3,0,68.0,198,493,617,90,284,518,12,10,936,851,2275,526,781,593,3,43.5
Racing Club,28.3,37,52,42.7,445,144,6,7,779,93,14394,18431,6237,7065,6127,7228,1676,3062,304,1349,274,82,1573,514,1567,650,427,320,269,61,324,749,425,364,308,668,5,22527,1889,6386,11296,5066,614,22520,757,346,12724,416,90,647,299,14298,94,7,2,447,476,75,7,2,0,2192,486,570,45,135,90,11,2,2,0,0,42.2,154,420,767,167,317,485,32,35,1056,946,3654,872,1060,751,0,57.056756756756755
Real Salt Lake,26.4,34,48,43.3,496,189,0,0,866,87,12922,16082,5265,5894,5590,6435,1823,3007,372,1075,276,91,1325,562,1307,489,327,247,184,58,244,559,315,349,300,563,9,19553,1874,6288,8715,4759,681,19553,727,375,11133,440,139,494,253,12795,75,2,1,390,340,79,0,5,1,1814,365,412,50,145,95,9,5,4,1,0,46.4,165,459,887,149,261,427,25,73,777,747,3194,953,1187,571,1,49.3
Reggiana,26.1,38,36,35.6,445,112,4,4,779,62,14643,18500,6625,7580,6239,7330,1384,2597,312,998,257,100,1322,575,1314,552,331,286,212,54,237,501,264,401,351,842,9,22792,2556,8233,10241,4550,656,22788,622,253,12494,401,103,634,287,14533,98,5,1,553,542,49,4,6,0,1771,553,589,45,168,121,11,6,4,2,0,43.8,156,448,693,183,328,653,40,11,1142,921,3211,841,1116,568,2,51.3
Rio Ave,27.5,34,36,38.7,346,98,8,9,601,63,12306,15665,4928,5704,5663,6566,1448,2583,250,800,219,74,1085,451,1075,541,329,253,233,55,283,577,294,403,289,755,15,19527,2257,7291,8763,3670,549,19518,578,226,10066,327,83,559,248,12200,98,4,4,507,480,79,7,4,1,1530,484,474,43,158,115,10,4,2,1,1,47.0,125,368,928,183,286,526,37,32,958,807,2611,664,925,612,2,48.7
River Plate,29.4,35,63,62.3,570,189,12,13,1053,117,15947,19759,7360,8379,6526,7633,1623,2602,425,1419,357,84,1825,640,1813,630,413,252,294,84,307,707,400,431,321,578,4,23935,1689,5960,11963,6232,927,23922,812,399,13629,527,154,613,314,15802,82,7,2,430,511,65,11,3,0,2106,479,524,34,109,75,16,3,3,0,0,34.8,103,233,629,175,236,409,21,19,1003,927,4278,1170,1522,720,0,61.34285714285714
Rosario Central,27.4,27,36,32.9,339,118,4,5,604,68,7205,10061,2906,3512,3058,3901,1058,2015,257,660,148,60,829,402,821,546,339,276,219,51,296,671,375,326,291,675,9,13416,1521,4400,6141,3050,397,13411,564,273,6479,300,79,427,235,7131,71,3,2,320,312,36,4,4,0,1498,520,439,29,119,89,11,4,2,1,1,31.9,162,372,485,107,251,462,20,7,959,662,2052,672,684,635,2,46.6
Rotherham Utd,26.9,46,37,31.6,374,104,2,2,612,61,10489,15707,4624,5721,3936,5203,1634,3819,254,905,192,79,961,498,942,738,461,400,269,69,335,672,337,576,459,1092,9,20765,2988,7647,8575,4762,606,20763,529,234,9736,364,88,674,348,10384,88,4,4,527,405,83,2,6,1,2029,921,1037,89,271,183,5,6,5,0,1,89.5,581,1469,1383,109,416,801,61,74,1958,1022,2401,673,965,796,1,37.2
SD Aucas,29.6,6,6,5.8,76,24,0,1,139,10,1622,2126,717,829,678,799,193,373,51,125,26,6,165,73,164,76,52,39,28,9,35,107,72,70,48,128,0,2801,311,905,1329,599,76,2800,148,69,1580,68,14,83,62,1603,14,2,1,64,100,12,1,0,1,286,67,64,12,28,17,1,0,0,0,0,9.6,14,66,91,22,56,79,4,4,131,145,402,149,122,87,0,40.5
SJ Earthquakes,27.0,34,38,44.3,406,106,5,6,714,68,12937,16197,5986,6727,5281,6201,1342,2380,295,960,265,69,1282,555,1267,529,337,280,174,75,270,641,371,363,341,649,4,19826,2225,6743,8527,4764,690,19820,759,388,11560,424,136,511,299,12822,73,4,1,344,358,53,5,7,0,1837,365,335,43,165,121,9,7,5,1,1,51.6,123,325,578,138,289,496,24,17,700,810,3104,782,1160,607,2,47.5
Sampdoria,24.4,38,53,47.3,462,147,7,8,805,90,13744,17674,5564,6470,6288,7377,1593,2954,334,987,264,62,1318,460,1308,565,362,289,198,78,292,546,254,435,329,735,4,21676,2434,7583,9886,4417,675,21668,502,222,11239,352,108,552,285,13592,110,4,3,581,563,73,7,7,0,1787,532,585,50,153,102,8,7,6,1,0,48.5,130,431,1062,153,306,607,42,27,1117,837,3086,895,1109,654,1,50.2
San Lorenzo,26.4,27,22,27.4,288,86,4,4,516,36,8332,11121,3653,4309,3473,4207,970,1903,205,668,185,65,883,508,874,449,286,213,195,41,229,523,294,283,233,497,4,14034,1247,4170,6667,3386,485,14030,665,331,7512,369,78,416,235,8245,67,8,3,364,320,53,4,4,0,1478,482,479,13,88,73,17,4,2,2,0,20.6,221,549,510,73,231,331,46,10,961,651,2265,552,813,515,2,47.2
Santos,25.3,72,82,87.2,887,283,11,12,1556,140,23491,30307,10397,11895,9996,11842,2554,4977,659,1852,425,103,2392,1207,2358,1242,803,609,511,122,605,1280,675,847,687,1558,18,38775,4159,12695,17931,8648,1299,38763,1536,707,20912,893,306,1150,683,23254,187,14,4,969,975,108,8,16,3,3625,1088,1005,126,380,254,14,16,12,3,1,118.8,289,867,1302,251,610,1155,44,47,2093,1833,5957,1696,2133,1408,4,45.675000000000004
Sarmiento,29.4,27,23,26.5,302,82,4,5,520,42,5141,8415,1985,2696,2045,3032,960,2058,224,519,144,62,714,251,709,516,328,260,209,47,211,508,297,323,243,738,2,11614,1529,4024,5008,2725,464,11609,413,228,4806,216,52,417,213,5086,70,5,3,365,260,56,4,5,0,1505,662,590,26,128,101,11,5,4,1,0,34.1,206,497,351,51,287,489,20,18,1252,630,1674,562,722,539,1,37.4
Seattle Sounders,28.2,34,38,48.1,428,125,1,1,765,63,14934,18423,6882,7682,6130,7128,1554,2676,319,1345,307,85,1523,559,1512,543,361,272,206,65,288,615,327,315,313,594,3,21718,1802,5966,10319,5616,764,21717,506,246,12284,462,138,416,244,14822,61,2,2,348,376,55,1,1,2,1857,443,422,32,111,81,14,1,1,0,0,32.6,135,392,649,109,252,464,26,22,865,660,3594,828,1294,649,0,54.2
Sheffield Weds,27.3,46,43,50.2,513,150,0,0,859,71,13604,18742,5986,7050,5693,7101,1558,3539,363,942,245,87,1253,609,1229,771,484,393,287,91,391,787,396,570,433,924,11,23911,3126,9177,9849,5149,815,23911,823,366,11652,417,162,775,375,13439,108,5,2,571,442,80,0,7,3,2163,772,743,68,175,109,13,7,5,1,1,58.7,277,811,1425,195,406,636,39,59,1515,1150,3091,930,1309,875,2,43.4
Sint-Truiden,23.2,30,33,38.0,400,128,3,5,731,56,15082,18028,5488,6263,7325,8112,1900,2928,314,1024,248,65,1259,568,1253,447,278,219,178,50,222,439,217,315,337,523,6,21334,2542,7726,9815,4016,599,21329,604,297,15986,508,145,485,248,14985,46,1,0,282,336,60,3,5,0,1617,420,379,46,126,80,7,5,5,0,0,41.4,137,369,1177,173,183,425,45,28,799,733,3080,787,1057,500,0,56.3
Southampton,25.4,46,85,79.8,710,247,4,5,1255,141,28747,32772,14712,15706,11691,12875,1730,2855,561,2086,594,78,2556,1203,2543,651,406,262,261,128,300,561,261,459,388,681,15,37469,3244,10335,17834,9578,1509,37464,946,437,22864,759,340,631,373,28477,103,3,1,453,541,85,4,3,0,2142,440,429,63,169,106,12,3,2,0,1,50.2,173,396,1828,261,286,536,18,62,869,1004,6302,1396,2521,706,1,65.5
Sparta R'dam,25.7,34,49,46.2,435,163,5,5,764,90,11702,15343,4639,5497,5349,6299,1439,2718,332,990,305,93,1278,523,1265,532,339,282,198,52,275,545,270,400,258,848,16,19212,2520,6900,8055,4452,759,19207,509,220,10366,341,123,506,233,11562,39,2,0,286,331,43,4,5,1,1606,630,581,48,161,113,8,5,3,1,1,49.1,307,731,1137,123,341,629,37,38,1211,739,3066,854,1280,614,2,47.0
Spezia,25.4,38,35,43.2,530,157,5,7,941,54,13371,17492,6175,7104,5508,6642,1347,2823,387,1122,326,127,1481,589,1467,622,364,321,227,74,293,537,244,423,345,717,8,21715,2047,6710,9591,5627,811,21708,576,283,11284,436,124,622,299,13254,113,5,3,580,603,44,4,6,2,1831,575,618,49,163,115,10,6,5,1,0,46.9,173,462,782,141,298,535,26,32,1193,921,3537,995,1388,657,1,50.5
Sporting CP,26.2,34,93,72.5,555,211,5,5,985,159,16356,19452,7904,8649,6873,7791,1239,2134,431,1481,374,89,1669,719,1647,562,354,211,259,92,257,496,239,281,216,420,8,22840,1575,5540,11340,6143,1084,22835,682,297,14627,490,263,483,255,16169,80,3,2,393,415,67,3,4,0,1675,386,327,29,79,50,16,4,4,0,0,24.4,92,226,675,122,205,320,24,18,713,738,4035,1144,1810,611,0,59.1
Sporting Cristal,24.9,6,8,7.7,55,16,0,0,91,13,1759,2302,752,877,759,923,206,385,40,130,36,8,190,59,186,99,72,49,37,13,50,109,59,96,63,125,1,2941,358,1021,1371,578,75,2941,80,36,1490,61,11,90,47,1735,21,3,2,82,65,15,0,1,0,333,75,53,10,38,27,1,1,0,1,0,10.2,18,55,112,27,40,98,6,3,128,137,435,104,130,122,1,44.79999999999999
Sporting KC,28.6,34,47,41.1,440,155,4,6,781,81,14630,17696,6155,6810,6446,7286,1743,2807,322,1234,274,60,1471,706,1465,494,300,215,211,68,247,554,307,332,366,534,8,21112,1855,6262,9437,5650,737,21106,713,357,12925,549,188,480,307,14522,58,4,1,334,376,44,4,7,0,1740,350,328,51,146,93,7,7,5,2,0,51.1,104,351,785,127,223,345,11,25,678,787,3642,862,1259,547,2,52.1
St. Louis,25.7,34,59,42.6,455,167,5,5,789,95,9719,13478,4152,5062,4186,5188,1143,2448,316,910,234,71,1160,518,1147,642,381,307,242,93,314,737,423,468,356,693,8,17617,1957,5883,7261,4698,655,17612,607,302,8629,386,142,566,290,9611,80,4,3,481,356,42,4,7,2,2015,529,551,45,170,127,8,7,7,0,0,50.6,193,597,928,163,257,488,30,57,1080,856,2825,884,1102,695,0,44.2
Standard Liège,24.8,30,32,32.0,335,108,2,4,574,51,11421,14826,4444,5288,5276,6237,1353,2572,240,923,219,64,1151,553,1140,519,326,251,219,49,239,460,221,327,324,670,6,18382,2087,6121,8425,4049,609,18378,617,310,12557,433,138,571,318,11314,55,4,2,336,366,63,2,7,0,1591,479,472,41,143,101,5,7,6,1,0,40.3,113,407,727,138,254,423,29,19,951,889,2844,625,1030,565,1,50.3
Stoke City,25.4,46,46,54.0,581,160,1,4,1019,78,16532,22108,6891,8153,7306,8822,1991,3960,446,1446,417,90,1879,714,1859,804,509,364,327,113,358,692,334,518,461,876,7,27199,2894,8778,11893,6771,986,27195,669,299,14089,468,197,743,395,16371,113,3,3,580,429,98,4,6,1,2354,753,795,60,179,120,14,6,5,0,1,57.7,244,824,1329,222,355,653,48,48,1548,1138,4452,1097,1690,867,1,50.6
Sunderland,22.6,46,51,61.7,660,212,6,6,1167,86,20990,25420,9487,10549,9200,10440,1809,3183,492,1554,351,66,2009,1066,1988,788,497,362,333,93,382,744,362,508,399,758,9,30540,2915,9829,13706,7310,1163,30534,1014,482,18216,715,366,757,428,20810,95,2,2,466,597,88,6,3,2,2222,556,608,54,167,114,13,3,2,1,0,54.7,143,407,1244,252,291,514,35,35,1164,1185,5063,1253,1946,879,1,55.4
Swansea City,25.3,46,57,58.8,529,168,4,7,937,98,20096,25094,9067,10129,8926,10234,1660,3565,402,1392,323,106,1686,818,1667,728,443,291,341,96,378,715,337,516,446,850,17,29990,3165,10573,13546,6107,861,29983,716,293,16535,517,158,699,361,19865,96,4,3,476,550,86,7,5,2,2122,631,802,65,206,143,10,5,5,0,0,68.5,222,779,1866,259,357,595,35,64,1433,1060,4171,1035,1448,821,0,54.8
São Paulo,26.7,38,40,49.5,513,162,5,9,920,64,18241,21653,7913,8681,8031,8943,1871,2941,383,1437,299,74,1665,694,1655,545,346,247,235,63,295,647,352,402,263,637,8,25509,2379,7557,12451,5732,766,25500,883,467,15476,541,138,506,360,18077,107,5,3,530,532,76,6,9,1,1860,488,489,38,134,97,15,9,8,0,1,43.3,157,398,961,168,274,502,22,30,977,866,4014,984,1277,641,1,59.5
Südtirol,28.6,38,45,38.0,345,95,12,12,622,77,13329,17368,5608,6499,5698,6827,1699,3139,258,1021,247,90,1246,477,1228,587,351,294,218,75,246,525,279,393,351,829,7,21431,2347,7262,9800,4586,619,21419,517,222,10732,382,91,603,265,13212,97,3,1,581,512,45,11,6,1,1679,645,638,48,137,89,10,6,5,1,0,43.4,303,725,978,142,333,630,50,25,1283,868,2951,699,1047,597,1,48.0
Talleres,26.7,27,41,43.2,353,108,1,3,612,70,8774,11685,3557,4236,3693,4476,1322,2339,269,765,194,26,1010,460,1003,439,288,204,201,34,208,478,270,310,227,535,0,14784,1427,4625,7294,3064,528,14781,668,346,7732,299,115,432,219,8703,59,3,1,338,321,45,3,3,2,1542,428,437,23,102,81,10,3,3,0,0,28.1,160,420,653,61,200,376,33,28,865,651,2473,682,863,496,0,49.7
Ternana,25.5,38,43,45.2,476,142,1,4,817,72,10844,15183,4618,5573,4612,5798,1373,2947,348,937,274,104,1228,590,1218,608,386,311,226,71,306,607,301,458,381,852,8,19431,2255,6573,8639,4459,734,19427,517,238,10049,396,121,543,301,10714,99,5,2,535,462,78,3,8,2,1826,616,713,50,187,139,9,8,8,0,0,55.0,225,686,766,138,340,639,38,12,1329,844,3036,889,1233,692,0,43.8
The Strongest,30.0,6,5,7.7,95,32,1,1,161,9,1448,2049,641,773,540,689,187,415,71,124,41,9,178,63,177,77,49,36,27,14,39,101,62,72,40,126,2,2720,347,876,1142,742,113,2719,137,75,1261,69,14,85,54,1432,9,0,0,74,51,12,1,1,0,274,77,92,7,33,26,1,1,1,0,0,10.8,53,114,99,17,64,103,6,6,169,139,418,170,177,88,0,39.3
Tigre,27.4,27,26,34.3,406,122,3,3,701,43,9849,13046,4309,5088,4182,5086,1180,2190,286,900,193,73,1177,474,1171,494,298,224,205,65,252,537,285,322,287,543,15,16327,1460,4739,7926,3867,478,16324,647,315,9065,370,75,467,251,9769,51,3,2,277,257,34,1,1,0,1744,470,443,29,112,83,7,1,1,0,0,30.4,162,400,689,61,213,346,31,28,913,718,2822,744,819,550,0,54.8
Tijuana,27.0,34,43,41.4,501,140,7,8,846,70,11084,14615,4036,4796,5320,6394,1567,2806,368,1121,260,93,1369,575,1346,761,462,329,343,89,297,563,266,314,306,557,12,18697,1763,5530,8687,4741,727,18689,691,315,9865,425,124,675,330,10923,79,4,1,426,391,29,4,5,1,1867,521,550,56,171,115,4,5,3,1,1,55.9,185,421,761,113,275,391,18,27,1071,1005,3290,916,1204,759,2,47.9
Toluca,27.0,34,60,55.5,453,155,9,11,819,106,15757,18875,6361,7094,7347,8218,1789,2829,349,1237,336,57,1516,634,1493,584,368,266,253,65,270,559,289,337,291,544,9,22512,2212,7051,10571,5097,831,22501,574,270,13124,480,155,534,300,15542,77,6,2,381,338,46,9,2,0,1626,365,414,42,147,105,9,2,2,0,0,42.6,162,417,939,140,318,441,23,34,779,834,3643,925,1379,638,0,56.8
Toronto FC,27.0,34,26,31.3,347,122,1,1,621,49,14408,17419,6909,7611,5840,6653,1277,2277,266,1065,210,37,1200,533,1193,575,370,315,210,50,299,583,284,330,324,608,17,21066,2314,7497,9460,4320,563,21064,705,323,12464,429,161,545,315,14311,51,3,2,322,424,58,1,4,2,1807,334,320,59,166,108,6,4,3,1,0,52.8,137,425,837,173,299,507,28,37,654,860,2926,670,971,669,1,50.1
Twente,25.4,34,67,57.9,565,167,3,3,987,116,14631,18551,6265,7209,6527,7497,1490,2824,428,1336,415,82,1655,635,1643,541,323,229,221,91,294,625,331,361,269,517,9,22297,2022,6541,9521,6398,1031,22294,567,245,11958,407,169,523,291,14479,51,3,1,333,365,59,1,6,2,1819,496,584,36,129,94,10,6,5,1,0,42.0,134,450,943,165,236,373,21,55,1080,814,3933,1103,1697,617,1,56.2
UANL,29.8,34,66,51.1,457,152,6,7,814,121,15393,18655,6497,7217,7022,7942,1513,2631,359,1228,303,108,1570,597,1554,582,352,263,256,63,290,580,290,351,301,476,12,22226,2122,6672,10570,5175,734,22219,590,287,12780,412,136,520,345,15231,75,3,0,365,407,58,3,2,2,1730,353,415,41,147,108,9,2,2,0,0,39.1,163,416,1123,145,270,418,30,49,768,865,3721,935,1281,642,0,56.0
UNAM,27.2,34,52,48.7,488,149,8,8,859,86,11667,14922,4505,5185,5558,6496,1381,2569,369,1044,255,81,1276,589,1266,606,403,261,289,56,271,598,327,357,266,658,7,18913,1926,5749,9098,4281,678,18905,708,338,9979,430,136,607,287,11552,98,4,0,433,345,44,3,10,2,1757,515,497,40,137,97,12,10,8,2,0,39.1,198,466,743,159,324,469,38,53,1012,894,3131,945,1150,674,2,49.7
Union SG,26.2,30,63,58.3,476,171,10,11,824,110,11085,14494,4367,5330,4929,5992,1406,2409,367,1044,286,60,1462,627,1444,619,412,261,258,100,330,667,337,404,349,532,11,18435,1581,5351,8426,4892,845,18424,630,260,12217,470,199,570,298,10959,69,2,1,366,340,57,10,3,0,1873,490,458,31,90,59,8,3,3,0,0,30.9,159,347,849,123,179,324,21,32,948,868,3533,934,1390,742,0,49.6
Unión,25.5,27,19,22.4,316,94,1,1,527,31,7407,10597,3215,3872,3136,4019,892,1982,213,606,159,52,830,438,824,563,350,275,241,47,292,579,287,320,256,575,3,13821,1394,4804,6054,3189,457,13820,661,339,6702,333,77,478,281,7330,63,5,0,361,319,31,1,4,0,1682,424,481,25,90,64,13,4,3,1,0,30.3,102,314,456,99,231,379,25,19,905,759,2092,558,745,642,1,47.2
Utrecht,25.7,34,48,46.3,448,151,1,1,803,81,11848,15721,4768,5602,5411,6542,1405,2698,344,1043,299,90,1403,552,1392,573,359,275,228,70,287,577,290,362,246,726,9,19513,2199,6055,8874,4759,772,19512,500,238,10249,363,130,570,263,11744,47,2,1,362,345,49,1,6,1,1670,498,488,47,162,115,8,6,5,1,0,48.7,180,489,888,157,280,464,44,33,986,833,3347,884,1291,646,1,48.4
Vancouver W'caps,25.8,34,51,54.6,443,151,6,8,801,86,13297,16612,5239,5928,6306,7215,1532,2779,344,1058,350,102,1387,532,1382,566,359,239,241,86,240,515,275,350,350,648,9,20062,2061,6481,8993,4776,835,20054,493,246,11148,399,104,445,201,13210,66,1,1,408,358,59,8,1,1,1778,423,442,48,147,99,8,1,0,1,0,49.0,132,403,776,107,247,469,26,20,865,646,3301,887,1391,599,1,49.0
Vasco da Gama,26.2,38,41,47.6,476,148,4,4,836,69,13732,17392,6025,6783,5928,6963,1469,2714,342,1120,308,145,1358,664,1345,609,358,302,245,62,277,681,404,428,318,815,8,21555,2262,6853,9976,5010,722,21551,792,393,12357,513,119,541,284,13606,101,6,3,557,510,67,4,5,0,1941,544,578,51,182,130,9,5,4,1,0,52.9,137,369,633,144,316,600,34,15,1122,825,3367,905,1294,635,1,48.8
Venezia,25.5,38,69,58.0,517,158,5,6,918,112,15126,19038,5840,6772,7356,8426,1700,3035,395,1194,319,95,1488,673,1477,483,305,249,166,68,228,440,212,425,287,750,12,23067,2431,7734,10330,5208,854,23061,525,228,12846,467,138,581,262,15010,68,5,3,476,435,52,4,7,1,1826,551,571,46,134,88,12,7,6,1,0,41.7,146,406,1002,184,273,548,17,24,1122,843,3638,1030,1406,533,1,52.8
Vitesse,24.9,34,29,37.7,447,145,1,1,780,49,12139,15826,5123,5955,5278,6205,1448,2808,339,983,237,64,1210,590,1192,527,321,275,182,70,238,517,279,386,302,636,11,19818,2463,6919,8644,4476,764,19817,684,307,10718,390,186,585,290,11975,62,5,3,400,318,50,0,7,1,1668,574,520,74,225,150,3,7,5,2,0,70.4,235,698,1106,153,293,450,18,25,1094,875,2992,829,1251,559,2,50.3
Vitória,26.1,34,49,45.1,452,135,5,8,786,85,11319,15030,4900,5756,4798,5871,1324,2531,336,1002,289,88,1361,467,1353,505,320,241,205,59,283,555,272,366,277,643,7,18766,1700,5296,8761,4877,713,18757,506,219,9436,349,97,537,223,11217,94,3,0,483,414,80,7,6,1,1683,627,523,38,126,88,10,6,5,1,0,45.5,188,438,727,113,258,469,27,39,1150,760,3181,871,1187,603,1,48.6
Vizela,24.9,34,34,40.6,420,134,2,4,746,58,12050,15405,5678,6410,4782,5659,1248,2445,317,993,251,93,1244,462,1234,521,312,262,198,61,257,536,279,384,266,766,8,19292,2145,6415,8607,4472,618,19288,547,248,10276,358,109,593,317,11912,82,5,3,503,470,54,4,6,2,1578,508,523,66,161,97,8,6,5,0,1,54.1,163,435,807,122,327,582,25,46,1031,910,2940,804,1071,569,1,49.6
Volendam,23.4,34,33,36.6,341,116,1,1,583,55,9415,12951,3660,4370,4245,5173,1326,2762,257,776,163,57,936,510,928,613,367,358,195,60,322,665,343,410,299,862,11,16966,2567,6618,6943,3572,561,16965,566,270,8446,372,108,504,265,9277,58,3,2,318,257,54,1,1,0,1510,568,576,88,273,185,2,1,1,0,0,84.2,250,753,1162,178,325,556,45,43,1144,769,2374,638,889,689,0,41.4
Vélez Sarsfield,25.9,27,23,23.9,268,81,2,2,474,39,8845,11900,3881,4615,3765,4656,994,1905,191,693,135,36,922,432,914,520,331,255,223,42,265,576,311,359,302,547,3,15333,1365,5000,7381,3141,410,15331,738,389,8324,290,74,556,319,8775,61,3,3,340,332,40,1,3,2,1701,530,487,27,89,64,9,3,3,0,0,25.3,130,303,460,85,224,363,11,11,1017,875,2268,513,655,596,0,52.0
Watford,25.5,46,61,53.2,616,186,1,1,1093,100,18473,23331,7254,8334,8627,10035,2199,3899,486,1470,369,96,1867,828,1850,757,482,382,300,75,398,735,337,519,431,851,18,28456,2985,9619,12531,6567,971,28455,838,388,15728,563,237,791,404,18288,104,3,1,581,468,76,0,7,3,2259,626,659,61,199,137,14,7,3,4,0,62.8,123,466,1540,228,314,580,28,77,1285,1195,4545,1193,1673,880,4,51.9
West Brom,28.0,46,68,60.1,528,155,5,5,939,115,19065,23670,8658,9670,8348,9687,1661,3194,402,1315,321,116,1693,854,1673,587,364,279,223,85,287,560,273,469,388,863,13,28422,2958,9482,12477,6702,891,28417,782,340,15777,582,185,719,400,18813,79,1,1,377,464,81,4,7,0,1984,721,593,47,148,98,18,7,3,3,1,46.9,138,492,1362,198,299,589,32,57,1314,1119,4220,1054,1513,651,4,52.2
Westerlo,25.1,30,41,40.4,358,112,8,8,647,69,10860,14187,4163,5106,4948,5886,1415,2448,258,849,213,56,1184,487,1168,536,345,265,211,60,250,506,256,401,333,644,12,17773,2137,6115,7981,3917,533,17765,551,262,11963,398,111,528,265,10733,64,2,1,335,307,52,7,3,2,1577,439,432,54,155,103,5,3,3,0,0,48.6,142,389,891,125,266,428,24,27,871,793,2839,716,913,595,0,47.5
Zwolle,26.3,34,45,43.1,427,160,2,2,764,77,12385,15989,5068,5930,5656,6630,1411,2653,322,912,256,88,1239,520,1229,558,351,318,182,58,314,614,300,358,312,849,10,19897,2822,7530,8507,4006,636,19895,447,213,10616,394,116,499,252,12275,67,2,1,366,277,57,2,10,4,1591,526,540,67,196,131,5,10,8,2,0,64.0,256,666,1132,198,322,585,38,36,1066,751,2988,841,1096,665,2,49.0
Ñublense,29.3,6,3,4.8,83,22,0,0,142,6,2267,2845,1037,1166,913,1061,238,439,63,180,37,16,232,87,231,109,65,56,43,10,66,142,76,78,68,89,3,3507,309,1049,1733,760,110,3507,104,59,1863,63,18,87,48,2256,18,1,1,98,54,10,0,1,0,337,77,76,10,30,19,1,1,0,1,0,10.1,26,79,105,13,43,68,2,1,153,135,550,148,181,131,1,49.29999999999999
