Player,Team,League,Position,General Position,Nationality,Age,Minutes,Shots on Target Against,Goals Against,Saves,Post-Shot Expected Goals (PSxG),Save Efficiency,Clean Sheets,Completed Long Passes,Attempted Long Passes,Attempted Passes (excluding GK),Attempted Throws,Pass Length (Total),Attempted Goal Kicks,Goal Kick Length (Total),Crosses Faced,Crosses Stopped,Defensive Actions Outside Penalty Area,Distance of Defensive Actions (Total)
Aaron Ramsdale,Newcastle Utd,"English Premier League, UEFA Champions League",GK,Goalkeeper,ENG,27,644,26.0,12.0,16.0,9.6,-2.4,0,21.0,78.0,209.0,42.0,6498.8,42.0,2123.9,108.0,7.0,9.0,156.5
Aarón Escandell,Oviedo,Spanish La Liga,GK,Goalkeeper,ESP,30,1710,120.0,28.0,91.0,34.8,6.8,5,113.0,285.0,586.0,58.0,19967.6,119.0,4778.2,288.0,8.0,37.0,680.4
Adrian Šemper,Pisa,Italian Serie A,GK,Goalkeeper,CRO,27,1530,84.0,25.0,59.0,23.8,-1.2,4,138.0,325.0,467.0,56.0,18481.7,107.0,5713.8,259.0,19.0,6.0,98.6
Alban Lafont,Panathinaikos,UEFA Europa League,GK,Goalkeeper,FRA,26,360,11.0,3.0,8.0,3.7,0.7,2,14.0,49.0,109.0,15.0,3846.4,16.0,918.9,51.0,2.0,2.0,27.6
Alberto Paleari,Torino,Italian Serie A,GK,Goalkeeper,ITA,33,990,40.0,14.0,26.0,15.4,1.4,5,76.0,202.0,333.0,43.0,12495.1,67.0,3554.6,150.0,9.0,19.0,334.9
Alex Meret,Napoli,Italian Serie A,GK,Goalkeeper,ITA,28,360,12.0,4.0,8.0,3.7,-0.3,2,5.0,14.0,85.0,12.0,2191.4,24.0,569.3,20.0,1.0,6.0,124.9
Alexander Nübel,Stuttgart,"German Bundesliga, UEFA Europa League",GK,Goalkeeper,GER,29,1980,88.0,28.0,61.0,26.9,-1.1,8,120.0,281.0,799.0,100.0,25768.6,72.0,2999.5,248.0,18.0,36.0,665.5
Alexander Schlager,RB Salzburg,UEFA Europa League,GK,Goalkeeper,AUT,29,450,33.0,11.0,20.0,12.1,1.1,0,42.0,94.0,184.0,22.0,6674.7,30.0,1642.6,87.0,1.0,1.0,12.5
Alexandros Paschalakis,Olympiacos,UEFA Champions League,GK,Goalkeeper,GRE,36,90,1.0,0.0,1.0,0.1,0.1,1,2.0,3.0,14.0,1.0,379.4,8.0,246.4,1.0,0.0,4.0,84.8
Alisson,Liverpool,"English Premier League, UEFA Champions League",GK,Goalkeeper,BRA,33,1675,60.0,21.0,39.0,21.0,0.0,7,50.0,156.0,624.0,87.0,18339.5,42.0,1245.9,232.0,18.0,20.0,344.7
Alphonse Areola,West Ham,English Premier League,GK,Goalkeeper,FRA,32,1530,94.0,32.0,63.0,29.5,-2.5,0,93.0,326.0,384.0,81.0,15451.1,151.0,8421.7,302.0,14.0,2.0,43.7
Altay Bayındır,Manchester Utd,English Premier League,GK,Goalkeeper,TUR,27,540,23.0,11.0,12.0,9.2,-1.8,0,29.0,94.0,173.0,17.0,6473.6,18.0,876.0,62.0,4.0,7.0,131.7
Anatolii Trubin,Benfica,UEFA Champions League,GK,Goalkeeper,UKR,24,540,26.0,8.0,19.0,9.0,1.0,2,16.0,70.0,147.0,20.0,4960.9,25.0,928.4,82.0,7.0,2.0,40.3
Andreas Linde,Häcken,UEFA Europa Conference League,GK,Goalkeeper,SWE,32,90,10.0,1.0,9.0,3.0,2.0,0,3.0,7.0,30.0,9.0,810.0,3.0,72.9,13.0,0.0,2.0,33.6
Andriy Lunin,Real Madrid,UEFA Champions League,GK,Goalkeeper,UKR,26,90,8.0,3.0,5.0,2.6,-0.4,0,0.0,9.0,44.0,8.0,1086.8,6.0,243.0,17.0,0.0,1.0,19.0
Anthony Lopes,Nantes,French Ligue 1,GK,Goalkeeper,POR,35,1438,86.0,26.0,61.0,25.9,-0.1,3,72.0,187.0,541.0,75.0,17466.3,64.0,2290.5,278.0,13.0,18.0,362.0
Anton Ari Einarsson,Breiðablik,UEFA Europa Conference League,GK,Goalkeeper,ISL,31,540,33.0,11.0,22.0,8.2,-2.8,1,18.0,45.0,215.0,39.0,6144.9,15.0,565.3,93.0,2.0,5.0,82.9
Antonio Sivera,Alavés,Spanish La Liga,GK,Goalkeeper,ESP,29,1710,71.0,24.0,47.0,24.2,0.2,3,136.0,355.0,394.0,62.0,16866.1,150.0,8843.1,246.0,12.0,12.0,217.4
Antonis Tsiftsis,PAOK,UEFA Europa League,GK,Goalkeeper,GRE,26,180,12.0,3.0,9.0,3.7,0.7,1,5.0,22.0,39.0,8.0,1443.0,12.0,611.2,32.0,1.0,1.0,21.7
Arijanet Muric,Sassuolo,Italian Serie A,GK,Goalkeeper,KVX,27,1710,97.0,25.0,74.0,27.1,2.1,4,110.0,310.0,568.0,101.0,19780.6,121.0,6156.1,296.0,45.0,15.0,217.6
Arnau Tenas,Villarreal,"Spanish La Liga, UEFA Champions League",GK,Goalkeeper,ESP,24,360,16.0,8.0,8.0,4.8,-3.2,0,14.0,69.0,94.0,7.0,3470.4,34.0,2002.7,66.0,3.0,5.0,78.4
Arnaud Bodart,Lille,French Ligue 1,GK,Goalkeeper,BEL,27,180,6.0,3.0,3.0,4.1,1.1,0,10.0,22.0,70.0,9.0,2137.8,7.0,234.0,12.0,1.0,4.0,87.0
Augusto Batalla,Rayo Vallecano,"Spanish La Liga, UEFA Europa Conference League",GK,Goalkeeper,ARG,29,2250,89.0,29.0,60.0,29.2,0.2,8,148.0,391.0,823.0,95.0,31517.5,95.0,4372.1,317.0,16.0,30.0,599.5
Baboucarr Gaye,Shkëndija 79,UEFA Europa Conference League,GK,Goalkeeper,GAM,27,630,21.0,5.0,16.0,5.2,0.2,3,33.0,107.0,162.0,22.0,6026.3,58.0,2655.7,114.0,3.0,1.0,14.6
Bart Verbruggen,Brighton,English Premier League,GK,Goalkeeper,NED,23,1890,85.0,28.0,59.0,28.9,0.9,5,57.0,217.0,864.0,92.0,24681.1,59.0,2552.4,264.0,13.0,26.0,429.8
Bartosz Mrozek,Lech Poznań,UEFA Europa Conference League,GK,Goalkeeper,POL,25,540,23.0,8.0,15.0,6.4,-1.6,1,15.0,43.0,155.0,27.0,3896.0,39.0,1442.0,113.0,0.0,6.0,119.2
Bartłomiej Drągowski,Panathinaikos,UEFA Europa League,GK,Goalkeeper,POL,28,180,10.0,4.0,6.0,4.0,0.0,0,11.0,34.0,65.0,11.0,2645.5,8.0,446.9,22.0,1.0,0.0,0.0
Berke Özer,Lille,"French Ligue 1, UEFA Europa League",GK,Goalkeeper,TUR,25,1890,79.0,26.0,50.0,32.8,6.8,7,81.0,229.0,720.0,60.0,21283.7,78.0,3110.0,274.0,9.0,25.0,424.2
Bernd Leno,Fulham,English Premier League,GK,Goalkeeper,GER,33,1890,81.0,30.0,53.0,26.7,-3.3,5,67.0,247.0,731.0,91.0,21651.6,118.0,5155.6,293.0,14.0,14.0,219.4
Bingourou Kamara,Lorient,French Ligue 1,GK,Goalkeeper,SEN,28,270,15.0,8.0,7.0,4.8,-3.2,1,12.0,22.0,65.0,7.0,1948.9,9.0,279.3,27.0,2.0,5.0,111.0
Brice Samba,Rennes,French Ligue 1,GK,Goalkeeper,FRA,31,1530,73.0,24.0,48.0,23.8,-0.2,5,61.0,197.0,609.0,71.0,19061.6,100.0,3080.5,251.0,11.0,25.0,551.8
Caoimhín Kelleher,Brentford,English Premier League,GK,Goalkeeper,IRL,27,1890,84.0,28.0,55.0,25.7,-2.3,5,127.0,344.0,702.0,100.0,23910.6,100.0,5706.8,322.0,18.0,23.0,394.3
Christian Zawieschitzky,RB Salzburg,UEFA Europa League,GK,Goalkeeper,AUT,18,90,2.0,0.0,2.0,0.2,0.2,1,3.0,11.0,32.0,2.0,979.2,3.0,41.1,19.0,0.0,0.0,0.0
Dani van den Heuvel,Club Brugge,UEFA Champions League,GK,Goalkeeper,NED,22,90,10.0,3.0,7.0,3.5,0.5,0,6.0,10.0,31.0,5.0,985.8,5.0,197.0,19.0,1.0,0.0,0.0
Daniel Batz,Mainz 05,"German Bundesliga, UEFA Europa Conference League",GK,Goalkeeper,GER,34,540,30.0,6.0,25.0,12.1,6.1,2,34.0,107.0,176.0,16.0,6432.0,28.0,1555.8,86.0,5.0,6.0,123.2
Daniel Heuer Fernandes,Hamburger SV,German Bundesliga,GK,Goalkeeper,POR,33,1440,78.0,27.0,50.0,25.7,-1.3,3,86.0,253.0,773.0,42.0,22930.0,79.0,3359.7,220.0,8.0,21.0,374.4
Daniele Padelli,Udinese,Italian Serie A,GK,Goalkeeper,ITA,40,180,4.0,2.0,3.0,1.4,-0.6,0,3.0,22.0,63.0,8.0,1863.4,8.0,395.2,28.0,0.0,3.0,58.8
Daniele Sommariva,Genoa,Italian Serie A,GK,Goalkeeper,ITA,28,176,12.0,4.0,8.0,3.6,-0.4,0,23.0,60.0,77.0,1.0,3267.2,14.0,793.3,36.0,0.0,2.0,31.2
David Raya,Arsenal,"English Premier League, UEFA Champions League",GK,Goalkeeper,ESP,30,2430,62.0,15.0,47.0,14.7,-0.3,15,130.0,394.0,881.0,130.0,30076.2,98.0,4953.0,257.0,26.0,47.0,1042.5
David Soria,Getafe,Spanish La Liga,GK,Goalkeeper,ESP,32,1710,85.0,25.0,62.0,21.9,-3.1,4,175.0,473.0,458.0,28.0,22828.9,129.0,7732.4,216.0,5.0,29.0,625.8
David de Gea,Fiorentina,"Italian Serie A, UEFA Europa Conference League",GK,Goalkeeper,ESP,35,2160,106.0,33.0,72.0,31.4,-1.6,5,103.0,300.0,658.0,90.0,22203.8,129.0,5157.5,318.0,9.0,20.0,371.8
Dean Henderson,Crystal Palace,"English Premier League, UEFA Europa Conference League",GK,Goalkeeper,ENG,28,2250,92.0,27.0,65.0,30.0,3.0,9,114.0,427.0,651.0,99.0,25292.1,172.0,8663.6,348.0,12.0,20.0,375.2
Diant Ramaj,Heidenheim,German Bundesliga,GK,Goalkeeper,GER,24,1440,89.0,36.0,53.0,35.6,-0.4,0,137.0,361.0,748.0,72.0,28958.4,109.0,5524.8,246.0,22.0,24.0,360.8
Dimitar Mitov,Aberdeen,UEFA Europa Conference League,GK,Goalkeeper,BUL,28,540,30.0,14.0,15.0,11.2,-2.8,1,26.0,105.0,163.0,23.0,6244.9,28.0,1601.6,87.0,7.0,3.0,44.8
Diogo Costa,Porto,UEFA Europa League,GK,Goalkeeper,POR,26,540,13.0,5.0,9.0,3.1,-1.9,2,21.0,51.0,204.0,32.0,5379.3,25.0,791.5,50.0,2.0,10.0,175.9
Dmytro Riznyk,Shakhtar,UEFA Europa Conference League,GK,Goalkeeper,UKR,26,180,5.0,2.0,3.0,2.0,0.0,1,3.0,13.0,55.0,4.0,1540.6,6.0,124.2,19.0,3.0,5.0,105.0
Dominik Greif,Lyon,"French Ligue 1, UEFA Europa League",GK,Goalkeeper,SVK,28,1530,60.0,16.0,42.0,18.2,2.2,9,54.0,146.0,597.0,62.0,16116.1,50.0,1997.3,196.0,13.0,30.0,542.6
Dominik Kotarski,FC Copenhagen,UEFA Champions League,GK,Goalkeeper,CRO,25,540,30.0,16.0,15.0,11.4,-4.6,0,33.0,86.0,150.0,18.0,5476.4,36.0,1777.3,67.0,0.0,10.0,175.1
Dominik Takáč,Slovan Bratislava,UEFA Europa Conference League,GK,Goalkeeper,SVK,26,450,31.0,9.0,23.0,8.5,-0.5,0,19.0,61.0,132.0,19.0,4383.3,34.0,1154.9,68.0,2.0,8.0,150.8
Donovan Léon,Auxerre,French Ligue 1,GK,Goalkeeper,GUF,33,1304,67.0,23.0,45.0,21.7,-1.3,3,78.0,243.0,375.0,58.0,15212.0,82.0,4643.5,167.0,6.0,16.0,293.5
Dávid Gróf,Ferencváros,UEFA Europa League,GK,Goalkeeper,HUN,36,90,2.0,1.0,1.0,1.4,0.4,0,5.0,9.0,25.0,2.0,802.5,1.0,66.0,9.0,0.0,0.0,0.0
Dénes Dibusz,Ferencváros,UEFA Europa League,GK,Goalkeeper,HUN,35,450,18.0,5.0,13.0,3.6,-1.4,1,38.0,84.0,124.0,17.0,4569.7,34.0,1739.1,90.0,3.0,3.0,43.6
Ed McGinty,"Shamrock Rov, Shamrock Rovers",UEFA Europa Conference League,GK,Goalkeeper,IRL,26,540,33.0,13.0,20.0,13.0,0.0,0,25.0,84.0,103.0,16.0,4177.3,51.0,2425.0,83.0,2.0,2.0,31.0
Ederson,Fenerbahçe,UEFA Europa League,GK,Goalkeeper,BRA,32,540,17.0,5.0,12.0,5.0,0.0,3,36.0,94.0,206.0,22.0,7284.3,38.0,1660.1,80.0,7.0,10.0,234.1
Edoardo Corvi,Parma,Italian Serie A,GK,Goalkeeper,ITA,24,720,29.0,8.0,21.0,8.6,0.6,2,32.0,92.0,252.0,50.0,7591.0,50.0,1844.8,174.0,8.0,12.0,199.9
Elia Caprile,Cagliari,Italian Serie A,GK,Goalkeeper,ITA,24,1800,104.0,30.0,74.0,33.1,3.1,3,94.0,264.0,533.0,89.0,19096.4,117.0,4433.8,269.0,30.0,20.0,382.7
Elías Rafn Ólafsson,Midtjylland,UEFA Europa League,GK,Goalkeeper,ISL,25,540,29.0,5.0,24.0,6.3,1.3,3,32.0,87.0,214.0,48.0,7057.7,35.0,1495.8,87.0,7.0,8.0,143.0
Emil Audero,Cremonese,Italian Serie A,GK,Goalkeeper,IDN,28,1440,88.0,21.0,67.0,21.0,0.0,5,84.0,329.0,652.0,89.0,22994.6,96.0,4912.3,266.0,23.0,10.0,140.8
Emiliano Martínez,Aston Villa,"English Premier League, UEFA Europa League",GK,Goalkeeper,ARG,33,1755,71.0,19.0,51.0,20.1,1.0,5,91.0,248.0,753.0,76.0,22865.1,62.0,2812.9,244.0,26.0,15.0,280.1
Etrit Berisha,Häcken,UEFA Europa Conference League,GK,Goalkeeper,ALB,36,450,20.0,7.0,14.0,6.3,-0.7,1,21.0,54.0,160.0,23.0,4697.3,17.0,862.4,43.0,4.0,10.0,191.8
Fabiano,AC Omonia,UEFA Europa Conference League,GK,Goalkeeper,CYP,37,180,8.0,2.0,6.0,1.9,-0.1,0,4.0,15.0,38.0,10.0,1285.6,6.0,137.2,19.0,0.0,0.0,0.0
Faton Maloku,KF Drita,UEFA Europa Conference League,GK,Goalkeeper,KVX,34,450,21.0,5.0,16.0,5.1,0.1,2,16.0,52.0,116.0,28.0,3742.4,48.0,1577.2,79.0,6.0,3.0,42.9
Federico Ravaglia,Bologna,"Italian Serie A, UEFA Europa League",GK,Goalkeeper,ITA,26,990,51.0,14.0,37.0,17.3,3.3,2,53.0,173.0,478.0,54.0,15299.9,64.0,2903.3,128.0,3.0,22.0,443.9
Filip Jørgensen,Chelsea,"English Premier League, UEFA Champions League",GK,Goalkeeper,DEN,23,263,7.0,4.0,3.0,3.5,-0.5,0,11.0,25.0,98.0,9.0,2633.8,9.0,366.0,34.0,0.0,6.0,112.9
Finn Dahmen,Augsburg,German Bundesliga,GK,Goalkeeper,GER,27,1440,71.0,32.0,39.0,26.9,-5.1,3,92.0,295.0,605.0,51.0,20958.0,106.0,5536.9,205.0,11.0,37.0,705.5
Florian Wiegele,Viktoria Plzeň,UEFA Europa League,GK,Goalkeeper,AUT,24,180,10.0,0.0,10.0,2.4,2.4,2,16.0,36.0,65.0,5.0,2349.8,9.0,518.4,28.0,1.0,2.0,33.0
Francis Uzoho,AC Omonia,UEFA Europa Conference League,GK,Goalkeeper,NGA,27,360,18.0,2.0,15.0,5.4,3.4,2,13.0,49.0,91.0,21.0,3027.7,16.0,804.2,71.0,3.0,1.0,13.7
Franco Israel,Torino,Italian Serie A,GK,Goalkeeper,URU,25,810,41.0,18.0,23.0,12.8,-5.2,3,58.0,168.0,273.0,33.0,10659.9,50.0,2531.3,121.0,7.0,5.0,110.4
Frederik Rønnow,Union Berlin,German Bundesliga,GK,Goalkeeper,DEN,33,1440,71.0,25.0,45.0,24.6,-0.4,4,98.0,322.0,444.0,68.0,17123.7,110.0,6307.6,235.0,21.0,12.0,221.7
Gabriel Kobylak,Legia Warsaw,UEFA Europa Conference League,GK,Goalkeeper,POL,23,90,2.0,1.0,1.0,0.4,-0.6,0,0.0,4.0,19.0,3.0,528.2,0.0,0.0,6.0,2.0,1.0,13.8
Gerónimo Rulli,Marseille,"French Ligue 1, UEFA Champions League",GK,Goalkeeper,ARG,33,1800,98.0,22.0,77.0,26.2,4.2,6,71.0,192.0,673.0,98.0,19072.8,73.0,2828.0,210.0,35.0,56.0,1148.8
Gianluigi Donnarumma,Manchester City,"English Premier League, UEFA Champions League",GK,Goalkeeper,ITA,26,2070,63.0,19.0,43.0,20.3,1.3,10,54.0,159.0,582.0,75.0,16376.1,63.0,2464.1,249.0,11.0,18.0,343.5
Giorgi Mamardashvili,Liverpool,"English Premier League, UEFA Champions League",GK,Goalkeeper,GEO,25,755,36.0,15.0,20.0,11.0,-4.0,3,29.0,89.0,260.0,40.0,7957.5,36.0,1442.1,79.0,2.0,13.0,316.8
Goran Karaćić,Zrinjski Mostar,UEFA Europa Conference League,GK,Goalkeeper,BIH,29,360,8.0,3.0,5.0,3.0,0.0,1,20.0,56.0,109.0,21.0,3702.7,27.0,1383.8,55.0,2.0,3.0,66.0
Gregor Kobel,Dortmund,"German Bundesliga, UEFA Champions League",GK,Goalkeeper,SUI,28,1980,82.0,28.0,55.0,26.9,-1.1,9,69.0,224.0,662.0,84.0,21088.7,81.0,2938.9,269.0,7.0,26.0,499.9
Grégoire Coudert,Brest,French Ligue 1,GK,Goalkeeper,FRA,26,662,32.0,12.0,21.0,11.8,-0.2,2,46.0,140.0,212.0,30.0,8255.6,50.0,2849.4,119.0,8.0,9.0,141.7
Guglielmo Vicario,Tottenham,"English Premier League, UEFA Champions League",GK,Goalkeeper,ITA,29,2430,109.0,34.0,75.0,35.0,1.0,11,124.0,394.0,970.0,119.0,32004.2,120.0,5198.6,357.0,21.0,50.0,928.4
Guillaume Restes,Toulouse,French Ligue 1,GK,Goalkeeper,FRA,20,1530,55.0,22.0,33.0,20.6,-1.4,6,80.0,212.0,415.0,53.0,14080.1,74.0,3390.6,244.0,17.0,16.0,284.3
Günay Güvenç,Galatasaray,UEFA Champions League,GK,Goalkeeper,TUR,34,23,1.0,1.0,0.0,0.9,-0.1,0,0.0,0.0,9.0,1.0,188.1,3.0,77.1,3.0,0.0,1.0,34.0
Hendrik Bonmann,Ludogorets,UEFA Europa League,GK,Goalkeeper,GER,31,270,21.0,8.0,13.0,8.9,0.9,0,18.0,57.0,126.0,14.0,4196.6,21.0,1055.3,50.0,6.0,2.0,27.6
Hendrik Van Crombrugge,Genk,UEFA Europa League,GK,Goalkeeper,BEL,32,540,26.0,6.0,19.0,8.6,2.6,2,33.0,86.0,206.0,15.0,6748.3,22.0,887.4,89.0,3.0,1.0,15.4
Henry Bonello,Ħamrun Spartans FC,UEFA Europa Conference League,GK,Goalkeeper,MLT,37,540,45.0,11.0,34.0,12.5,1.5,0,27.0,66.0,162.0,23.0,5548.3,35.0,1308.3,60.0,3.0,6.0,114.1
Hervé Koffi,Angers,French Ligue 1,GK,Goalkeeper,BFA,29,1350,78.0,16.0,60.0,23.0,7.0,5,50.0,171.0,426.0,77.0,13896.3,92.0,3341.7,231.0,28.0,10.0,135.9
Ionuț Radu,Celta Vigo,"Spanish La Liga, UEFA Europa League",GK,Goalkeeper,ROU,28,2070,97.0,26.0,70.0,27.2,1.2,5,57.0,221.0,488.0,121.0,15624.7,173.0,6976.5,330.0,15.0,13.0,218.7
Ivan Filipović,Dinamo Zagreb,UEFA Europa League,GK,Goalkeeper,CRO,31,180,14.0,7.0,8.0,4.8,-2.2,0,3.0,15.0,74.0,15.0,1800.1,11.0,391.0,21.0,2.0,3.0,45.1
Ivan Nevistić,Dinamo Zagreb,UEFA Europa League,GK,Goalkeeper,CRO,27,360,12.0,6.0,7.0,3.2,-2.8,0,18.0,53.0,178.0,13.0,4745.8,16.0,641.3,47.0,3.0,8.0,150.1
Ivan Provedel,Lazio,Italian Serie A,GK,Goalkeeper,ITA,31,1800,84.0,16.0,68.0,22.8,6.8,10,84.0,232.0,619.0,81.0,20518.0,103.0,4074.1,263.0,14.0,17.0,351.9
Iván Villar,Celta Vigo,UEFA Europa League,GK,Goalkeeper,ESP,28,180,9.0,3.0,6.0,2.6,-0.4,1,2.0,11.0,47.0,10.0,1142.3,7.0,343.0,24.0,0.0,2.0,40.6
Iñaki Peña,Elche,Spanish La Liga,GK,Goalkeeper,ESP,26,1080,60.0,17.0,43.0,20.2,3.2,4,49.0,175.0,655.0,50.0,18211.1,50.0,1724.1,156.0,5.0,27.0,508.4
Jack Butland,Rangers,UEFA Europa League,GK,Goalkeeper,ENG,32,540,28.0,11.0,16.0,10.9,-0.1,0,40.0,90.0,180.0,29.0,6606.2,21.0,1090.1,66.0,6.0,10.0,206.3
Jakub Markovič,Slavia Prague,UEFA Champions League,GK,Goalkeeper,CZE,24,180,13.0,3.0,10.0,4.7,1.7,1,19.0,42.0,50.0,3.0,2084.2,16.0,828.1,20.0,1.0,4.0,62.2
James Trafford,Manchester City,"English Premier League, UEFA Champions League",GK,Goalkeeper,ENG,23,360,17.0,6.0,11.0,7.1,1.1,1,10.0,38.0,122.0,13.0,3500.6,15.0,674.7,33.0,2.0,17.0,363.9
Jan Koutny,Sigma Olomouc,UEFA Europa Conference League,GK,Goalkeeper,CZE,21,540,23.0,9.0,14.0,8.4,-0.6,0,26.0,85.0,117.0,14.0,4676.9,38.0,1974.5,59.0,2.0,10.0,179.0
Jan Oblak,Atlético Madrid,"Spanish La Liga, UEFA Champions League",GK,Goalkeeper,SVN,32,2070,78.0,28.0,50.0,27.8,-0.2,6,141.0,304.0,606.0,92.0,19923.9,172.0,8296.5,304.0,19.0,21.0,397.1
Jari De Busser,Go Ahead Eag,UEFA Europa League,GK,Goalkeeper,BEL,26,540,44.0,11.0,33.0,13.5,2.5,0,23.0,85.0,221.0,20.0,7130.1,35.0,1903.3,104.0,4.0,3.0,63.5
Jaylan Hankins,Red Imps,UEFA Europa Conference League,GK,Goalkeeper,GIB,25,450,33.0,10.0,23.0,7.9,-2.1,0,34.0,110.0,132.0,20.0,5782.6,49.0,2477.2,104.0,4.0,2.0,24.3
Jean Butez,Como,Italian Serie A,GK,Goalkeeper,FRA,30,1710,66.0,13.0,52.0,17.7,4.7,9,88.0,203.0,725.0,93.0,21749.8,57.0,2186.2,186.0,18.0,55.0,1152.7
Jeffrey De Lange,Marseille,French Ligue 1,GK,Goalkeeper,NED,27,270,11.0,3.0,8.0,3.2,0.2,1,4.0,15.0,82.0,7.0,1904.2,7.0,256.0,33.0,0.0,2.0,35.5
Jindřich Staněk,Slavia Prague,UEFA Champions League,GK,Goalkeeper,CZE,29,360,28.0,8.0,20.0,10.4,2.4,1,25.0,69.0,134.0,19.0,4758.4,24.0,1232.4,47.0,4.0,2.0,28.8
Jiří Pavlenka,PAOK,UEFA Europa League,GK,Goalkeeper,CZE,33,360,19.0,7.0,11.0,8.1,1.1,1,10.0,33.0,107.0,12.0,3726.9,13.0,494.9,46.0,1.0,11.0,242.3
Joan García,Barcelona,"Spanish La Liga, UEFA Champions League",GK,Goalkeeper,ESP,24,1440,57.0,14.0,44.0,18.6,4.6,7,27.0,71.0,489.0,109.0,12497.8,47.0,1451.4,151.0,11.0,67.0,1513.0
Johannes Kreidl,KuPS,UEFA Europa Conference League,GK,Goalkeeper,AUT,29,540,25.0,5.0,20.0,8.2,3.2,2,54.0,130.0,322.0,22.0,10767.0,33.0,1487.0,105.0,6.0,7.0,130.4
John,Nott'ham Forest,"English Premier League, UEFA Europa League",GK,Goalkeeper,BRA,29,707,20.0,9.0,11.0,6.7,-2.3,3,34.0,91.0,171.0,10.0,5992.7,33.0,1547.4,62.0,1.0,10.0,205.1
Jonas Urbig,Bayern Munich,German Bundesliga,GK,Goalkeeper,GER,22,270,2.0,0.0,2.0,0.2,0.2,3,16.0,32.0,118.0,16.0,3286.0,11.0,439.3,23.0,3.0,11.0,240.2
Jonathan Fischer,Metz,French Ligue 1,GK,Goalkeeper,DEN,24,1454,92.0,34.0,58.0,33.4,-0.6,3,56.0,149.0,598.0,68.0,15970.0,82.0,3409.8,216.0,7.0,16.0,319.6
Jordan Pickford,Everton,English Premier League,GK,Goalkeeper,ENG,31,1890,82.0,25.0,56.0,28.1,3.1,8,170.0,463.0,739.0,78.0,29422.0,116.0,6311.2,309.0,9.0,43.0,854.9
Josep Martinez,Inter,Italian Serie A,GK,Goalkeeper,ESP,27,180,5.0,1.0,4.0,1.4,0.4,1,6.0,21.0,61.0,7.0,1672.4,9.0,433.8,21.0,0.0,4.0,84.8
José Luis García Vayá,Valencia,Spanish La Liga,GK,Goalkeeper,ESP,27,1,0.0,0.0,0.0,0.0,0.0,1,0.0,0.0,0.0,0.0,0.0,0.0,0.0,0.0,0.0,0.0,0.0
José Sá,Wolves,English Premier League,GK,Goalkeeper,POR,32,810,34.0,17.0,17.0,12.0,-5.0,1,58.0,163.0,237.0,32.0,9051.3,64.0,3708.2,138.0,12.0,6.0,101.8
João Virgínia,Sporting CP,UEFA Champions League,GK,Goalkeeper,POR,25,90,4.0,1.0,3.0,0.8,-0.2,0,1.0,6.0,22.0,7.0,695.2,5.0,190.0,7.0,1.0,1.0,16.5
Juan Musso,Atlético Madrid,"Spanish La Liga, UEFA Champions League",GK,Goalkeeper,ARG,31,180,7.0,1.0,6.0,1.0,0.0,1,4.0,14.0,46.0,9.0,1219.0,16.0,695.2,36.0,2.0,0.0,0.0
Julen Agirrezabala,Valencia,Spanish La Liga,GK,Goalkeeper,ESP,25,1619,81.0,30.0,51.0,24.7,-5.3,4,67.0,203.0,469.0,73.0,15118.1,99.0,4525.6,217.0,21.0,43.0,943.0
Kacper Tobiasz,Legia Warsaw,UEFA Europa Conference League,GK,Goalkeeper,POL,23,450,16.0,7.0,9.0,3.8,-3.2,0,29.0,82.0,148.0,17.0,5605.5,30.0,1343.8,66.0,1.0,7.0,133.7
Kacper Trelowski,Raków,UEFA Europa Conference League,GK,Goalkeeper,POL,22,180,1.0,1.0,0.0,0.1,-0.9,1,10.0,21.0,56.0,4.0,1587.9,11.0,577.6,18.0,1.0,4.0,79.4
Kamil Grabara,Wolfsburg,German Bundesliga,GK,Goalkeeper,POL,27,1440,84.0,36.0,50.0,33.4,-2.6,1,69.0,251.0,597.0,76.0,19394.0,89.0,5068.9,342.0,15.0,16.0,235.3
Karl Darlow,Leeds United,English Premier League,GK,Goalkeeper,WAL,35,450,20.0,8.0,13.0,5.1,-2.9,0,30.0,101.0,181.0,27.0,6848.4,26.0,1486.5,82.0,5.0,4.0,53.9
Karl Jakob Hein,Werder Bremen,German Bundesliga,GK,Goalkeeper,EST,23,180,15.0,4.0,11.0,4.7,0.7,1,15.0,36.0,111.0,11.0,3301.8,10.0,587.0,28.0,2.0,6.0,111.3
Karl-Johan Johnsson,Strasbourg,French Ligue 1,GK,Goalkeeper,SWE,35,90,2.0,0.0,2.0,0.3,0.3,1,3.0,10.0,32.0,2.0,947.2,2.0,91.0,13.0,1.0,3.0,56.7
Karlo Letica,Lausanne-Sport,UEFA Europa Conference League,GK,Goalkeeper,CRO,28,540,14.0,3.0,11.0,5.0,2.0,4,28.0,76.0,124.0,30.0,4551.8,42.0,1922.6,89.0,5.0,1.0,13.8
Kasper Schmeichel,Celtic,UEFA Europa League,GK,Goalkeeper,DEN,39,540,32.0,11.0,22.0,9.2,-1.8,0,24.0,76.0,225.0,18.0,6801.6,44.0,1752.0,85.0,2.0,7.0,137.0
Kauã Santos,Eint Frankfurt,"German Bundesliga, UEFA Champions League",GK,Goalkeeper,BRA,22,540,39.0,21.0,18.0,17.0,-4.0,0,18.0,92.0,222.0,28.0,7668.8,26.0,1102.9,74.0,7.0,6.0,175.5
Kevin Trapp,Paris FC,French Ligue 1,GK,Goalkeeper,GER,35,540,25.0,11.0,13.0,11.2,0.2,2,19.0,77.0,224.0,28.0,6783.7,50.0,1711.9,89.0,4.0,6.0,126.0
Kiril Fesiun,Shakhtar,UEFA Europa Conference League,GK,Goalkeeper,UKR,23,360,8.0,3.0,5.0,2.9,-0.1,2,11.0,22.0,157.0,14.0,3900.8,12.0,287.0,38.0,2.0,15.0,383.2
Kjell Scherpen,Union SG,UEFA Champions League,GK,Goalkeeper,NED,25,540,29.0,15.0,14.0,12.4,-2.6,1,18.0,65.0,120.0,15.0,4396.3,38.0,1753.8,97.0,6.0,4.0,51.6
Kostas Tzolakis,Olympiacos,UEFA Champions League,GK,Goalkeeper,GRE,23,450,21.0,13.0,8.0,8.5,-4.5,1,25.0,104.0,112.0,21.0,5698.9,24.0,1515.3,54.0,11.0,14.0,280.1
Krapyvtsov Vladyslav,Girona,Spanish La Liga,GK,Goalkeeper,UKR,20,136,9.0,6.0,3.0,3.4,-2.6,0,6.0,20.0,36.0,8.0,1096.0,11.0,600.2,22.0,0.0,0.0,0.0
Lasse Rieß,Mainz 05,"German Bundesliga, UEFA Europa Conference League",GK,Goalkeeper,GER,24,359,27.0,13.0,14.0,9.9,-3.1,1,14.0,53.0,106.0,10.0,3891.1,22.0,837.3,29.0,1.0,6.0,122.1
Laurit Behluli,KF Drita,UEFA Europa Conference League,GK,Goalkeeper,KVX,25,90,5.0,3.0,2.0,1.1,-1.9,0,2.0,9.0,4.0,3.0,121.2,16.0,654.4,14.0,0.0,0.0,0.0
Leo Román,Mallorca,Spanish La Liga,GK,Goalkeeper,ESP,25,1260,58.0,21.0,37.0,21.4,0.4,1,82.0,217.0,378.0,40.0,14052.1,78.0,3793.0,203.0,9.0,10.0,139.4
Lorenzo Montipò,Hellas Verona,Italian Serie A,GK,Goalkeeper,ITA,29,1710,78.0,31.0,49.0,23.3,-7.7,3,114.0,384.0,419.0,60.0,18316.8,143.0,8583.9,286.0,17.0,10.0,170.8
Lucas Bergström,Mallorca,Spanish La Liga,GK,Goalkeeper,FIN,23,450,22.0,7.0,15.0,6.6,-0.4,2,43.0,104.0,131.0,23.0,5561.6,37.0,2269.0,106.0,3.0,14.0,222.2
Lucas Chevalier,Paris S-G,"French Ligue 1, UEFA Champions League",GK,Goalkeeper,FRA,24,1800,57.0,21.0,35.0,19.4,-1.6,8,28.0,84.0,489.0,70.0,12198.4,69.0,2745.1,139.0,6.0,16.0,319.7
Lucas Perri,Leeds United,English Premier League,GK,Goalkeeper,BRA,28,1440,66.0,29.0,37.0,24.8,-4.2,3,87.0,343.0,543.0,70.0,21608.4,89.0,5324.7,225.0,9.0,7.0,130.5
Luiz Lúcio Reis Júnior,Villarreal,"Spanish La Liga, UEFA Champions League",GK,Goalkeeper,BRA,24,1800,67.0,22.0,44.0,22.8,0.8,7,41.0,149.0,415.0,101.0,12336.4,86.0,3105.2,253.0,27.0,35.0,591.6
Lukáš Horníček,Braga,UEFA Europa League,GK,Goalkeeper,CZE,23,540,25.0,5.0,19.0,6.5,1.5,4,19.0,71.0,220.0,26.0,6776.8,19.0,741.0,79.0,3.0,10.0,188.2
Lukáš Hrádecký,Monaco,"French Ligue 1, UEFA Champions League",GK,Goalkeeper,FIN,36,809,37.0,12.0,26.0,13.0,1.0,2,28.0,90.0,210.0,25.0,6878.5,47.0,1827.0,117.0,5.0,11.0,217.2
Lukáš Zima,FCSB,UEFA Europa League,GK,Goalkeeper,CZE,31,165,13.0,4.0,9.0,5.0,1.0,0,6.0,21.0,39.0,14.0,1295.4,11.0,493.2,26.0,0.0,0.0,0.0
Mads Hermansen,West Ham,English Premier League,GK,Goalkeeper,DEN,25,360,20.0,11.0,9.0,9.2,-1.8,1,19.0,72.0,141.0,19.0,4778.9,16.0,981.1,72.0,5.0,1.0,10.4
Maduka Okoye,Udinese,Italian Serie A,GK,Goalkeeper,NGA,26,996,46.0,16.0,29.0,14.7,-1.4,3,78.0,200.0,337.0,28.0,12417.9,49.0,2876.6,169.0,10.0,17.0,296.0
Manuel Neuer,Bayern Munich,"German Bundesliga, UEFA Champions League",GK,Goalkeeper,GER,39,1710,51.0,19.0,33.0,16.4,-2.6,6,84.0,212.0,699.0,85.0,21624.5,81.0,2723.4,179.0,10.0,60.0,1444.6
Marco Bizot,Aston Villa,"English Premier League, UEFA Europa League",GK,Goalkeeper,NED,34,675,39.0,9.0,31.0,10.8,1.8,4,30.0,86.0,286.0,34.0,8112.5,34.0,1483.7,117.0,7.0,19.0,370.3
Marco Carnesecchi,Atalanta,"Italian Serie A, UEFA Champions League",GK,Goalkeeper,ITA,25,2340,106.0,25.0,80.0,27.6,2.6,10,156.0,398.0,832.0,115.0,28317.5,139.0,7680.6,316.0,18.0,44.0,829.9
Marco Silvestri,Cremonese,Italian Serie A,GK,Goalkeeper,ITA,34,360,22.0,7.0,15.0,7.4,0.4,0,20.0,71.0,112.0,17.0,4111.8,44.0,1913.6,71.0,2.0,3.0,51.4
Marin Ljubić,Zrinjski Mostar,UEFA Europa Conference League,GK,Goalkeeper,CRO,28,180,10.0,7.0,3.0,5.2,-1.8,0,3.0,16.0,45.0,6.0,1427.0,14.0,593.8,23.0,1.0,3.0,55.6
Mark Flekken,Leverkusen,"German Bundesliga, UEFA Champions League",GK,Goalkeeper,NED,32,1980,109.0,36.0,74.0,33.4,-2.6,6,74.0,225.0,687.0,101.0,20540.6,122.0,5328.5,285.0,11.0,22.0,404.9
Marko Dmitrović,Espanyol,Spanish La Liga,GK,Goalkeeper,SRB,33,1710,80.0,20.0,60.0,20.4,0.4,7,103.0,328.0,461.0,68.0,19378.8,114.0,5979.8,275.0,22.0,15.0,265.3
Martin Dúbravka,Burnley,English Premier League,GK,Goalkeeper,SVK,36,1890,113.0,41.0,75.0,39.6,-1.4,3,148.0,454.0,554.0,91.0,19823.5,233.0,14114.5,378.0,14.0,13.0,161.4
Martin Jedlička,Viktoria Plzeň,UEFA Europa League,GK,Goalkeeper,CZE,27,360,15.0,2.0,13.0,5.3,3.3,2,19.0,69.0,99.0,16.0,4050.8,23.0,1317.1,55.0,2.0,0.0,0.0
Martin Trnovský,Slovan Bratislava,UEFA Europa Conference League,GK,Goalkeeper,SVK,25,90,1.0,0.0,1.0,0.3,0.3,1,2.0,9.0,21.0,3.0,684.6,11.0,294.8,23.0,2.0,0.0,0.0
Martin Zlomislić,Rijeka,UEFA Europa Conference League,GK,Goalkeeper,BIH,27,450,15.0,2.0,12.0,3.8,1.8,3,21.0,59.0,151.0,26.0,4682.2,20.0,1097.4,46.0,5.0,4.0,61.4
Marvin Keller,Young Boys,UEFA Europa League,GK,Goalkeeper,SUI,23,540,32.0,12.0,20.0,9.2,-2.8,2,26.0,80.0,202.0,20.0,6206.0,53.0,2101.5,66.0,0.0,8.0,148.2
Marvin Schwäbe,Köln,German Bundesliga,GK,Goalkeeper,GER,30,1440,75.0,26.0,48.0,25.6,-0.4,2,154.0,375.0,656.0,42.0,23098.6,149.0,8415.4,275.0,6.0,14.0,259.5
Marwin Hitz,Basel,UEFA Europa League,GK,Goalkeeper,SUI,38,450,31.0,7.0,23.0,8.7,1.7,1,20.0,47.0,141.0,20.0,4589.4,18.0,634.2,56.0,6.0,3.0,51.5
Massimo Pessina,Bologna,Italian Serie A,GK,Goalkeeper,ITA,17,83,1.0,0.0,1.0,0.1,0.1,1,7.0,16.0,31.0,3.0,1171.8,1.0,71.0,10.0,2.0,1.0,11.5
Matej Kovar,PSV Eindhoven,UEFA Champions League,GK,Goalkeeper,CZE,25,540,35.0,11.0,24.0,11.4,0.4,0,34.0,100.0,230.0,34.0,8023.4,29.0,1354.1,85.0,5.0,3.0,50.9
Mateusz Kochalski,Qarabağ,UEFA Champions League,GK,Goalkeeper,POL,25,540,32.0,13.0,19.0,11.4,-1.6,1,27.0,98.0,168.0,14.0,5854.9,58.0,3028.9,87.0,1.0,7.0,139.9
Matheus,Red Star,UEFA Europa League,GK,Goalkeeper,BRA,33,540,20.0,5.0,15.0,7.2,2.2,3,39.0,97.0,188.0,21.0,6223.8,40.0,1568.5,88.0,7.0,8.0,125.4
Mathew Ryan,Levante,Spanish La Liga,GK,Goalkeeper,AUS,33,1440,83.0,25.0,58.0,26.6,1.6,3,96.0,245.0,447.0,86.0,15569.4,129.0,6297.5,269.0,16.0,17.0,303.2
Mathias Dyngeland,Brann,UEFA Europa League,GK,Goalkeeper,NOR,30,540,27.0,7.0,20.0,9.6,2.6,3,39.0,121.0,285.0,16.0,9559.1,25.0,1153.1,113.0,4.0,11.0,182.5
Matteo Bignetti,Sturm Graz,UEFA Europa League,GK,Goalkeeper,AUT,21,90,6.0,2.0,4.0,2.6,0.6,0,3.0,17.0,25.0,2.0,910.0,12.0,519.6,18.0,0.0,1.0,10.0
Mattia Perin,Juventus,"Italian Serie A, UEFA Champions League",GK,Goalkeeper,ITA,33,360,18.0,6.0,12.0,5.1,-0.9,0,11.0,23.0,75.0,14.0,2388.2,18.0,565.8,34.0,1.0,1.0,36.0
Matvei Safonov,Paris S-G,"French Ligue 1, UEFA Champions League",GK,Goalkeeper,RUS,26,270,8.0,2.0,6.0,2.0,0.0,2,9.0,22.0,89.0,15.0,2301.7,7.0,333.0,36.0,2.0,6.0,97.4
Matz Sels,Nott'ham Forest,"English Premier League, UEFA Europa League",GK,Goalkeeper,BEL,33,1723,83.0,31.0,54.0,27.1,-3.9,4,83.0,274.0,460.0,70.0,17578.2,110.0,4321.2,261.0,7.0,21.0,416.5
Matías Dituro,Elche,Spanish La Liga,GK,Goalkeeper,ARG,38,630,25.0,7.0,18.0,7.5,0.5,1,69.0,151.0,399.0,25.0,12398.6,37.0,1881.8,92.0,11.0,26.0,471.7
Maxime Dupé,Nice,"French Ligue 1, UEFA Europa League",GK,Goalkeeper,FRA,32,180,7.0,2.0,5.0,2.7,0.7,0,8.0,26.0,75.0,5.0,2226.5,7.0,349.2,18.0,1.0,0.0,0.0
Melker Ellborg,Malmö,UEFA Europa League,GK,Goalkeeper,SWE,22,270,19.0,5.0,13.0,7.1,2.1,0,5.0,50.0,77.0,13.0,2763.2,29.0,1359.4,69.0,2.0,1.0,27.0
Melvin Zinga,Angers,French Ligue 1,GK,Goalkeeper,FRA,23,180,11.0,4.0,7.0,3.5,-0.5,0,8.0,23.0,49.0,14.0,1628.0,14.0,509.9,44.0,1.0,0.0,0.0
Michael Brouwer,Utrecht,UEFA Europa League,GK,Goalkeeper,NED,32,112,10.0,2.0,8.0,2.5,0.5,1,10.0,25.0,31.0,4.0,1245.3,7.0,338.2,21.0,0.0,1.0,16.2
Michael Zetterer,Eint Frankfurt,"German Bundesliga, UEFA Champions League",GK,Goalkeeper,GER,30,1440,74.0,28.0,46.0,22.6,-5.4,4,87.0,249.0,615.0,105.0,20620.3,74.0,3101.2,217.0,11.0,15.0,229.7
Michele Di Gregorio,Juventus,"Italian Serie A, UEFA Champions League",GK,Goalkeeper,ITA,28,1980,67.0,20.0,47.0,20.7,0.7,9,60.0,158.0,539.0,95.0,16338.7,79.0,2906.3,262.0,20.0,13.0,279.1
Mike Maignan,Milan,Italian Serie A,GK,Goalkeeper,FRA,30,1585,59.0,15.0,42.0,20.3,5.3,7,47.0,163.0,521.0,84.0,16570.6,71.0,3226.8,292.0,23.0,11.0,208.5
Mike Penders,Strasbourg,"French Ligue 1, UEFA Europa Conference League",GK,Goalkeeper,BEL,20,1980,84.0,26.0,58.0,27.1,1.1,7,67.0,174.0,1045.0,53.0,24808.7,64.0,2781.5,287.0,20.0,22.0,339.4
Mile Svilar,Roma,"Italian Serie A, UEFA Europa League",GK,Goalkeeper,SRB,26,2340,87.0,17.0,70.0,23.0,6.0,11,115.0,332.0,802.0,149.0,26448.5,162.0,7530.4,239.0,22.0,22.0,377.3
Mio Backhaus,Werder Bremen,German Bundesliga,GK,Goalkeeper,GER,21,1170,75.0,24.0,52.0,24.9,0.9,3,27.0,87.0,412.0,78.0,11322.7,49.0,2048.0,215.0,20.0,12.0,188.3
Mirko Salvi,Basel,UEFA Europa League,GK,Goalkeeper,SUI,31,90,5.0,2.0,3.0,1.7,-0.3,0,1.0,3.0,20.0,4.0,572.0,2.0,66.0,13.0,0.0,2.0,63.0
Miłosz Piekutowski,Jagiellonia,UEFA Europa Conference League,GK,Goalkeeper,POL,19,180,9.0,2.0,7.0,2.9,0.9,0,6.0,17.0,57.0,7.0,1462.1,11.0,407.8,33.0,2.0,2.0,25.4
Moritz Nicolas,Gladbach,German Bundesliga,GK,Goalkeeper,GER,28,1440,73.0,24.0,49.0,24.2,0.2,7,94.0,203.0,491.0,67.0,15294.9,58.0,2989.5,239.0,12.0,17.0,301.5
Mory Diaw,Le Havre,French Ligue 1,GK,Goalkeeper,SEN,32,1440,61.0,22.0,39.0,18.0,-4.0,5,84.0,212.0,495.0,80.0,15951.3,111.0,4125.6,249.0,29.0,20.0,290.2
Nauzet García,Red Imps,UEFA Europa Conference League,GK,Goalkeeper,ESP,31,90,10.0,5.0,5.0,4.1,-0.9,0,5.0,14.0,29.0,2.0,1070.1,4.0,140.0,17.0,1.0,2.0,29.6
Neofytos Michael,Pafos FC,UEFA Champions League,GK,Goalkeeper,CYP,31,540,36.0,9.0,27.0,9.7,0.7,3,25.0,102.0,183.0,29.0,6176.7,62.0,3225.0,120.0,3.0,3.0,51.0
Nick Pope,Newcastle Utd,"English Premier League, UEFA Champions League",GK,Goalkeeper,ENG,33,1786,86.0,21.0,66.0,21.4,0.4,9,62.0,227.0,437.0,138.0,14165.3,144.0,6934.9,246.0,30.0,48.0,897.2
Nicola Leali,Genoa,Italian Serie A,GK,Goalkeeper,ITA,32,1622,77.0,25.0,53.0,24.5,-0.5,3,82.0,241.0,430.0,50.0,15968.9,71.0,3197.0,266.0,11.0,15.0,330.9
Nikita Haikin,Bodø/Glimt,UEFA Champions League,GK,Goalkeeper,RUS,30,540,50.0,13.0,38.0,17.1,4.1,0,26.0,85.0,203.0,29.0,6833.8,24.0,1189.3,104.0,8.0,3.0,59.6
Niklas Hedl,Rapid Wien,UEFA Europa Conference League,GK,Goalkeeper,AUT,24,360,21.0,9.0,12.0,7.5,-1.5,0,20.0,52.0,70.0,9.0,2615.7,28.0,1601.1,49.0,1.0,11.0,257.7
Nikola Vasilj,St. Pauli,German Bundesliga,GK,Goalkeeper,BIH,30,1350,79.0,26.0,51.0,30.0,4.0,2,41.0,161.0,527.0,58.0,15984.7,26.0,1140.2,158.0,14.0,14.0,215.7
Noah Atubolu,Freiburg,"German Bundesliga, UEFA Europa League",GK,Goalkeeper,GER,23,1980,88.0,30.0,57.0,29.0,-1.0,7,151.0,445.0,881.0,78.0,31652.6,109.0,6385.2,267.0,12.0,35.0,693.7
Nordin Jackers,Club Brugge,UEFA Champions League,GK,Goalkeeper,BEL,28,432,32.0,13.0,20.0,9.2,-3.8,0,30.0,89.0,175.0,20.0,6323.9,22.0,1137.0,62.0,4.0,3.0,48.9
Obed Nkambadio,Paris FC,French Ligue 1,GK,Goalkeeper,FRA,22,990,43.0,20.0,22.0,15.8,-4.2,1,29.0,110.0,416.0,49.0,11791.5,71.0,1980.6,147.0,4.0,12.0,192.0
Odysseas Vlachodimos,Sevilla,Spanish La Liga,GK,Goalkeeper,GRE,31,1350,74.0,23.0,51.0,26.1,3.1,3,71.0,211.0,462.0,79.0,15893.8,85.0,4007.1,181.0,4.0,8.0,108.5
Ognjen Čančarević,FC Noah,UEFA Europa Conference League,GK,Goalkeeper,ARM,36,90,4.0,2.0,2.0,1.7,-0.3,0,5.0,17.0,31.0,1.0,1088.1,5.0,258.0,16.0,0.0,1.0,18.0
Okan Kocuk,Samsunspor,UEFA Europa Conference League,GK,Goalkeeper,TUR,30,540,14.0,6.0,8.0,6.3,0.3,3,19.0,47.0,137.0,28.0,3793.6,44.0,1593.5,78.0,6.0,5.0,113.8
Oliver Baumann,Hoffenheim,German Bundesliga,GK,Goalkeeper,GER,35,1350,62.0,20.0,42.0,19.5,-0.5,3,72.0,228.0,555.0,48.0,18624.5,60.0,2622.1,235.0,11.0,43.0,844.0
Oliver Christensen,Sturm Graz,UEFA Europa League,GK,Goalkeeper,DEN,26,450,22.0,6.0,16.0,6.7,0.7,1,11.0,51.0,127.0,17.0,4233.7,22.0,791.7,79.0,0.0,4.0,77.6
Oliwier Zych,Raków,UEFA Europa Conference League,GK,Goalkeeper,POL,21,360,17.0,1.0,16.0,3.2,2.2,3,17.0,69.0,118.0,15.0,4179.5,26.0,1547.2,45.0,4.0,1.0,15.0
Pablo Cuñat,Levante,Spanish La Liga,GK,Goalkeeper,ESP,23,180,14.0,5.0,10.0,4.7,-0.3,0,11.0,37.0,45.0,14.0,1878.9,26.0,1250.8,46.0,2.0,1.0,9.9
Pape Mamadou Sy,Metz,French Ligue 1,GK,Goalkeeper,SEN,28,76,8.0,4.0,4.0,2.9,-1.1,0,6.0,19.0,21.0,2.0,867.3,8.0,447.2,10.0,1.0,1.0,17.0
Patrik Carlgren,Nantes,French Ligue 1,GK,Goalkeeper,SWE,33,92,5.0,2.0,3.0,0.7,-1.3,0,2.0,19.0,29.0,8.0,1199.0,9.0,403.8,39.0,1.0,0.0,0.0
Pau López,Betis,"Spanish La Liga, UEFA Europa League",GK,Goalkeeper,ESP,30,720,31.0,9.0,21.0,9.0,0.0,2,28.0,77.0,198.0,32.0,6195.8,51.0,2352.4,109.0,4.0,6.0,132.9
Paul Argney,Le Havre,French Ligue 1,GK,Goalkeeper,FRA,19,90,3.0,1.0,2.0,1.0,0.0,0,4.0,9.0,28.0,3.0,772.8,5.0,165.0,18.0,2.0,0.0,0.0
Paul Gartler,Rapid Wien,UEFA Europa Conference League,GK,Goalkeeper,AUT,28,180,13.0,5.0,8.0,4.3,-0.7,0,11.0,42.0,48.0,4.0,2081.7,18.0,985.5,24.0,1.0,6.0,146.8
Paulo Gazzaniga,Girona,Spanish La Liga,GK,Goalkeeper,ARG,34,1572,87.0,28.0,59.0,28.8,0.8,3,68.0,254.0,588.0,81.0,19250.8,93.0,5274.8,280.0,11.0,20.0,339.1
Pavlo Isenko,CS U Craiova,UEFA Europa Conference League,GK,Goalkeeper,UKR,22,539,24.0,8.0,16.0,8.4,0.4,2,22.0,59.0,137.0,23.0,4355.4,48.0,1591.8,110.0,2.0,5.0,96.4
Peter Vindahl Jensen,Sparta Prague,UEFA Europa Conference League,GK,Goalkeeper,DEN,27,450,11.0,2.0,9.0,2.1,0.1,3,17.0,44.0,197.0,22.0,5371.8,11.0,464.0,35.0,0.0,8.0,182.7
Philipp Köhn,Monaco,"French Ligue 1, UEFA Champions League",GK,Goalkeeper,SUI,27,1261,69.0,26.0,44.0,24.3,-1.7,4,35.0,91.0,331.0,65.0,9247.6,67.0,2147.0,169.0,12.0,25.0,442.8
Pietro Terracciano,Milan,Italian Serie A,GK,Goalkeeper,ITA,35,125,4.0,0.0,4.0,0.2,0.2,2,7.0,9.0,30.0,5.0,919.2,6.0,260.0,19.0,1.0,0.0,0.0
Péter Gulácsi,RB Leipzig,German Bundesliga,GK,Goalkeeper,HUN,35,1350,56.0,19.0,37.0,18.7,-0.3,7,35.0,112.0,442.0,62.0,12662.2,80.0,3013.0,208.0,12.0,21.0,365.9
Radosław Majecki,Brest,French Ligue 1,GK,Goalkeeper,POL,25,864,41.0,15.0,26.0,11.2,-5.1,3,69.0,147.0,279.0,42.0,10055.9,61.0,3133.3,145.0,9.0,5.0,69.3
Razvan Sava,Udinese,Italian Serie A,GK,Goalkeeper,ROU,23,620,26.0,14.0,12.0,9.8,-4.2,1,19.0,58.0,159.0,24.0,4635.5,38.0,1569.4,83.0,2.0,6.0,129.8
Remko Pasveer,Ajax,UEFA Champions League,GK,Goalkeeper,NED,41,180,18.0,8.0,10.0,7.7,-0.3,0,10.0,41.0,85.0,12.0,3153.5,13.0,539.5,33.0,1.0,0.0,0.0
Robert Sánchez,Chelsea,"English Premier League, UEFA Champions League",GK,Goalkeeper,ESP,28,2164,85.0,28.0,58.0,29.4,1.2,10,122.0,387.0,909.0,107.0,30154.5,104.0,5611.9,262.0,33.0,23.0,399.6
Robin Olsen,Malmö,UEFA Europa League,GK,Goalkeeper,SWE,35,270,25.0,7.0,18.0,7.7,0.7,0,13.0,36.0,68.0,12.0,2556.2,22.0,747.2,45.0,0.0,2.0,31.0
Robin Risser,Lens,French Ligue 1,GK,Goalkeeper,FRA,21,1530,61.0,13.0,46.0,18.0,5.0,6,52.0,151.0,448.0,67.0,14051.5,78.0,3082.5,222.0,11.0,10.0,188.3
Robin Roefs,Sunderland,English Premier League,GK,Goalkeeper,NED,22,1890,93.0,22.0,71.0,25.4,3.4,7,99.0,389.0,775.0,88.0,27456.6,115.0,7154.9,374.0,38.0,24.0,418.4
Robin Zentner,Mainz 05,"German Bundesliga, UEFA Europa Conference League",GK,Goalkeeper,GER,31,1079,43.0,12.0,32.0,10.6,-1.4,2,88.0,277.0,380.0,26.0,16591.4,73.0,3908.8,133.0,10.0,17.0,290.9
Roei Mashpati,Maccabi Tel Aviv,UEFA Europa League,GK,Goalkeeper,ISR,33,540,36.0,18.0,18.0,16.1,-1.9,1,24.0,53.0,212.0,19.0,6001.0,14.0,396.2,85.0,5.0,3.0,41.6
Rome-Jayden Owusu-Oduro,AZ Alkmaar,UEFA Europa Conference League,GK,Goalkeeper,NED,21,540,22.0,7.0,14.0,7.7,0.7,4,18.0,67.0,155.0,19.0,4971.0,24.0,1403.3,66.0,8.0,7.0,123.2
Rui Silva,Sporting CP,UEFA Champions League,GK,Goalkeeper,POR,31,450,25.0,7.0,18.0,6.9,-0.1,1,15.0,38.0,143.0,22.0,3719.7,26.0,836.0,55.0,4.0,3.0,51.9
Ruslan Neshcheret,Dynamo Kyiv,UEFA Europa Conference League,GK,Goalkeeper,UKR,23,540,30.0,9.0,21.0,9.4,0.4,2,31.0,72.0,238.0,30.0,7033.9,33.0,1410.4,74.0,3.0,6.0,84.1
Rémy Descamps,Lyon,"French Ligue 1, UEFA Europa League",GK,Goalkeeper,FRA,29,540,15.0,4.0,12.0,5.4,1.4,4,9.0,34.0,184.0,22.0,4904.4,19.0,581.0,70.0,2.0,5.0,87.2
Sam Johnstone,Wolves,English Premier League,GK,Goalkeeper,ENG,32,1080,59.0,24.0,39.0,18.7,-5.3,0,111.0,301.0,390.0,54.0,16355.3,100.0,5483.8,212.0,9.0,19.0,322.3
Senne Lammens,Manchester Utd,English Premier League,GK,Goalkeeper,BEL,23,1350,53.0,21.0,33.0,21.6,0.6,2,83.0,277.0,415.0,33.0,16335.1,82.0,4649.6,240.0,13.0,13.0,274.6
Sergio Herrera,Osasuna,Spanish La Liga,GK,Goalkeeper,ESP,32,1710,93.0,22.0,71.0,27.0,5.0,5,111.0,260.0,474.0,86.0,15485.0,163.0,7228.8,262.0,12.0,49.0,1179.1
Sergio Padt,Ludogorets,UEFA Europa League,GK,Goalkeeper,NED,35,270,14.0,6.0,9.0,4.6,-1.4,0,12.0,42.0,96.0,8.0,3281.2,10.0,365.9,45.0,3.0,3.0,44.9
Sherhan Kalmurza,Qaırat Almaty,UEFA Champions League,GK,Goalkeeper,KAZ,18,180,20.0,9.0,10.0,7.9,-1.1,0,9.0,28.0,41.0,10.0,1428.6,21.0,1020.1,24.0,2.0,2.0,30.0
Simon Mignolet,Club Brugge,UEFA Champions League,GK,Goalkeeper,BEL,37,18,1.0,0.0,0.0,0.7,0.0,0,3.0,5.0,0.0,1.0,0.0,0.0,0.0,2.0,0.0,0.0,0.0
Simone Scuffet,Pisa,Italian Serie A,GK,Goalkeeper,ITA,29,270,7.0,5.0,2.0,3.7,-1.3,0,29.0,47.0,97.0,12.0,3371.8,12.0,500.1,37.0,2.0,1.0,11.0
Stefan Târnovanu,FCSB,UEFA Europa League,GK,Goalkeeper,ROU,25,371,29.0,7.0,22.0,8.5,0.8,1,26.0,67.0,99.0,21.0,3715.5,34.0,1794.1,72.0,5.0,2.0,23.3
Stefano Turati,Sassuolo,Italian Serie A,GK,Goalkeeper,ITA,23,90,4.0,2.0,2.0,1.2,-0.8,0,0.0,16.0,23.0,4.0,936.1,3.0,201.9,9.0,1.0,1.0,10.0
Stole Dimitrievski,Valencia,Spanish La Liga,GK,Goalkeeper,MKD,32,90,1.0,1.0,0.0,0.4,-0.6,0,6.0,12.0,21.0,2.0,825.3,0.0,0.0,11.0,1.0,0.0,0.0
Sławomir Abramowicz,Jagiellonia,UEFA Europa Conference League,GK,Goalkeeper,POL,21,360,8.0,2.0,6.0,2.5,0.5,3,6.0,33.0,76.0,10.0,2470.4,21.0,794.1,56.0,2.0,0.0,0.0
Temirlan Anarbekov,Qaırat Almaty,UEFA Champions League,GK,Goalkeeper,KAZ,22,360,30.0,6.0,24.0,10.5,4.5,1,12.0,43.0,94.0,21.0,3378.3,17.0,675.5,77.0,2.0,5.0,123.2
Thibaut Courtois,Real Madrid,"Spanish La Liga, UEFA Champions League",GK,Goalkeeper,BEL,33,2160,92.0,21.0,71.0,23.2,2.2,10,72.0,224.0,724.0,112.0,22052.0,102.0,4250.0,242.0,16.0,44.0,899.5
Thomas Strakosha,AEK Athens,UEFA Europa Conference League,GK,Goalkeeper,ALB,30,540,23.0,7.0,17.0,7.8,0.8,2,23.0,58.0,135.0,20.0,4415.8,37.0,1264.2,71.0,6.0,5.0,89.5
Théo De Percin,Auxerre,French Ligue 1,GK,Goalkeeper,MTQ,24,226,11.0,4.0,7.0,2.8,-1.2,0,16.0,52.0,73.0,6.0,3097.7,12.0,725.8,41.0,3.0,4.0,74.1
Timon Wellenreuther,Feyenoord,UEFA Europa League,GK,Goalkeeper,GER,30,540,24.0,13.0,11.0,11.0,-2.0,0,33.0,78.0,199.0,25.0,6696.1,13.0,445.0,58.0,4.0,12.0,232.8
Timothy Fayulu,FC Noah,UEFA Europa Conference League,GK,Goalkeeper,NAN,26,450,12.0,5.0,7.0,4.5,-0.5,1,15.0,46.0,174.0,15.0,5204.1,32.0,1010.0,56.0,3.0,10.0,147.1
Tommaso Martinelli,Fiorentina,UEFA Europa Conference League,GK,Goalkeeper,ITA,19,180,9.0,3.0,6.0,3.1,0.1,0,3.0,10.0,63.0,18.0,1468.6,7.0,105.2,27.0,1.0,2.0,26.6
Unai Simón,Athletic Club,"Spanish La Liga, UEFA Champions League",GK,Goalkeeper,ESP,28,2250,102.0,34.0,69.0,31.4,-2.6,7,117.0,399.0,720.0,105.0,25738.5,127.0,7480.5,252.0,25.0,65.0,1496.3
Uğurcan Çakır,Galatasaray,UEFA Champions League,GK,Goalkeeper,TUR,29,517,21.0,7.0,15.0,6.9,-1.7,2,38.0,101.0,217.0,22.0,8156.6,24.0,1070.1,71.0,2.0,7.0,145.4
Vanja Milinković-Savić,Napoli,"Italian Serie A, UEFA Champions League",GK,Goalkeeper,SRB,28,1890,70.0,24.0,45.0,23.0,-1.0,7,106.0,312.0,753.0,73.0,25365.0,132.0,6530.5,226.0,17.0,32.0,609.4
Vasilios Barkas,Utrecht,UEFA Europa League,GK,Goalkeeper,GRE,31,425,28.0,7.0,21.0,6.9,-0.1,0,27.0,71.0,130.0,12.0,4374.7,37.0,1730.5,51.0,2.0,5.0,79.4
Vitezslav Jaros,Ajax,UEFA Champions League,GK,Goalkeeper,CZE,24,360,20.0,10.0,10.0,6.3,-3.7,0,10.0,35.0,161.0,18.0,4368.4,17.0,669.3,29.0,1.0,4.0,90.9
Walter Benítez,Crystal Palace,UEFA Europa Conference League,GK,Goalkeeper,ARG,32,180,3.0,2.0,1.0,2.0,0.0,1,4.0,13.0,43.0,9.0,1273.2,7.0,161.0,11.0,1.0,1.0,12.4
Wessel Speel,Shelbourne FC,UEFA Europa Conference League,GK,Goalkeeper,NED,24,630,36.0,8.0,30.0,7.7,-0.3,2,61.0,159.0,148.0,17.0,6626.1,80.0,4635.5,99.0,5.0,0.0,0.0
Wladimiro Falcone,Lecce,Italian Serie A,GK,Goalkeeper,ITA,30,1710,79.0,27.0,51.0,27.0,0.0,6,120.0,407.0,519.0,51.0,23091.8,89.0,4603.2,277.0,12.0,19.0,311.6
Wojciech Szczęsny,Barcelona,"Spanish La Liga, UEFA Champions League",GK,Goalkeeper,POL,35,810,42.0,17.0,24.0,17.2,0.2,0,18.0,61.0,282.0,48.0,7222.3,45.0,1282.9,76.0,2.0,32.0,765.6
Yann Sommer,Inter,"Italian Serie A, UEFA Champions League",GK,Goalkeeper,SUI,37,2070,70.0,20.0,50.0,18.6,-1.4,11,81.0,191.0,738.0,79.0,20670.8,99.0,3443.7,230.0,12.0,24.0,545.3
Yehvann Diouf,Nice,"French Ligue 1, UEFA Europa League",GK,Goalkeeper,SEN,26,1890,114.0,41.0,73.0,34.0,-7.0,2,72.0,194.0,673.0,115.0,19107.6,76.0,3049.5,339.0,23.0,15.0,285.4
Yvon Mvogo,Lorient,French Ligue 1,GK,Goalkeeper,SUI,31,1260,46.0,21.0,27.0,16.8,-4.2,2,54.0,145.0,466.0,45.0,14311.2,45.0,2185.1,243.0,17.0,6.0,92.8
Zion Suzuki,Parma,Italian Serie A,GK,Goalkeeper,JPN,23,990,50.0,14.0,35.0,13.1,-0.9,3,99.0,250.0,355.0,43.0,14930.5,90.0,5502.6,166.0,11.0,18.0,420.3
Zlatan Alomerović,AÉK Lárnaka,UEFA Europa Conference League,GK,Goalkeeper,GER,34,540,13.0,1.0,12.0,2.1,1.1,5,21.0,68.0,133.0,25.0,4554.5,33.0,1498.1,87.0,7.0,7.0,167.5
Álex Remiro,Real Sociedad,Spanish La Liga,GK,Goalkeeper,ESP,30,1710,63.0,27.0,37.0,21.1,-5.9,1,116.0,263.0,582.0,69.0,18734.8,123.0,5840.9,221.0,16.0,28.0,597.7
Álvaro Vallés,Betis,"Spanish La Liga, UEFA Europa League",GK,Goalkeeper,ESP,28,1530,64.0,20.0,45.0,17.3,-2.7,7,44.0,172.0,509.0,62.0,16307.2,80.0,3124.2,244.0,12.0,30.0,570.0
Ørjan Nyland,Sevilla,Spanish La Liga,GK,Goalkeeper,NOR,35,360,16.0,7.0,9.0,6.3,-0.7,1,13.0,48.0,114.0,13.0,4025.7,16.0,897.9,51.0,0.0,5.0,94.9
Đorđe Petrović,Bournemouth,English Premier League,GK,Goalkeeper,SRB,26,1890,96.0,40.0,57.0,33.2,-6.8,5,79.0,252.0,467.0,101.0,15518.9,136.0,6593.0,274.0,24.0,35.0,567.5
Łukasz Skorupski,Bologna,"Italian Serie A, UEFA Europa League",GK,Goalkeeper,POL,34,1177,41.0,11.0,29.0,11.6,0.6,4,50.0,154.0,509.0,48.0,15786.0,63.0,2621.9,128.0,8.0,8.0,128.0
Žan Leban,NK Celje,UEFA Europa Conference League,GK,Goalkeeper,SVN,23,540,38.0,7.0,31.0,8.7,1.7,2,12.0,41.0,175.0,34.0,4690.5,41.0,1297.4,88.0,7.0,13.0,235.6
