Team,League,Matches,Minutes,Shots on Target Against,Goals Against,Saves,Post-Shot Expected Goals (PSxG),Save Efficiency,Clean Sheets,Completed Long Passes,Attempted Long Passes,Attempted Passes (excluding GK),Attempted Throws,Attempted Goal Kicks,Crosses Faced,Crosses Stopped,Defensive Actions Outside Penalty Area,Goals,Assists,Shots Total,Shots on Target,Expected Goals (xG),Non-Penalty Expected Goals (npxG),Penalty Kicks Made,Penalty Kicks Attempted,Shot-Creating Actions (SCA),Goal-Creating Actions (GCA),Key Passes,Passes into Final Third,Passes into Penalty Area,Crosses into Penalty Area,Crosses,Expected Assists (xA),Expected Assisted Goals (xAG),Passes Completed,Passes Attempted,Progressive Passes,Through Balls,Switches,Passes Blocked,Passes Offside,Live-ball Passes,Dead-ball Passes,Passes from Free Kicks,Passes Completed (Short),Passes Attempted (Short),Passes Completed (Medium),Passes Attempted (Medium),Passes Completed (Long),Passes Attempted (Long),Carries,Progressive Carries,Carries into Final Third,Carries into Penalty Area,Take-Ons Attempted,Successful Take-Ons,Times Tackled During Take-On,Tackles,Tackles Won,Tackles in Defensive Third,Tackles in Middle Third,Tackles in Attacking Third,Dribblers Tackled,Dribbles Challenged,Challenges Lost,Interceptions,Blocks,Shots Blocked,Clearances,Errors Leading to Shot,Ball Recoveries,Miscontrols,Dispossessed,Ball Losses,Passes Received,Progressive Passes Received,Touches,Touches in Defensive Penalty Area,Touches in Defensive Third,Touches in Middle Third,Touches in Attacking Third,Touches in Attacking Penalty Area,Live-Ball Touches,Yellow Cards,Red Cards,Fouls Committed,Fouls Drawn,Offsides,Penalty Kicks Conceded,Penalty Kicks Won,Own Goals,Aerials Won,Aerials Lost,Total Aerials,Pass Length,Goal Kick Length,Distance of Defensive Actions,Passing Distance,Carrying Distance,Progressive Pass Distance %,Progressive Carry Distance %
AC Omonia,Europa Conference League,8,7200.0,37.0,10.0,26.0,12.8,2.8,2,39.0,97.0,124.0,25.0,74.0,129.0,7.0,1.0,9,3,74,27,10.1,9.3,1,1,129,13,53,265,74,20,142,4.7,5.8,3083,3781,334,20,27,73,16,3452,313,88,1380,1552,1417,1629,233,418,2533,123,74,24,163,74,85,128,76,72,39,17,61,116,55,78,93,36,230,2,343,133,69,202,3136,332,4728,339,1444,2248,1082,139,4727,13,0,84,94,16,1,1,0,108,116,224,6.48,45.64,12.8,14.01,5.67,0.32,0.47
APOEL,Europa Conference League,8,7161.0,38.0,9.0,28.0,10.4,1.4,1,25.0,89.0,152.0,33.0,43.0,92.0,6.0,0.0,10,3,95,27,8.3,8.3,0,0,167,16,68,212,40,13,154,5.3,6.1,2777,3444,257,4,19,72,22,3099,323,99,1194,1352,1247,1456,259,434,2413,111,118,17,118,50,60,133,81,63,53,17,56,121,65,79,63,13,188,1,324,103,69,172,2794,253,4266,222,1042,2229,1041,117,4266,26,4,105,109,22,1,0,0,106,137,243,7.65,43.7,,14.06,5.65,0.31,0.48
AZ Alkmaar,Europa League,12,10793.0,51.0,19.0,31.0,16.6,-2.4,2,49.0,183.0,294.0,43.0,71.0,167.0,17.0,7.0,20,8,152,54,22.4,20.9,2,2,256,33,108,351,98,13,170,12.2,13.9,4121,5174,444,19,15,131,23,4736,415,107,1952,2214,1807,2124,260,520,3499,204,152,83,214,97,100,217,120,96,96,25,120,245,125,114,166,46,304,4,527,186,97,283,4140,442,6588,397,1818,3041,1815,276,6586,29,4,176,120,26,3,2,0,104,164,268,5.41,53.79,17.3,13.13,5.11,0.32,0.52
Ajax,Europa League,12,10988.0,59.0,16.0,43.0,19.5,3.0,4,65.0,194.0,455.0,46.0,45.0,192.0,15.0,9.0,21,11,147,64,20.3,17.9,3,3,253,33,107,326,84,16,179,12.9,12.0,4768,5753,406,29,25,95,15,5279,459,143,2408,2712,1874,2149,326,555,4050,195,153,57,214,92,110,230,139,108,84,38,112,202,90,139,137,44,321,7,541,184,101,285,4751,402,7191,551,2232,3451,1583,247,7188,30,3,162,158,17,1,2,0,171,160,331,3.03,42.79,20.4,13.23,5.05,0.31,0.47
Alavés,La Liga,38,34140.0,132.0,48.0,86.0,45.9,-2.9,9,361.0,877.0,887.0,82.0,289.0,552.0,36.0,31.0,38,20,393,123,41.8,33.0,9,11,678,61,283,915,228,99,798,22.5,24.6,9895,13566,1159,44,99,365,73,12017,1476,356,4498,5446,4255,5353,909,1904,8539,449,346,90,477,184,245,734,457,343,307,84,345,722,377,309,381,96,893,9,1475,598,307,905,10000,1148,17794,925,4553,8606,4809,691,17783,99,6,618,466,77,7,8,1,634,693,1327,4.24,61.53,18.37,12.71,4.92,0.35,0.49
Anderlecht,Europa League,10,8990.0,42.0,17.0,26.0,12.9,-4.1,1,52.0,164.0,434.0,40.0,38.0,148.0,7.0,12.0,16,11,123,41,11.9,11.2,1,1,221,25,90,336,77,19,213,7.5,7.3,4073,4962,409,9,24,101,14,4531,417,131,1962,2226,1711,1980,288,490,3363,192,103,53,167,73,80,182,114,77,78,27,72,120,48,88,101,27,224,3,438,143,108,251,4066,408,6042,348,1556,2857,1690,224,6041,16,2,106,133,16,2,1,2,126,138,264,3.08,38.03,20.25,13.47,4.94,0.3,0.5
Angers,Ligue 1,34,30454.0,190.0,53.0,137.0,65.6,12.6,7,146.0,446.0,773.0,184.0,272.0,551.0,49.0,22.0,31,17,311,91,35.6,30.8,5,6,542,55,215,766,200,63,575,19.4,22.1,10364,13010,953,53,68,256,67,11801,1142,322,4874,5528,4455,5277,774,1475,8827,502,365,98,611,247,331,624,392,340,202,82,294,605,311,335,365,116,877,18,1378,493,297,790,10613,943,16774,1135,5455,7726,3813,512,16768,45,2,379,387,69,4,6,0,328,425,753,8.41,42.88,15.32,13.41,5.47,0.34,0.51
Arsenal,Champions League,14,12600.0,42.0,10.0,30.0,14.3,4.3,6,74.0,195.0,419.0,57.0,61.0,144.0,16.0,23.0,30,18,179,76,27.2,23.4,2,5,317,52,136,459,121,29,231,20.6,18.2,5305,6278,534,34,20,107,21,5826,431,96,2725,3018,2235,2530,249,453,4029,255,177,104,268,122,126,208,115,80,87,41,86,161,75,101,139,35,214,13,496,159,133,292,5320,523,7610,361,1605,3611,2465,407,7605,25,0,156,134,23,4,3,0,158,151,309,4.63,42.92,20.23,13.39,5.3,0.28,0.52
Arsenal,Premier League,38,33973.0,120.0,34.0,86.0,35.0,1.0,13,149.0,478.0,1263.0,178.0,147.0,402.0,53.0,66.0,67,55,544,178,61.6,60.0,2,2,964,118,427,1352,434,75,766,42.5,46.0,16026,18828,1812,80,71,278,77,17436,1315,341,8306,9075,6592,7451,816,1452,13313,852,540,286,725,319,316,598,348,220,249,129,260,513,253,223,328,106,659,24,1395,482,382,864,16053,1801,22576,964,4676,10270,7808,1282,22574,67,9,400,395,80,2,2,0,458,465,923,4.13,49.05,20.23,13.49,5.33,0.27,0.53
Astana FK,Europa Conference League,6,5374.0,47.0,8.0,39.0,13.1,5.1,1,26.0,111.0,163.0,35.0,73.0,118.0,4.0,6.0,4,3,51,17,4.3,4.3,0,0,88,6,45,105,30,11,68,2.3,3.5,1842,2282,135,2,15,44,16,2097,169,47,817,916,795,914,183,311,1600,71,62,11,93,36,53,101,56,55,37,9,32,89,57,48,71,29,163,3,241,92,46,138,1873,133,2969,276,1113,1369,516,56,2969,11,2,60,54,18,1,0,0,52,85,137,7.14,50.85,20.18,14.1,4.82,0.29,0.51
Aston Villa,Champions League,12,10800.0,60.0,12.0,48.0,15.9,3.9,5,52.0,126.0,426.0,41.0,41.0,114.0,13.0,8.0,22,18,152,61,18.5,17.0,1,2,271,37,118,321,94,21,137,12.4,14.6,4238,5042,395,20,11,104,14,4628,400,130,2056,2289,1930,2185,204,375,3483,173,143,60,222,101,107,179,100,80,68,31,92,183,91,88,116,41,177,8,474,149,125,274,4225,394,6181,369,1667,3001,1579,287,6179,19,0,123,122,16,1,2,0,121,95,216,2.89,46.43,19.55,13.7,5.75,0.33,0.49
Aston Villa,Premier League,38,34083.0,156.0,51.0,104.0,52.2,0.5,9,181.0,474.0,1283.0,133.0,198.0,538.0,59.0,35.0,56,45,478,159,56.7,51.7,3,6,841,100,356,1106,319,56,604,32.9,40.9,13545,16309,1340,95,56,346,48,14862,1399,482,6573,7301,5894,6714,798,1465,11395,720,448,212,725,326,299,633,369,289,249,95,307,543,236,240,328,107,769,36,1382,507,386,893,13593,1331,20140,1457,5763,9236,5362,951,20134,71,5,404,493,55,3,6,0,368,422,790,3.17,48.12,19.2,13.61,5.62,0.31,0.52
Atalanta,Champions League,10,8996.0,27.0,11.0,16.0,8.5,-2.5,5,46.0,124.0,239.0,28.0,61.0,68.0,2.0,15.0,22,19,171,61,25.0,22.5,1,3,308,41,137,328,136,45,239,19.0,19.7,4422,5228,517,14,25,105,24,4847,357,88,2317,2547,1698,1927,250,393,4494,278,215,75,211,114,80,130,77,56,45,29,72,152,80,71,88,18,137,7,451,132,85,217,4431,515,6164,202,1289,2704,2244,321,6161,19,1,103,89,25,1,3,0,121,101,222,3.54,50.9,18.21,13.17,5.3,0.28,0.51
Atalanta,Serie A,38,34190.0,147.0,37.0,112.0,40.7,3.7,15,133.0,413.0,980.0,193.0,233.0,363.0,21.0,56.0,76,54,538,181,65.1,59.6,5,7,961,130,424,1373,395,113,778,43.4,46.7,16541,19782,1824,48,116,326,51,18357,1374,391,7671,8543,7305,8363,1246,1971,14318,897,696,254,645,257,330,571,347,238,260,73,272,506,234,296,359,98,650,14,1667,574,362,936,16682,1808,23700,885,5590,11322,7007,1076,23693,66,2,435,387,54,2,5,2,577,490,1067,6.21,47.46,18.85,14.15,5.35,0.29,0.52
Athletic Club,Europa League,14,12538.0,45.0,17.0,28.0,17.4,0.4,6,55.0,147.0,275.0,40.0,56.0,116.0,7.0,16.0,22,18,208,57,20.4,18.8,1,2,364,39,160,531,112,44,346,12.3,15.4,5424,6702,647,9,43,152,11,6172,519,141,2290,2605,2568,2986,475,796,4493,285,223,70,280,129,135,235,143,87,121,27,109,215,106,121,123,24,286,4,666,221,142,363,5454,644,8307,287,1759,4295,2334,337,8305,33,3,204,137,11,3,1,0,197,213,410,4.86,51.74,19.98,14.39,5.47,0.31,0.53
Athletic Club,La Liga,38,34158.0,113.0,29.0,83.0,31.7,2.6,16,190.0,540.0,972.0,157.0,205.0,449.0,41.0,48.0,53,40,462,148,52.6,47.7,3,6,823,92,351,1266,274,90,772,29.7,36.0,12862,16189,1579,48,116,300,59,14643,1487,368,5433,6277,6092,7090,1140,2108,10665,682,444,188,791,328,388,577,345,240,252,85,296,578,282,343,352,72,891,20,1677,595,400,995,12937,1561,20486,901,4990,10323,5382,760,20480,63,3,480,381,68,3,5,0,484,514,998,5.37,57.9,17.58,14.2,5.41,0.31,0.53
Atlético Madrid,Champions League,10,9234.0,46.0,14.0,32.0,14.8,0.8,2,27.0,76.0,172.0,49.0,53.0,108.0,14.0,5.0,22,17,123,48,14.1,14.1,0,0,221,39,100,335,101,26,171,9.7,12.2,4624,5465,419,24,31,96,12,5117,336,101,2349,2608,1808,2050,293,484,4308,210,173,55,154,67,72,195,122,104,64,27,105,192,87,97,103,24,177,9,442,130,73,203,4674,419,6456,318,1749,3055,1711,234,6456,18,1,102,95,12,5,0,0,73,91,164,8.95,42.65,16.82,13.35,4.85,0.3,0.5
Atlético Madrid,La Liga,38,34112.0,116.0,30.0,88.0,25.7,-4.3,17,110.0,286.0,716.0,194.0,290.0,511.0,30.0,28.0,68,51,463,174,63.6,58.1,6,7,820,122,348,1226,365,96,675,41.9,47.5,17012,20410,1559,76,110,388,70,18865,1475,396,8658,9596,6557,7545,1270,2114,15247,760,579,167,637,274,305,619,375,305,238,76,319,627,308,260,358,97,801,23,1532,540,275,815,17320,1553,24321,1343,6948,11492,6074,860,24314,73,3,412,424,72,5,4,2,442,420,862,7.93,36.17,20.06,13.44,4.9,0.32,0.53
Augsburg,Bundesliga,34,30454.0,156.0,51.0,107.0,49.9,-1.1,11,212.0,561.0,1011.0,123.0,250.0,554.0,21.0,44.0,35,26,397,114,33.9,32.3,1,2,701,62,296,884,247,77,578,29.4,24.4,10695,13671,1159,32,47,361,55,12312,1304,320,4752,5565,4778,5618,944,1683,9381,450,356,97,555,228,280,463,300,197,202,64,232,428,196,341,417,121,950,15,1394,587,297,884,10814,1149,17679,1211,4799,8374,4701,681,17677,78,7,351,370,59,5,2,2,518,490,1008,4.1,50.78,16.82,13.68,4.72,0.34,0.48
Auxerre,Ligue 1,34,30412.0,173.0,51.0,123.0,59.5,8.5,10,221.0,680.0,981.0,178.0,207.0,556.0,31.0,42.0,47,33,375,144,41.4,37.4,4,5,676,85,293,771,210,68,542,22.2,30.7,10301,12972,1083,34,164,287,46,11766,1160,322,4716,5420,4288,5056,986,1704,9358,484,350,137,620,256,324,657,403,330,232,95,316,602,286,350,392,125,915,16,1457,452,346,798,10384,1078,16889,1173,5453,7746,3876,614,16884,64,5,403,358,48,7,4,3,405,421,826,7.38,56.3,18.08,13.73,5.07,0.33,0.48
Barcelona,Champions League,14,12750.0,59.0,24.0,36.0,23.8,-0.2,4,26.0,108.0,471.0,63.0,56.0,151.0,14.0,55.0,40,30,221,93,33.5,31.1,3,3,391,66,161,644,137,20,213,18.0,24.2,7214,8326,744,34,44,109,14,7730,582,202,3454,3765,3060,3425,493,727,5554,290,231,95,318,149,142,229,147,80,103,46,100,220,120,86,168,45,228,7,546,169,127,296,7276,738,9795,401,2002,5186,2693,392,9792,14,2,123,158,14,2,3,1,129,149,278,3.69,42.48,20.15,14.27,4.99,0.29,0.52
Barcelona,La Liga,38,34157.0,108.0,39.0,69.0,34.7,-4.3,14,62.0,172.0,1168.0,181.0,165.0,356.0,15.0,158.0,99,72,670,240,92.1,85.8,7,8,1202,170,500,2018,478,77,709,61.3,66.7,21124,24386,2207,130,132,371,63,22680,1643,560,10248,11136,8888,9849,1374,2094,17234,860,667,238,908,454,375,537,331,185,245,107,271,517,246,227,329,60,559,10,1542,579,316,895,21397,2201,28384,829,5123,14938,8535,1208,28376,61,4,367,462,65,3,8,0,378,339,717,3.93,30.79,23.19,14.13,5.13,0.29,0.54
Bayern Munich,Bundesliga,34,30551.0,80.0,32.0,48.0,29.1,-2.9,16,130.0,306.0,1255.0,123.0,87.0,267.0,12.0,70.0,96,66,636,255,82.3,74.5,9,10,1164,161,510,2100,463,67,612,73.1,59.2,21624,24390,2124,127,123,333,55,23062,1273,336,11112,11927,8898,9719,1240,1822,17129,831,683,265,790,382,354,505,300,165,233,107,249,448,199,232,318,52,498,20,1574,494,264,758,21622,2125,28033,815,4810,14741,8663,1212,28023,47,1,295,338,56,2,6,0,412,344,756,2.77,37.86,22.5,14.26,4.99,0.28,0.5
Bayern Munich,Champions League,14,12600.0,40.0,18.0,22.0,13.7,-4.7,4,60.0,143.0,520.0,53.0,34.0,95.0,1.0,36.0,31,16,282,101,34.6,31.0,5,5,506,53,216,796,234,36,320,27.1,21.5,7968,9146,885,42,59,139,21,8577,548,122,4255,4597,2989,3312,459,709,6860,376,306,122,285,129,141,231,138,79,95,57,118,236,118,122,160,38,168,14,616,183,131,314,7948,889,10692,300,1673,5261,3846,584,10687,21,0,135,125,21,1,4,0,171,141,312,2.9,32.85,28.31,13.49,5.02,0.28,0.5
Başakşehir,Europa Conference League,6,5400.0,36.0,12.0,24.0,13.3,1.3,0,29.0,97.0,198.0,17.0,27.0,75.0,6.0,11.0,9,1,78,26,9.6,9.2,1,1,134,12,59,140,49,15,105,5.4,5.2,2155,2698,203,7,13,67,9,2441,248,74,920,1082,935,1075,206,334,1870,97,76,28,107,45,57,101,58,47,38,16,39,74,35,64,73,29,151,1,267,96,52,148,2130,196,3424,206,917,1756,798,141,3423,17,0,68,80,9,0,0,0,92,89,181,2.95,40.55,23.69,13.72,4.89,0.29,0.47
Benfica,Champions League,12,10800.0,60.0,19.0,41.0,14.0,-5.0,4,21.0,94.0,271.0,67.0,65.0,173.0,8.0,8.0,20,9,167,64,23.5,20.3,4,4,299,35,123,324,103,26,176,12.1,13.5,4033,5090,390,30,44,127,37,4590,463,94,1825,2107,1666,1958,436,716,3946,207,140,58,188,78,96,258,143,137,94,27,128,262,134,136,148,38,284,4,533,176,116,292,4101,387,6513,477,2139,2912,1518,293,6509,28,0,130,100,37,2,4,0,173,144,317,7.54,34.79,15.41,13.95,4.71,0.35,0.5
Betis,Europa Conference League,15,13790.0,40.0,16.0,24.0,13.7,-2.3,5,45.0,157.0,386.0,44.0,80.0,155.0,11.0,12.0,23,14,249,88,24.9,24.9,0,0,435,39,185,528,146,33,248,14.8,18.4,6311,7449,630,14,50,131,14,6869,566,202,3046,3335,2556,2883,488,791,5702,288,241,98,296,153,126,259,156,112,108,39,138,240,102,149,152,39,358,4,668,211,140,351,6338,619,9192,416,2262,4422,2612,398,9192,29,2,200,187,17,1,0,0,186,187,373,3.74,41.37,17.56,13.91,5.08,0.31,0.49
Betis,La Liga,38,34105.0,141.0,50.0,92.0,49.3,-0.7,7,115.0,376.0,1043.0,177.0,214.0,516.0,30.0,51.0,55,37,517,175,54.4,46.2,7,10,939,100,415,1116,329,75,627,30.1,36.4,14808,18022,1486,60,152,372,51,16394,1577,498,7428,8266,5766,6736,1090,1904,13127,679,532,228,722,312,344,645,397,271,273,101,342,640,298,356,405,113,888,16,1627,674,378,1052,15003,1468,22535,1176,6133,10542,6087,920,22525,70,4,432,516,56,3,9,1,459,477,936,5.35,36.24,19.28,13.33,5.06,0.31,0.52
Beşiktaş,Europa League,8,7200.0,49.0,15.0,34.0,17.9,2.9,1,25.0,96.0,211.0,47.0,60.0,109.0,7.0,2.0,10,7,100,35,13.1,10.5,1,3,185,19,75,244,51,5,94,7.3,6.4,3175,3839,271,26,20,69,10,3579,250,78,1479,1650,1390,1595,250,417,2693,144,121,34,147,80,58,157,91,82,51,24,76,135,59,89,104,37,180,5,376,126,85,211,3213,270,4740,352,1479,2228,1089,155,4737,25,0,85,76,10,1,1,0,85,83,168,7.55,35.12,14.65,14.15,5.1,0.29,0.51
Bochum,Bundesliga,34,30517.0,153.0,68.0,83.0,60.9,-7.1,6,347.0,816.0,1084.0,94.0,276.0,467.0,18.0,51.0,32,23,433,133,41.2,38.6,1,3,734,53,307,834,234,76,679,33.3,29.8,9432,12871,1089,40,38,367,60,11588,1223,223,3798,4605,4436,5521,1000,1909,8287,378,292,89,421,167,239,600,360,318,207,75,306,571,265,294,474,142,886,20,1386,523,235,758,9485,1077,16863,1152,4830,8000,4198,683,16860,67,3,464,288,63,5,3,0,738,665,1403,3.28,55.71,18.41,13.39,4.69,0.35,0.44
Bodø/Glimt,Europa League,16,14959.0,87.0,25.0,62.0,29.3,4.3,3,79.0,224.0,638.0,76.0,86.0,294.0,14.0,23.0,25,22,180,68,24.2,22.6,2,2,320,45,140,397,148,14,170,19.5,19.4,6925,8170,636,25,43,155,28,7553,589,144,3252,3614,2975,3331,414,675,6499,332,239,99,352,166,169,325,202,175,111,39,150,291,141,141,207,78,479,4,702,233,163,396,6947,634,10158,751,3184,4781,2290,432,10156,26,4,145,155,29,3,1,1,165,174,339,3.85,40.26,17.91,13.67,5.68,0.26,0.52
Bologna,Champions League,8,7200.0,34.0,9.0,24.0,12.2,3.2,2,22.0,72.0,260.0,41.0,27.0,76.0,7.0,10.0,4,3,94,27,7.9,7.9,0,0,160,6,64,185,49,17,136,5.6,5.8,2604,3310,269,6,29,85,25,2973,312,97,1064,1245,1206,1418,299,462,2459,130,75,38,115,54,51,163,100,76,66,21,76,149,73,66,97,21,134,1,350,120,73,193,2627,265,4191,226,1287,1985,965,162,4191,28,0,115,101,25,2,0,0,96,104,200,4.68,36.89,14.03,14.7,5.21,0.3,0.47
Bologna,Serie A,38,34061.0,106.0,47.0,60.0,40.3,-6.7,13,171.0,467.0,1419.0,158.0,142.0,312.0,29.0,32.0,56,43,505,166,48.2,42.6,6,7,905,103,383,1320,293,109,756,26.4,33.9,14448,17758,1468,42,136,307,58,16041,1659,569,5930,6698,6812,7832,1438,2416,12574,639,422,167,552,218,266,590,346,214,270,106,282,535,253,258,390,93,657,18,1453,598,361,959,14451,1457,21661,864,5077,10967,5817,831,21654,60,5,536,596,63,2,6,2,573,615,1188,3.35,43.27,17.12,14.84,5.22,0.29,0.47
Borac Banja Luka,Europa Conference League,10,9300.0,41.0,10.0,30.0,14.5,4.5,4,45.0,100.0,204.0,59.0,72.0,144.0,9.0,8.0,7,3,104,35,7.4,5.8,1,2,189,13,65,262,53,24,215,6.1,4.5,3150,4141,323,8,22,109,16,3667,458,133,1327,1588,1427,1746,295,529,2883,160,100,31,151,63,77,185,121,77,90,18,95,176,81,91,134,52,275,2,401,179,111,290,3245,316,5332,362,1581,2463,1359,160,5330,25,0,118,138,16,1,1,0,130,150,280,8.82,45.45,19.45,13.45,4.94,0.35,0.5
Bournemouth,Premier League,38,34101.0,172.0,46.0,126.0,54.6,8.6,9,174.0,465.0,980.0,158.0,246.0,460.0,25.0,62.0,57,41,573,192,63.5,57.9,6,7,1008,93,436,1227,339,106,832,33.1,42.9,12085,15669,1487,59,78,312,65,14271,1333,315,5515,6379,5197,6199,1069,2203,10992,754,534,228,671,293,300,690,399,289,299,102,301,625,324,351,457,136,992,18,1759,597,350,947,12273,1474,20299,1213,5158,9282,6127,1004,20292,94,3,523,391,70,2,7,0,565,605,1170,5.3,41.44,19.85,13.32,5.94,0.33,0.53
Braga,Europa League,8,7142.0,39.0,12.0,27.0,10.7,-1.3,2,26.0,82.0,256.0,29.0,48.0,123.0,6.0,22.0,8,4,104,38,12.4,11.6,1,1,178,9,79,250,64,9,123,6.4,9.8,3162,3950,317,8,33,84,6,3608,336,105,1346,1553,1434,1686,294,500,2908,133,95,38,158,77,75,166,94,74,67,25,76,147,71,81,91,28,186,3,344,115,75,190,3221,313,4863,259,1464,2364,1092,177,4862,17,5,90,95,7,0,0,0,100,114,214,3.44,29.09,20.06,14.2,4.7,0.31,0.46
Brentford,Premier League,38,34150.0,207.0,57.0,153.0,53.1,-4.6,8,264.0,697.0,1552.0,129.0,228.0,597.0,48.0,34.0,65,42,434,173,60.0,55.3,5,6,768,111,327,1052,323,91,674,35.6,41.7,12058,15313,1356,69,66,288,56,14036,1221,251,5687,6574,5127,6159,1010,1842,10243,598,380,213,626,264,293,629,376,285,223,121,311,587,276,285,478,199,1012,24,1604,546,300,846,12100,1339,19593,1786,6480,8002,5308,987,19587,61,1,320,336,63,1,6,3,619,567,1186,2.82,55.17,14.79,13.52,5.47,0.32,0.51
Brest,Champions League,10,9000.0,52.0,21.0,32.0,19.3,-1.7,2,87.0,194.0,261.0,42.0,46.0,119.0,13.0,18.0,9,3,131,38,11.1,11.1,0,0,225,15,94,257,66,24,165,6.1,7.8,3021,3871,270,6,37,63,14,3493,364,109,1335,1561,1327,1593,323,568,2351,135,83,27,172,79,75,188,110,80,70,38,94,208,114,108,109,33,213,8,447,122,88,210,3035,266,4966,340,1439,2352,1234,166,4966,20,0,111,115,14,1,0,1,142,130,272,6.53,55.09,17.53,14.21,5.6,0.31,0.47
Brest,Ligue 1,34,30535.0,141.0,59.0,83.0,49.1,-9.9,10,224.0,542.0,962.0,141.0,224.0,489.0,34.0,56.0,52,32,409,151,45.4,38.3,7,9,727,85,302,920,189,64,641,27.7,27.9,11849,14832,1095,41,131,292,39,13530,1263,397,5185,5955,5165,6054,1208,2061,9748,470,348,117,490,209,245,654,425,289,255,110,307,581,274,316,363,105,835,14,1434,507,246,753,11957,1084,18606,1148,5551,8955,4265,644,18597,65,4,429,408,42,10,5,2,529,508,1037,4.99,48.79,20.56,14.18,5.31,0.31,0.48
Brighton,Premier League,38,34137.0,147.0,59.0,90.0,51.2,-7.8,8,129.0,402.0,1336.0,129.0,85.0,436.0,29.0,50.0,64,40,526,183,58.9,53.3,7,7,928,112,376,1169,338,87,704,35.6,39.9,14708,17761,1537,77,76,308,40,16259,1462,414,7321,8133,6002,6923,1054,1843,12873,816,575,262,795,336,382,705,431,287,297,121,350,700,350,315,438,122,732,24,1558,581,344,925,14645,1522,22157,1385,5997,10278,6153,1085,22150,73,5,438,408,46,9,6,2,507,461,968,2.78,48.39,18.6,13.66,5.67,0.3,0.54
Cagliari,Serie A,38,34113.0,153.0,56.0,97.0,55.1,-0.9,8,232.0,597.0,1020.0,165.0,315.0,540.0,28.0,36.0,38,31,421,115,42.3,39.9,3,3,744,71,300,894,234,89,758,26.3,31.1,11160,14463,1150,25,60,334,61,12990,1412,369,5119,5935,4962,5963,869,1772,9932,506,339,115,552,228,274,536,303,262,224,50,237,444,207,275,343,131,869,15,1474,584,294,878,11345,1140,18359,1317,6202,8194,4166,645,18356,68,6,500,389,65,6,2,0,599,599,1198,5.55,42.82,18.23,13.23,4.98,0.35,0.48
Celta Vigo,La Liga,38,34075.0,145.0,57.0,89.0,48.6,-8.4,8,69.0,242.0,822.0,210.0,265.0,501.0,27.0,49.0,58,40,442,167,54.1,46.9,8,9,786,97,339,1422,300,53,501,31.8,37.9,16905,20164,1658,89,148,365,65,18620,1479,436,7333,8150,7908,8859,1290,2144,14412,709,500,218,628,254,312,555,340,258,217,80,286,576,290,282,345,91,804,27,1447,555,295,850,17211,1649,23954,1186,6457,12125,5574,831,23945,83,9,462,431,67,4,6,2,364,438,802,6.78,34.24,18.21,14.5,5.05,0.31,0.52
Celtic,Champions League,10,8998.0,54.0,17.0,38.0,17.5,0.5,3,24.0,59.0,332.0,43.0,66.0,156.0,2.0,5.0,14,10,94,37,14.4,12.9,1,2,171,25,75,326,64,5,138,9.1,10.0,4298,5055,337,24,10,83,17,4683,355,84,1899,2116,2138,2400,233,413,3648,147,100,39,146,67,73,201,104,93,71,37,102,174,72,97,115,32,243,8,360,125,67,192,4349,335,6132,449,2027,2854,1307,181,6130,9,1,91,79,18,2,2,1,100,97,197,3.33,29.76,15.42,14.71,4.62,0.3,0.52
Cercle Brugge,Europa Conference League,8,7122.0,31.0,10.0,21.0,10.6,0.6,3,57.0,182.0,169.0,12.0,49.0,90.0,5.0,9.0,16,5,112,47,12.8,12.0,1,1,187,30,84,205,63,15,142,8.9,9.7,1719,2595,253,11,7,52,11,2282,302,63,789,1050,710,990,179,405,1446,81,60,27,152,66,73,157,112,54,81,22,74,142,68,105,118,29,215,0,362,137,81,218,1712,248,3664,217,852,1709,1147,198,3663,14,4,102,92,12,3,1,0,167,177,344,3.18,63.92,25.18,11.51,5.08,0.39,0.42
Chelsea,Europa Conference League,13,11699.0,51.0,10.0,41.0,14.3,4.3,5,14.0,49.0,460.0,77.0,38.0,110.0,15.0,12.0,42,28,218,103,30.7,28.3,2,3,380,69,168,539,155,27,173,17.2,20.9,7936,8793,649,31,29,102,19,8357,417,127,3874,4117,3450,3703,429,630,6855,322,232,117,270,123,128,156,106,54,56,46,68,135,67,96,117,35,181,8,496,148,109,257,7979,639,9981,433,2362,5160,2529,425,9978,16,2,112,124,19,0,2,0,91,74,165,3.71,25.58,17.11,14.48,4.63,0.28,0.53
Chelsea,Premier League,38,34144.0,155.0,43.0,111.0,45.0,2.0,11,105.0,457.0,1331.0,209.0,100.0,423.0,49.0,59.0,61,47,590,203,69.3,65.4,4,5,1053,107,455,1461,345,73,663,38.1,52.9,17004,19882,1594,79,89,303,58,18358,1466,440,7795,8529,7707,8565,1157,1954,13475,861,493,317,783,326,336,588,371,243,244,101,273,535,262,270,356,103,671,32,1529,466,297,763,16927,1576,23692,1256,6052,11362,6497,1115,23687,96,3,433,439,65,3,5,0,390,390,780,5.0,36.21,17.93,14.45,5.43,0.29,0.52
Club Brugge,Champions League,12,10674.0,53.0,19.0,35.0,17.9,-1.1,3,58.0,129.0,406.0,39.0,50.0,148.0,12.0,8.0,11,7,121,43,11.6,10.0,2,2,219,18,98,313,67,14,121,8.2,7.4,4598,5377,351,23,46,75,12,5004,361,96,1985,2196,2193,2404,377,624,3270,143,92,39,132,52,68,190,113,102,67,21,108,208,100,102,106,33,255,8,450,131,64,195,4622,348,6474,480,2241,3024,1259,178,6472,18,2,104,95,12,3,1,2,102,105,207,2.87,33.93,15.79,15.33,4.72,0.3,0.48
Como,Serie A,38,34008.0,143.0,52.0,91.0,44.3,-7.7,7,150.0,405.0,1271.0,163.0,98.0,433.0,29.0,65.0,44,39,519,176,44.6,43.0,0,2,914,79,404,1125,278,60,568,27.4,35.6,14842,17814,1376,52,93,357,65,16151,1598,510,7374,8117,6008,6831,998,1788,13152,658,463,202,621,264,288,663,412,301,260,102,303,587,284,279,348,91,763,15,1481,576,360,936,14927,1371,21797,1192,6229,10450,5315,791,21795,87,9,501,514,65,6,1,0,463,486,949,3.93,34.48,19.86,13.51,5.0,0.31,0.49
Crystal Palace,Premier League,38,34125.0,150.0,51.0,101.0,50.8,-0.2,11,157.0,600.0,943.0,115.0,273.0,560.0,30.0,40.0,49,38,511,175,60.5,57.3,3,4,873,89,376,864,271,69,604,33.4,46.4,11130,14534,1159,70,59,301,73,13220,1241,340,5014,5891,4938,5966,927,1868,9523,507,352,127,498,208,241,764,449,372,298,94,322,636,314,333,484,144,1065,19,1670,490,339,829,11204,1141,19077,1506,6386,8433,4455,797,19073,77,7,417,401,74,2,4,3,499,635,1134,4.47,44.86,19.42,13.27,4.97,0.35,0.49
Dinamo Minsk,Europa Conference League,6,5390.0,30.0,13.0,16.0,11.5,-1.5,1,40.0,93.0,205.0,31.0,39.0,67.0,5.0,13.0,4,1,68,18,5.7,4.9,1,1,113,7,48,141,42,14,141,3.2,3.6,1614,2203,196,4,13,45,9,1989,205,45,708,862,706,884,164,340,1338,91,60,14,107,50,53,99,65,44,32,23,42,76,34,75,61,14,131,4,227,84,57,141,1646,196,2861,146,813,1342,741,110,2860,15,1,100,54,10,4,1,1,103,123,226,4.97,54.58,18.25,13.06,5.47,0.33,0.49
Dinamo Zagreb,Champions League,8,7200.0,46.0,19.0,27.0,19.3,0.3,2,44.0,130.0,202.0,19.0,67.0,131.0,3.0,3.0,12,10,75,24,6.5,6.5,0,0,134,23,59,151,47,12,106,4.6,4.7,2112,2696,186,8,20,74,13,2440,243,64,981,1144,903,1046,165,332,1845,120,92,25,135,68,56,160,96,98,47,15,87,168,81,84,98,34,227,3,316,126,83,209,2147,183,3622,364,1324,1582,764,122,3622,18,0,84,79,15,4,0,0,81,94,175,3.27,44.86,12.93,13.24,5.84,0.33,0.48
Djurgården,Europa Conference League,12,11083.0,40.0,15.0,27.0,12.0,-3.1,2,41.0,141.0,296.0,38.0,82.0,181.0,9.0,15.0,19,12,166,63,15.9,15.1,1,1,278,34,121,352,87,11,158,13.6,12.3,4345,5344,457,16,18,87,22,4905,417,130,2195,2474,1747,2019,254,518,3907,187,181,47,196,87,101,201,119,83,91,27,106,185,79,104,141,47,342,6,526,181,116,297,4393,451,6790,435,1831,3291,1756,258,6789,28,1,170,145,22,0,0,2,131,137,268,4.19,44.64,20.41,12.98,5.2,0.34,0.47
Dortmund,Bundesliga,34,30416.0,140.0,51.0,89.0,51.3,0.3,7,120.0,369.0,1193.0,129.0,128.0,444.0,23.0,49.0,69,56,478,157,62.1,57.4,5,6,852,123,370,1341,324,86,698,47.1,47.4,16030,18997,1562,67,93,320,40,17584,1373,349,7536,8287,6989,7819,1158,1951,13685,701,522,219,745,339,334,523,319,232,196,95,261,492,231,248,375,100,703,15,1414,502,306,808,16104,1555,22815,1114,5586,11512,5921,916,22809,70,9,330,341,43,4,5,1,469,418,887,3.11,46.26,19.2,14.19,4.96,0.3,0.51
Dortmund,Champions League,14,12600.0,58.0,19.0,40.0,17.7,-1.3,5,43.0,128.0,453.0,64.0,51.0,133.0,8.0,21.0,31,18,191,75,27.9,21.5,7,8,358,57,152,522,136,41,252,17.4,18.4,5970,7066,560,22,53,123,31,6512,523,129,2974,3288,2379,2633,436,729,5325,259,185,86,280,137,123,269,160,130,95,44,141,274,133,129,152,44,238,11,629,190,124,314,5994,556,8557,473,2302,4182,2158,365,8549,24,0,172,129,33,0,8,1,139,129,268,3.71,34.29,18.28,13.83,4.72,0.32,0.51
Dynamo Kyiv,Europa League,8,7107.0,58.0,18.0,39.0,19.3,1.3,1,32.0,110.0,264.0,43.0,39.0,130.0,3.0,7.0,5,4,69,22,4.4,4.4,0,0,131,9,55,231,62,15,114,4.2,3.6,3132,3791,269,4,18,76,14,3469,308,89,1403,1573,1369,1572,250,401,2638,125,110,33,135,55,70,124,77,69,46,9,61,124,63,78,99,36,205,6,344,100,78,178,3128,269,4650,344,1515,2096,1083,157,4650,18,2,83,90,15,3,0,0,83,108,191,5.57,44.95,17.9,14.01,5.42,0.28,0.5
Eint Frankfurt,Bundesliga,34,30585.0,163.0,46.0,117.0,49.2,3.1,9,129.0,428.0,1061.0,157.0,174.0,531.0,40.0,46.0,68,47,480,172,66.6,62.7,3,5,845,114,353,1022,308,55,539,40.5,44.4,13027,15896,1345,48,64,303,50,14596,1250,326,6356,7057,5397,6261,886,1665,11406,585,428,188,609,293,272,566,341,267,219,80,280,508,228,287,425,128,971,21,1415,560,262,822,13094,1337,19988,1434,6011,9543,4619,871,19983,55,2,341,301,57,3,2,1,456,434,890,4.35,38.42,17.87,13.38,4.87,0.33,0.5
Eint Frankfurt,Europa League,12,10800.0,51.0,14.0,37.0,14.1,0.1,3,42.0,131.0,342.0,47.0,73.0,192.0,17.0,9.0,21,15,153,60,16.3,14.7,2,2,272,35,116,443,117,24,176,10.6,12.1,5306,6340,520,27,14,97,17,5916,407,102,2741,3049,1966,2241,307,547,5228,159,167,50,186,68,106,238,129,110,88,40,104,200,96,130,148,38,323,4,492,191,108,299,5342,515,7820,454,2100,3875,1906,272,7818,22,0,128,94,17,1,1,1,199,170,369,4.04,40.79,16.69,12.85,4.49,0.33,0.46
Elfsborg,Europa League,8,7195.0,46.0,14.0,34.0,13.9,-0.1,3,39.0,182.0,212.0,32.0,68.0,174.0,9.0,5.0,9,7,52,17,7.0,5.4,2,2,84,13,33,134,35,10,69,3.9,4.0,1630,2256,176,6,11,70,12,2015,229,43,701,857,707,875,159,342,1484,70,61,17,135,54,74,146,90,73,57,16,79,178,99,106,114,48,255,1,366,108,70,178,1623,176,3226,419,1317,1328,631,98,3224,13,1,101,55,14,1,0,1,83,101,184,6.33,57.01,17.24,12.58,5.38,0.37,0.43
Empoli,Serie A,38,34053.0,158.0,59.0,99.0,50.1,-8.9,6,199.0,654.0,1104.0,125.0,168.0,556.0,37.0,20.0,31,21,367,107,31.7,29.3,2,3,632,51,269,762,213,71,620,16.4,21.8,9318,12641,1013,33,70,311,54,10970,1617,404,3907,4736,4184,5163,887,1847,7670,428,284,102,504,211,238,689,396,314,293,82,309,541,232,323,396,136,1048,16,1431,592,349,941,9264,1004,16886,1217,5156,8072,3860,562,16883,66,7,569,455,57,2,3,1,568,709,1277,4.32,49.54,17.78,12.92,5.13,0.35,0.46
Espanyol,La Liga,38,34189.0,192.0,51.0,140.0,57.8,6.8,8,194.0,526.0,1040.0,197.0,216.0,670.0,64.0,35.0,38,27,350,97,33.3,29.3,5,5,623,67,256,747,203,81,619,20.2,23.5,9679,12737,999,51,92,284,58,11332,1347,357,4061,4756,4412,5271,987,1972,8580,497,359,109,546,221,266,640,397,380,210,50,310,609,299,315,434,155,1113,17,1329,559,241,800,9966,991,17058,1518,6067,7618,3581,547,17053,86,1,498,425,61,6,5,1,472,503,975,6.31,48.48,15.77,13.67,5.61,0.35,0.52
Everton,Premier League,38,34174.0,163.0,44.0,117.0,49.2,5.2,12,304.0,806.0,1355.0,161.0,231.0,558.0,31.0,57.0,39,26,404,139,41.4,39.9,2,2,700,66,296,929,253,92,682,24.2,31.7,10348,13358,1041,30,76,295,72,12078,1208,236,4887,5656,4145,4985,1081,1935,8546,486,364,119,636,283,305,731,433,365,269,97,337,654,317,344,392,138,1058,23,1488,523,390,913,10438,1023,17700,1346,5290,7858,4762,732,17698,75,3,430,377,81,2,1,0,609,563,1172,4.6,48.68,19.15,13.58,5.27,0.33,0.48
FC Copenhagen,Europa Conference League,10,9300.0,45.0,15.0,30.0,15.7,0.7,1,30.0,115.0,346.0,37.0,35.0,94.0,7.0,6.0,13,5,134,40,16.8,13.6,4,4,247,23,94,435,84,23,176,10.3,9.5,4809,5718,432,23,28,91,13,5347,358,108,1990,2286,2309,2582,389,583,4034,198,137,52,170,74,85,179,115,66,84,29,82,158,76,89,113,28,170,8,441,127,79,206,4807,430,6780,271,1729,3499,1617,233,6776,24,0,126,116,13,0,4,0,167,167,334,3.47,33.07,20.75,14.68,5.08,0.29,0.48
FC Noah,Europa Conference League,6,5400.0,49.0,16.0,32.0,15.7,-0.3,2,20.0,59.0,159.0,30.0,40.0,77.0,2.0,7.0,6,2,86,36,7.3,7.3,0,0,159,12,71,153,46,7,80,5.4,5.6,2125,2621,226,22,22,57,11,2406,204,62,981,1107,904,1047,175,305,1797,120,87,26,124,69,51,102,65,53,36,13,54,113,59,62,78,28,141,5,286,86,43,129,2171,226,3309,223,1122,1411,810,123,3309,9,0,59,66,12,2,0,0,61,60,121,6.36,29.4,17.2,13.74,5.81,0.34,0.5
FCSB,Europa League,12,10740.0,50.0,17.0,34.0,15.9,-1.1,5,62.0,168.0,271.0,37.0,103.0,184.0,11.0,6.0,15,7,123,44,11.5,11.5,0,0,204,24,91,190,63,13,127,8.5,7.8,3398,4410,258,13,44,113,23,3986,401,111,1646,1912,1302,1572,319,579,3045,129,102,40,221,99,110,238,144,126,84,28,120,235,115,137,150,42,320,6,571,172,124,296,3461,255,5868,417,2214,2553,1165,186,5868,34,4,180,135,24,0,0,1,176,169,345,4.77,42.14,14.65,12.95,4.34,0.35,0.43
FK Rīgas FS,Europa League,8,7200.0,40.0,13.0,27.0,11.0,-2.0,1,33.0,110.0,194.0,30.0,41.0,129.0,6.0,4.0,5,3,70,23,6.3,5.5,0,1,122,6,54,158,48,19,120,4.1,4.2,2151,2808,214,4,15,79,13,2497,298,74,990,1156,861,1024,206,415,2034,93,69,21,115,51,55,128,73,75,44,9,59,110,51,93,118,27,222,4,371,139,79,218,2164,211,3738,312,1426,1588,769,119,3737,10,0,98,84,14,0,1,0,111,106,217,6.21,45.54,15.65,13.07,4.72,0.37,0.46
Fenerbahçe,Europa League,12,11077.0,69.0,16.0,52.0,22.5,6.5,3,69.0,205.0,390.0,59.0,69.0,169.0,15.0,15.0,16,13,128,43,15.9,15.1,0,1,232,26,103,367,111,38,227,14.3,13.0,4610,5805,514,14,42,141,19,5297,489,164,1949,2238,2203,2569,395,708,4008,157,107,36,186,74,98,225,131,121,86,18,114,221,107,135,140,38,266,12,541,188,83,271,4636,511,7147,393,2062,3533,1607,253,7146,43,4,152,187,20,1,1,0,180,192,372,5.42,44.16,17.91,14.18,4.47,0.32,0.47
Ferencváros,Europa League,10,9000.0,49.0,18.0,31.0,17.0,-1.4,3,54.0,126.0,258.0,30.0,54.0,127.0,4.0,8.0,15,10,117,41,11.7,10.1,2,2,199,26,88,228,59,23,149,6.3,7.7,2981,3785,318,10,15,86,16,3432,337,87,1358,1550,1272,1506,243,451,2826,139,87,51,172,79,87,176,112,100,55,21,86,176,90,90,130,43,250,5,423,167,93,260,3002,315,4918,378,1579,2201,1196,197,4916,21,0,136,106,17,3,1,0,132,144,276,3.64,41.11,30.24,13.27,4.71,0.34,0.51
Feyenoord,Champions League,12,10787.0,71.0,26.0,47.0,26.3,0.3,2,48.0,156.0,437.0,45.0,50.0,174.0,11.0,8.0,19,12,121,44,13.4,11.1,2,3,206,33,95,298,64,13,139,6.8,8.4,3694,4536,376,12,46,89,16,4119,401,95,1546,1772,1699,1920,334,565,3260,184,131,56,211,88,108,190,113,103,64,23,102,206,104,106,139,52,237,6,431,140,91,231,3703,376,5763,480,1820,2686,1318,208,5760,17,2,119,103,20,4,3,3,98,125,223,3.38,45.05,18.69,14.24,5.55,0.29,0.51
Fiorentina,Europa Conference League,12,11100.0,49.0,18.0,31.0,18.5,0.5,2,48.0,100.0,287.0,33.0,66.0,129.0,2.0,14.0,28,11,193,72,25.0,23.5,2,2,342,48,149,395,115,32,214,14.1,17.0,4978,5906,488,23,43,97,30,5412,464,145,1990,2231,2298,2585,519,774,5051,269,235,72,261,139,111,191,118,94,75,22,92,177,85,107,110,41,212,7,479,163,95,258,5000,480,7180,388,1872,3549,1854,339,7178,34,0,167,164,32,2,2,0,179,120,299,3.6,30.27,16.36,15.24,6.14,0.3,0.49
Fiorentina,Serie A,38,34192.0,148.0,41.0,106.0,40.2,-0.8,12,226.0,515.0,964.0,143.0,252.0,498.0,14.0,31.0,58,38,439,166,48.0,41.8,6,8,789,97,333,962,244,74,588,22.9,34.7,13291,16285,1240,27,98,283,79,14799,1407,514,5642,6349,6163,7095,1197,2057,11796,620,479,164,600,270,254,530,313,266,195,69,247,487,240,275,353,123,899,17,1406,535,306,841,13410,1226,20128,1284,6006,9854,4479,671,20120,81,5,440,548,88,3,6,1,502,487,989,4.93,44.27,20.69,14.42,5.36,0.3,0.48
Freiburg,Bundesliga,34,30571.0,150.0,53.0,96.0,48.7,-4.3,12,213.0,580.0,1279.0,138.0,183.0,481.0,40.0,37.0,46,35,405,132,44.3,41.0,0,4,708,84,285,944,252,74,589,32.7,29.6,11837,14994,1127,34,53,316,57,13778,1159,278,5388,6221,5230,6163,878,1690,9424,442,319,119,486,215,237,511,317,225,222,64,235,457,222,276,400,112,795,17,1301,456,259,715,11839,1120,18643,1044,5136,9150,4504,722,18639,52,3,316,324,61,4,3,1,586,607,1193,3.53,53.43,15.91,13.34,5.24,0.31,0.49
Fulham,Premier League,38,34165.0,159.0,54.0,106.0,48.5,-5.5,5,141.0,367.0,1231.0,167.0,172.0,507.0,23.0,33.0,53,43,516,167,49.5,46.4,3,4,934,97,396,1330,341,108,894,31.5,37.3,15050,18349,1558,43,119,336,42,16917,1390,366,6968,7779,6539,7507,1277,2232,13071,786,544,213,637,288,254,677,409,325,259,93,287,563,276,302,381,113,903,28,1560,515,281,796,15181,1544,22447,1451,6629,9774,6287,954,22443,75,2,432,355,43,4,3,2,524,531,1055,3.86,41.87,16.38,14.24,5.34,0.31,0.52
Galatasaray,Europa League,10,8960.0,54.0,22.0,32.0,23.4,1.4,0,39.0,86.0,296.0,40.0,42.0,99.0,7.0,12.0,20,12,199,70,21.2,20.4,1,1,360,33,146,350,123,43,285,14.3,14.6,4369,5389,513,10,18,104,23,4958,408,117,2168,2439,1761,2090,333,580,3989,183,158,49,167,83,76,194,120,78,87,29,98,174,76,102,120,29,192,4,479,120,83,203,4408,510,6547,293,1459,3312,1837,286,6546,24,2,109,116,24,2,1,0,147,89,236,4.04,32.6,21.26,13.29,4.74,0.32,0.53
Genoa,Serie A,38,34131.0,158.0,49.0,110.0,49.8,0.4,11,190.0,506.0,983.0,142.0,291.0,527.0,24.0,17.0,35,27,383,117,36.4,34.7,0,2,651,60,285,723,201,78,663,18.4,25.8,11099,14451,980,42,56,328,53,13012,1386,406,4648,5457,5200,6216,944,1873,9290,470,343,112,505,187,260,672,385,281,287,104,283,566,283,307,421,126,920,13,1444,593,289,882,11286,967,18715,1335,6127,8814,3958,644,18713,69,1,496,442,55,8,1,2,659,696,1355,4.72,42.18,17.6,13.49,5.3,0.33,0.47
Gent,Europa Conference League,8,7200.0,40.0,11.0,29.0,10.1,-0.9,3,23.0,59.0,191.0,40.0,43.0,92.0,1.0,3.0,9,4,98,32,12.5,11.7,1,1,172,16,76,270,72,20,186,6.4,9.3,3141,3884,402,8,36,70,16,3566,302,94,1310,1503,1466,1694,320,510,2514,129,94,31,122,47,63,142,77,76,45,21,77,142,65,77,99,28,187,9,381,137,62,199,3162,395,4788,285,1251,2294,1291,178,4787,12,0,105,85,16,0,0,0,123,101,224,6.56,26.7,19.5,14.78,5.46,0.31,0.52
Getafe,La Liga,38,34058.0,126.0,39.0,86.0,41.8,2.8,9,300.0,799.0,719.0,68.0,304.0,479.0,25.0,39.0,34,21,430,122,36.5,32.5,5,5,728,56,296,907,225,104,721,19.9,22.9,8182,11893,980,23,112,262,84,10229,1580,421,3682,4550,3378,4489,904,2097,7366,368,311,105,631,265,312,641,389,283,278,80,329,660,331,275,411,84,1044,12,1408,716,357,1073,8325,966,16487,888,4085,7978,4646,675,16482,106,10,602,504,90,9,3,0,765,738,1503,4.14,61.46,18.93,12.33,5.07,0.37,0.46
Girona,Champions League,8,7164.0,44.0,13.0,33.0,13.7,0.7,1,22.0,73.0,244.0,29.0,45.0,96.0,5.0,2.0,5,3,77,28,9.3,7.7,0,2,147,9,65,230,45,17,129,5.5,6.7,3165,3718,284,10,43,69,12,3433,273,85,1456,1591,1405,1568,235,367,2688,133,83,29,137,67,53,135,82,68,53,14,73,131,58,60,86,29,133,2,289,107,77,184,3186,280,4467,332,1391,2127,994,129,4465,23,2,116,91,12,4,1,3,60,61,121,3.4,42.47,24.0,14.49,5.88,0.28,0.49
Girona,La Liga,38,34182.0,164.0,60.0,102.0,53.1,-7.4,8,107.0,328.0,1088.0,152.0,194.0,463.0,40.0,35.0,43,31,397,134,41.7,37.7,4,5,725,77,308,1480,301,87,804,33.8,29.9,17233,20096,1691,39,127,337,74,18552,1470,424,7771,8465,7874,8721,1302,2098,14429,765,553,180,630,288,275,568,347,267,219,82,291,556,265,279,326,104,703,30,1392,521,312,833,17234,1684,23694,1307,6442,11526,5912,795,23689,72,1,436,435,79,6,4,1,320,342,662,4.08,39.55,17.21,14.78,5.71,0.28,0.51
Gladbach,Bundesliga,34,30539.0,191.0,57.0,135.0,59.7,2.5,8,195.0,473.0,1357.0,158.0,160.0,594.0,35.0,28.0,53,39,413,153,51.1,47.0,4,5,734,93,308,843,278,93,617,31.7,37.4,12950,15987,1112,80,66,361,62,14596,1329,310,6286,7040,5427,6353,929,1680,10627,530,360,131,468,205,231,503,284,277,177,49,239,471,232,316,444,166,1052,19,1260,420,269,689,13059,1104,19914,1562,6683,9356,4035,702,19909,53,4,338,325,65,8,5,2,517,472,989,3.4,45.35,20.63,13.39,5.04,0.31,0.5
HJK,Europa Conference League,6,5400.0,33.0,9.0,25.0,10.8,1.8,1,13.0,47.0,174.0,28.0,36.0,94.0,3.0,1.0,3,0,50,18,5.6,5.1,0,1,77,5,36,160,30,6,74,2.6,2.5,1978,2529,192,3,12,40,9,2292,228,84,859,1011,912,1073,167,325,1801,63,44,16,90,37,47,121,73,52,59,10,55,115,60,61,89,39,137,4,245,109,68,177,2010,191,3240,255,1090,1543,638,84,3239,14,0,80,85,9,0,0,1,72,87,159,4.66,33.32,29.0,13.84,5.0,0.35,0.46
Hearts,Europa Conference League,6,5400.0,23.0,9.0,14.0,8.5,-0.5,1,22.0,85.0,127.0,27.0,45.0,63.0,2.0,3.0,5,1,66,21,7.6,6.8,0,1,118,9,46,152,47,10,135,4.9,4.7,2136,2827,217,1,8,66,6,2570,251,55,872,1070,1032,1238,177,369,1932,87,70,15,98,48,42,119,79,40,63,16,52,107,55,58,69,18,104,0,272,87,65,152,2169,213,3482,141,871,1795,848,130,3481,10,0,69,74,6,1,0,0,139,134,273,7.52,46.64,18.5,13.42,4.85,0.33,0.45
Heidenheim,Bundesliga,34,30589.0,171.0,64.0,107.0,59.5,-4.8,9,162.0,462.0,1085.0,160.0,282.0,478.0,22.0,21.0,37,26,398,124,39.8,35.8,5,5,708,58,294,790,230,84,581,28.4,27.8,10099,13313,973,20,75,330,46,12006,1261,303,4033,4873,4706,5620,1111,2035,9201,516,347,94,532,232,250,611,354,319,235,57,291,555,264,312,435,109,938,11,1368,535,240,775,10308,959,17373,1217,5914,7894,3789,619,17368,66,1,385,387,50,6,3,0,545,645,1190,4.99,39.44,16.57,13.98,5.27,0.35,0.5
Heidenheim,Europa Conference League,8,7500.0,39.0,11.0,28.0,12.7,1.7,2,39.0,105.0,297.0,36.0,58.0,129.0,7.0,11.0,10,4,121,44,13.3,12.4,0,1,208,15,78,232,59,21,160,7.1,7.8,2939,3758,292,9,32,87,14,3406,338,92,1152,1364,1456,1703,282,494,2520,138,89,28,140,68,62,169,101,92,55,22,79,155,76,98,109,30,208,3,360,102,82,184,2963,288,4752,320,1568,2128,1114,180,4751,15,0,111,105,17,1,0,0,145,177,322,3.6,37.68,15.02,14.33,5.72,0.32,0.51
Hellas Verona,Serie A,38,33993.0,172.0,66.0,106.0,53.7,-12.3,8,217.0,761.0,794.0,93.0,312.0,544.0,32.0,26.0,31,20,372,95,33.9,32.4,2,2,635,48,276,786,189,61,562,17.4,25.4,9321,12340,1010,28,88,282,44,11121,1175,277,4342,5081,3901,4749,807,1729,8227,449,338,100,508,228,233,671,434,325,271,75,310,588,278,329,393,123,962,19,1398,532,254,786,9339,998,16433,1094,4768,8004,3869,532,16431,96,14,579,345,55,4,1,0,663,698,1361,4.69,59.45,15.55,12.89,5.32,0.33,0.46
Hoffenheim,Bundesliga,34,30464.0,173.0,68.0,105.0,64.3,-3.7,4,208.0,575.0,1080.0,143.0,172.0,491.0,21.0,35.0,46,30,440,148,42.4,40.0,3,3,779,79,321,998,294,108,732,34.9,30.5,11970,15250,1217,35,63,337,66,13862,1322,304,5599,6445,5049,6107,928,1760,10106,481,391,124,504,233,238,567,334,263,236,68,266,506,240,291,450,139,906,20,1406,451,293,744,12054,1208,19229,1260,5308,9192,4904,762,19226,65,2,391,360,70,6,2,3,569,588,1157,4.73,48.64,17.15,13.13,4.76,0.33,0.48
Hoffenheim,Europa League,8,7200.0,35.0,14.0,21.0,11.4,-2.6,2,26.0,99.0,236.0,25.0,35.0,103.0,5.0,6.0,10,8,127,36,11.9,11.9,0,0,223,18,89,302,71,28,184,6.7,8.1,3332,4050,310,8,8,79,20,3724,306,77,1541,1718,1439,1686,228,394,2520,128,89,38,115,52,53,167,96,81,71,15,99,180,81,68,95,27,185,3,370,115,76,191,3311,307,4981,251,1292,2620,1112,191,4981,15,0,92,86,22,0,0,0,98,100,198,3.54,37.73,19.35,13.5,4.83,0.32,0.48
Holstein Kiel,Bundesliga,34,30501.0,195.0,80.0,117.0,65.7,-14.3,2,214.0,577.0,1093.0,171.0,289.0,668.0,42.0,23.0,49,29,368,133,38.8,34.7,4,5,646,81,266,662,181,69,482,24.8,26.4,9551,12575,875,30,58,291,40,11283,1252,331,3876,4572,4567,5515,943,1851,7709,359,261,81,424,184,200,541,328,292,174,75,277,529,252,294,409,155,1102,17,1209,504,242,746,9709,860,16672,1569,6435,7375,3022,572,16667,73,6,405,346,44,5,4,3,529,606,1135,5.08,47.54,14.93,13.86,4.87,0.35,0.48
Inter,Champions League,15,13800.0,71.0,16.0,56.0,18.2,2.2,8,67.0,159.0,608.0,67.0,75.0,233.0,14.0,3.0,25,17,175,57,24.3,18.4,5,7,317,44,126,393,113,27,197,15.4,15.7,5742,6873,488,42,39,123,38,6350,485,149,2748,3054,2432,2760,400,670,5281,227,196,54,189,99,69,208,134,132,50,26,100,210,110,138,178,68,390,11,567,166,101,267,5783,485,8395,765,3069,3569,1847,313,8388,32,0,143,167,42,1,6,0,178,146,324,2.95,36.07,14.1,13.73,4.93,0.29,0.49
Inter,Serie A,38,34199.0,130.0,35.0,95.0,35.6,0.6,16,114.0,277.0,1415.0,151.0,151.0,437.0,17.0,17.0,76,57,565,179,67.6,60.5,8,9,1021,133,433,1346,410,119,751,45.8,48.1,18039,21019,1729,86,130,299,83,19561,1375,395,8052,8831,8190,9122,1454,2178,15152,694,566,155,407,158,199,505,288,215,198,92,239,452,213,227,356,126,663,10,1390,423,242,665,18117,1717,24581,1197,6206,12196,6361,1048,24572,56,2,417,403,90,4,6,1,599,419,1018,2.75,28.25,19.23,14.82,5.09,0.28,0.5
Ipswich Town,Premier League,38,34000.0,210.0,82.0,130.0,73.6,-8.4,2,189.0,531.0,1067.0,184.0,239.0,609.0,71.0,35.0,35,26,374,120,34.3,32.7,2,2,652,58,281,840,173,54,505,17.7,23.3,10594,13464,933,44,57,299,47,12189,1228,324,4926,5602,4678,5543,762,1559,8626,513,330,150,643,277,290,589,340,294,214,81,281,601,320,303,436,185,1078,33,1388,533,346,879,10783,920,17660,1809,6360,7475,4032,605,17658,90,9,429,395,52,6,2,2,534,532,1066,5.43,50.95,16.09,13.35,5.71,0.33,0.48
Jagiellonia,Europa Conference League,12,10799.0,46.0,12.0,35.0,14.7,2.7,4,22.0,87.0,285.0,42.0,62.0,184.0,12.0,10.0,19,9,130,44,17.2,15.5,1,2,233,30,94,266,84,15,140,8.4,11.5,3830,4875,393,9,18,75,34,4415,426,138,1766,2053,1622,1932,302,552,3284,131,110,35,185,85,82,207,117,116,74,17,103,214,111,107,132,48,350,5,503,163,106,269,3884,389,6264,482,2111,2928,1278,225,6262,27,1,154,150,34,0,1,1,159,174,333,4.06,30.54,18.76,13.12,4.9,0.34,0.52
Juventus,Champions League,10,9262.0,48.0,11.0,36.0,16.0,5.0,3,39.0,109.0,292.0,58.0,50.0,133.0,8.0,5.0,12,8,115,37,11.3,10.5,1,1,201,19,84,337,61,22,187,6.0,8.2,4237,4956,401,18,33,91,24,4602,330,76,1916,2113,1895,2103,343,504,3711,217,148,58,228,109,100,176,116,88,67,21,87,162,75,74,131,53,193,10,411,164,88,252,4279,398,6080,399,1873,2886,1392,200,6079,13,2,112,91,25,2,1,0,99,116,215,6.13,48.75,16.74,14.72,6.31,0.28,0.5
Juventus,Serie A,38,34121.0,119.0,35.0,84.0,31.6,-3.4,17,139.0,377.0,1018.0,156.0,158.0,519.0,32.0,33.0,56,40,509,175,50.0,45.2,6,6,906,94,392,1363,305,67,630,29.9,34.1,17353,20055,1561,48,101,283,52,18641,1362,357,8180,8910,7612,8398,1235,1931,14552,810,558,216,658,309,300,606,353,273,245,88,263,471,208,214,404,139,707,27,1474,568,293,861,17392,1548,23971,1293,6508,11755,5913,856,23965,67,4,480,371,52,5,3,0,450,460,910,4.68,43.74,21.06,14.59,5.67,0.28,0.51
KV,Europa Conference League,8,7198.0,38.0,11.0,27.0,13.7,2.7,2,41.0,117.0,286.0,29.0,39.0,125.0,7.0,18.0,9,4,66,26,9.6,8.0,1,2,118,14,50,174,43,4,100,3.8,6.1,2345,3057,246,11,20,64,4,2758,295,79,1071,1278,1010,1219,210,400,2049,104,74,21,129,64,60,147,95,66,61,20,70,129,59,74,100,26,259,6,317,132,49,181,2370,245,4028,326,1389,1802,882,134,4026,20,2,123,73,4,1,1,0,128,84,212,3.26,40.3,18.27,13.41,5.44,0.33,0.46
LASK,Europa Conference League,6,5318.0,30.0,14.0,17.0,12.5,-1.5,1,14.0,40.0,148.0,26.0,30.0,91.0,8.0,7.0,4,2,62,20,4.6,4.6,0,0,110,8,45,153,42,9,103,4.5,3.7,2269,2849,252,9,12,49,11,2605,233,71,1156,1344,922,1088,151,287,1888,93,65,19,76,38,38,89,46,47,32,10,41,93,52,56,63,20,154,1,236,66,49,115,2310,251,3487,259,1075,1719,714,112,3487,12,0,66,71,11,2,0,1,70,68,138,4.49,32.91,19.19,13.04,5.3,0.34,0.54
Larne FC,Europa Conference League,6,5388.0,34.0,12.0,23.0,11.1,-0.9,1,53.0,143.0,175.0,22.0,55.0,139.0,6.0,6.0,2,2,32,10,2.5,2.5,0,0,56,4,24,99,18,8,45,2.0,2.1,1232,1710,118,5,7,48,9,1512,189,52,550,664,511,642,122,267,1153,51,25,11,69,32,30,121,65,74,36,11,67,117,50,46,73,28,211,3,201,81,38,119,1263,117,2387,255,946,1030,443,48,2387,13,4,71,79,9,1,0,1,77,110,187,4.76,47.61,14.8,12.57,5.15,0.33,0.45
Las Palmas,La Liga,38,34062.0,182.0,61.0,120.0,63.3,2.2,4,193.0,584.0,1281.0,195.0,226.0,561.0,22.0,36.0,38,27,409,134,35.2,32.1,3,4,738,68,304,1032,246,79,674,22.8,24.7,13272,16682,1208,49,114,321,53,15062,1567,435,6177,7034,5657,6701,1094,2047,10416,499,346,113,570,238,288,618,370,307,253,58,306,588,282,321,434,139,951,25,1420,543,275,818,13357,1197,20858,1359,6205,10318,4511,669,20854,106,6,451,456,59,9,1,3,527,559,1086,5.08,43.11,20.18,13.51,5.03,0.32,0.49
Lazio,Europa League,12,11076.0,48.0,10.0,38.0,15.1,5.1,3,70.0,174.0,391.0,48.0,49.0,125.0,10.0,13.0,23,20,175,63,19.3,18.5,1,1,313,40,141,437,122,31,256,15.6,15.4,5114,6076,538,22,47,94,25,5588,463,119,2305,2582,2205,2505,430,659,5344,274,291,92,210,79,118,207,122,97,80,30,110,195,85,127,136,33,279,4,517,167,115,282,5117,537,7472,385,1755,3495,2297,364,7471,28,3,154,132,30,0,1,0,135,157,292,4.16,47.83,20.98,14.42,5.8,0.28,0.48
Lazio,Serie A,38,34039.0,119.0,49.0,72.0,39.4,-9.6,9,188.0,498.0,1317.0,132.0,131.0,496.0,49.0,54.0,60,43,528,185,57.8,52.6,6,7,939,102,400,1338,320,102,864,30.4,36.8,15295,18068,1581,72,112,287,41,16483,1544,437,6799,7485,6918,7763,1257,1982,12549,774,587,189,628,296,266,520,319,234,224,62,251,501,250,294,312,90,702,20,1377,469,309,778,15322,1580,21682,1137,5286,10987,5654,928,21675,93,10,425,476,46,4,4,2,460,489,949,3.43,45.31,21.09,14.66,5.72,0.28,0.51
Le Havre,Ligue 1,34,30449.0,175.0,71.0,104.0,73.0,2.0,4,135.0,334.0,839.0,147.0,216.0,546.0,33.0,15.0,37,21,339,97,42.5,34.4,9,10,583,62,229,776,201,85,695,23.3,24.6,10297,13057,1051,24,79,274,47,11827,1183,353,4287,4936,4851,5676,926,1733,8888,538,347,93,511,232,236,619,385,324,212,83,302,558,256,324,362,131,970,21,1371,445,311,756,10482,1033,16838,1277,5609,7813,3637,581,16828,52,5,378,395,50,5,6,1,442,434,876,5.42,31.93,17.77,14.06,5.52,0.32,0.5
Lecce,Serie A,38,33952.0,181.0,58.0,125.0,53.9,-4.1,9,220.0,656.0,1017.0,120.0,178.0,590.0,29.0,19.0,27,21,450,119,33.8,30.8,3,4,766,46,322,830,222,93,628,16.4,22.9,10759,13887,1071,36,83,301,47,12309,1531,382,4645,5387,4695,5631,1184,2126,8977,519,349,121,547,237,248,627,372,315,250,62,301,584,283,285,407,144,1013,23,1452,571,290,861,10765,1062,18124,1420,5896,8374,4085,605,18120,57,7,465,417,52,9,2,3,663,651,1314,4.37,50.16,16.86,13.88,5.42,0.33,0.48
Leganés,La Liga,38,34034.0,175.0,56.0,122.0,58.9,2.9,11,237.0,885.0,874.0,132.0,357.0,709.0,56.0,53.0,38,27,345,110,34.8,29.3,5,7,602,73,240,768,187,45,495,18.7,21.4,10639,13603,1029,48,90,252,78,12307,1218,355,4965,5661,4512,5394,878,1784,9150,417,364,105,626,301,263,631,382,299,250,82,293,596,303,332,436,157,1172,15,1458,574,314,888,10731,1023,17968,1338,5698,8707,3764,482,17961,81,5,502,461,84,7,7,2,459,614,1073,6.75,65.67,17.11,13.28,4.82,0.32,0.5
Legia Warsaw,Europa Conference League,10,9299.0,55.0,12.0,42.0,16.4,4.4,5,29.0,81.0,202.0,35.0,55.0,129.0,9.0,5.0,19,12,132,39,18.5,16.9,2,2,226,34,90,208,85,20,175,9.7,12.1,2766,3633,328,10,8,100,20,3265,348,90,1305,1554,1150,1375,196,403,2589,163,97,50,166,71,86,191,115,83,69,39,67,135,68,94,108,46,270,5,441,131,107,238,2816,325,4808,398,1512,2030,1322,246,4806,25,4,120,108,20,1,1,0,132,97,229,5.35,33.71,14.14,12.43,5.3,0.38,0.51
Leicester City,Premier League,38,34200.0,209.0,80.0,131.0,74.5,-5.5,3,181.0,688.0,1300.0,178.0,208.0,599.0,36.0,36.0,33,25,332,105,31.4,29.0,2,3,582,56,252,929,215,67,621,20.3,23.7,13012,15974,1080,52,44,317,59,14556,1359,321,6476,7251,5374,6221,791,1539,11277,576,365,143,636,263,303,725,429,358,278,89,334,692,358,327,504,198,967,26,1452,498,336,834,12943,1072,20135,1701,6499,9796,4048,632,20132,85,0,420,390,63,4,3,3,494,578,1072,4.62,51.14,19.53,13.12,5.05,0.32,0.49
Lens,Ligue 1,34,30448.0,142.0,39.0,102.0,48.3,9.3,13,142.0,340.0,892.0,162.0,161.0,381.0,41.0,34.0,40,26,484,148,52.5,48.5,5,5,851,65,365,1096,353,100,706,38.3,36.1,14019,17118,1450,59,74,346,82,15786,1250,323,7139,8016,5452,6325,951,1669,11624,570,479,122,581,248,297,604,364,262,233,109,297,576,279,319,387,101,692,15,1540,576,340,916,14170,1440,21028,1035,5222,10171,5833,848,21023,83,11,499,357,84,9,2,0,445,414,859,5.62,35.77,18.39,13.04,4.95,0.33,0.49
Leverkusen,Bundesliga,34,30570.0,134.0,43.0,95.0,39.0,-4.0,9,135.0,338.0,905.0,126.0,150.0,348.0,14.0,45.0,70,53,499,181,57.7,52.8,3,6,906,123,387,1603,319,83,735,49.5,41.0,17491,20530,1692,67,114,320,60,19140,1330,343,9221,10051,6674,7592,1138,1881,13228,696,496,181,584,254,293,395,259,153,163,79,184,356,172,234,302,77,668,23,1387,458,253,711,17549,1678,23981,972,4769,12160,7188,918,23975,61,2,325,349,64,4,5,4,461,417,878,4.15,39.51,21.32,13.55,4.83,0.3,0.53
Leverkusen,Champions League,10,8956.0,34.0,12.0,22.0,12.1,0.1,5,40.0,97.0,277.0,36.0,50.0,100.0,6.0,10.0,14,9,151,55,15.5,14.7,1,1,258,22,116,469,87,22,178,11.5,10.7,5120,5881,430,23,32,95,14,5542,325,73,2782,3009,1958,2169,311,488,3945,186,140,57,138,60,69,148,97,72,56,20,66,147,81,81,91,34,174,7,402,118,74,192,5141,428,6878,341,1502,3305,2100,260,6877,22,4,118,83,14,1,0,0,114,108,222,3.62,41.22,17.29,13.72,4.44,0.28,0.51
Lille,Champions League,10,8917.0,45.0,13.0,32.0,15.4,2.4,1,44.0,125.0,303.0,34.0,36.0,112.0,5.0,3.0,17,12,93,36,11.7,10.1,2,2,167,30,66,250,76,9,95,6.5,7.3,3882,4643,346,13,12,104,16,4217,410,108,1687,1917,1816,2017,272,435,3933,164,161,49,219,115,89,144,85,66,49,29,67,130,63,84,98,22,193,8,430,166,109,275,3886,345,5705,359,1679,2706,1395,205,5703,22,4,101,107,16,2,1,0,102,95,197,3.71,49.96,13.17,14.24,5.37,0.29,0.45
Lille,Ligue 1,34,30576.0,126.0,36.0,91.0,42.3,6.3,11,112.0,288.0,968.0,144.0,112.0,373.0,21.0,24.0,52,29,424,154,55.1,47.2,7,10,763,83,315,1380,345,70,535,36.4,34.0,15903,18645,1615,41,101,308,45,17313,1287,354,7039,7822,7320,8123,1170,1781,12906,669,512,158,598,283,288,623,354,238,273,112,308,550,242,271,302,74,624,18,1465,513,300,813,15969,1603,22128,1018,4955,11345,5991,854,22118,77,3,410,369,48,4,8,1,386,350,736,4.21,35.72,17.72,14.61,5.22,0.29,0.52
Liverpool,Champions League,10,9296.0,44.0,6.0,37.0,12.5,6.5,6,45.0,120.0,356.0,37.0,39.0,104.0,6.0,14.0,18,13,143,57,20.7,18.3,2,3,247,32,104,366,103,8,166,12.6,14.7,4288,5068,469,26,37,79,14,4690,364,93,2071,2284,1780,2013,326,531,3625,197,139,76,205,79,104,147,89,53,66,28,73,168,95,97,126,43,153,9,437,119,81,200,4296,468,6100,360,1553,2927,1688,300,6097,19,1,107,82,14,1,3,0,69,90,159,3.32,37.56,19.25,14.18,5.19,0.32,0.5
Liverpool,Premier League,38,34101.0,138.0,41.0,98.0,42.1,0.1,14,102.0,325.0,1248.0,179.0,99.0,370.0,17.0,58.0,85,65,639,215,83.4,76.3,9,9,1141,145,508,1563,430,83,729,50.1,61.1,17215,20410,1923,68,127,328,58,18812,1540,387,8288,9052,7319,8324,1227,2119,13976,825,558,322,675,299,310,641,391,270,267,104,340,655,315,299,367,97,710,28,1556,530,350,880,17215,1910,24488,1389,5891,11552,7274,1315,24479,67,4,430,354,60,2,6,2,398,368,766,3.92,35.38,18.69,14.12,5.18,0.31,0.54
Ludogorets,Europa League,8,7139.0,51.0,11.0,40.0,15.8,4.8,2,48.0,150.0,290.0,32.0,67.0,149.0,9.0,7.0,4,3,81,21,7.7,6.9,0,1,136,8,61,145,44,26,121,6.0,5.6,2468,3124,170,6,23,59,13,2805,306,113,1071,1242,1107,1302,221,406,2310,112,71,12,163,74,83,137,77,88,37,12,65,153,88,76,92,22,245,5,320,112,77,189,2480,170,4089,407,1631,1728,778,112,4088,20,1,92,117,13,0,0,0,131,126,257,3.81,45.99,15.07,13.68,5.16,0.31,0.45
Lugano,Europa Conference League,8,7466.0,38.0,12.0,26.0,12.7,0.7,3,53.0,121.0,366.0,30.0,45.0,106.0,5.0,1.0,16,8,113,45,15.6,15.6,0,0,204,25,95,236,89,16,105,12.0,14.0,3262,3887,332,13,26,72,13,3572,302,101,1460,1618,1469,1646,264,443,2702,123,99,31,122,65,50,143,87,76,52,15,70,138,68,77,89,24,173,6,321,107,70,177,3291,330,4758,275,1490,2242,1084,182,4758,23,3,115,117,13,2,0,0,96,115,211,2.41,41.46,13.8,14.49,5.36,0.29,0.48
Lyon,Europa League,12,11068.0,59.0,16.0,43.0,19.4,3.4,3,40.0,143.0,376.0,48.0,63.0,151.0,11.0,7.0,29,22,205,79,23.3,22.5,1,1,364,47,152,373,124,15,186,17.4,16.6,5573,6557,523,27,29,112,21,6088,448,143,3066,3396,2044,2311,296,480,5078,271,207,89,269,132,119,210,126,109,74,27,110,229,119,98,126,39,233,6,535,165,109,274,5571,518,7912,441,2267,3576,2150,410,7911,26,2,138,149,22,2,1,0,125,146,271,4.06,34.59,17.39,13.0,4.73,0.32,0.5
Lyon,Ligue 1,34,30600.0,166.0,46.0,120.0,49.2,3.2,10,102.0,314.0,912.0,185.0,154.0,422.0,26.0,29.0,62,46,434,173,60.0,52.1,8,10,798,114,349,1195,371,58,598,50.5,44.2,15235,17993,1615,61,109,351,67,16629,1297,362,7764,8558,6142,6900,920,1567,12709,709,483,201,546,238,277,575,339,256,230,89,310,591,281,282,345,113,673,24,1393,455,279,734,15307,1600,21479,1190,5499,10365,5810,999,21469,59,0,406,353,71,3,6,0,293,332,625,6.11,37.29,19.64,13.52,5.09,0.31,0.54
Maccabi Tel Aviv,Europa League,8,7198.0,45.0,17.0,26.0,19.5,2.5,0,34.0,98.0,276.0,41.0,36.0,106.0,3.0,4.0,8,6,94,30,10.5,9.7,1,1,163,15,72,178,56,13,88,5.9,7.0,2694,3281,257,9,21,54,15,2966,300,85,1190,1363,1219,1385,207,345,2275,111,92,33,123,55,63,138,86,59,62,17,64,136,72,70,84,28,185,7,353,127,91,218,2691,254,4142,313,1423,1858,910,149,4141,19,4,81,87,15,3,1,0,91,98,189,4.43,35.56,16.8,14.05,5.24,0.31,0.51
Mainz 05,Bundesliga,34,30363.0,150.0,43.0,106.0,47.2,4.2,9,188.0,610.0,1049.0,139.0,191.0,547.0,47.0,66.0,53,37,416,142,50.4,47.2,4,4,725,92,316,979,305,93,658,42.1,36.1,11693,15186,1284,43,71,377,70,13810,1306,290,5532,6411,4872,5877,993,1934,9750,466,334,119,496,214,252,562,324,232,247,83,235,446,211,352,419,128,911,18,1485,591,295,886,11675,1272,19298,1184,5361,9092,5014,781,19294,68,8,407,327,78,4,3,0,610,697,1307,5.03,51.72,17.97,13.07,4.58,0.34,0.45
Mallorca,La Liga,38,34017.0,165.0,44.0,122.0,47.2,3.2,9,239.0,614.0,1035.0,144.0,245.0,638.0,23.0,27.0,34,24,382,107,37.4,33.4,4,5,679,60,282,952,237,112,735,25.6,25.5,11741,14937,1184,44,91,291,71,13425,1441,348,5400,6155,4944,5901,1138,2072,10200,479,409,85,580,252,260,584,361,305,211,68,257,500,243,326,389,153,1142,16,1473,566,377,943,11833,1169,19261,1464,5793,9286,4391,635,19256,79,7,466,428,78,3,4,1,665,607,1272,5.17,50.29,16.46,13.73,5.18,0.33,0.47
Malmö,Europa League,8,7199.0,37.0,17.0,20.0,12.5,-4.5,1,13.0,79.0,160.0,30.0,56.0,112.0,6.0,4.0,10,6,103,31,11.9,10.3,1,2,181,16,75,234,85,22,138,8.3,8.0,3052,3814,306,12,5,116,12,3465,337,85,1731,1921,998,1224,190,352,2703,109,82,34,143,64,74,125,71,55,44,26,55,107,52,45,84,20,168,7,317,123,84,207,3086,304,4633,278,1332,2021,1317,192,4631,21,2,90,90,12,2,1,0,91,105,196,5.84,40.6,23.45,12.02,4.51,0.35,0.49
Manchester City,Champions League,10,9000.0,48.0,20.0,28.0,16.6,-3.4,3,18.0,45.0,259.0,36.0,34.0,64.0,5.0,19.0,20,11,167,62,21.1,18.0,3,4,299,33,130,490,144,15,194,17.3,13.6,5742,6389,607,17,13,107,10,6047,332,73,3045,3245,2430,2622,218,342,4824,315,265,92,181,79,77,122,72,35,49,38,70,128,58,51,85,30,101,7,370,103,94,197,5723,601,7241,223,1004,3421,2861,378,7237,11,0,79,71,10,2,3,0,64,50,114,3.47,32.76,22.76,14.08,5.8,0.24,0.54
Manchester City,Premier League,38,34169.0,128.0,44.0,86.0,46.7,2.7,14,112.0,269.0,1255.0,163.0,126.0,357.0,19.0,61.0,71,47,603,208,69.9,66.4,3,4,1090,121,468,1658,439,62,659,50.2,52.4,20347,23061,1942,85,86,339,44,21617,1400,399,10827,11676,8223,9035,1008,1589,17100,1146,863,404,799,377,301,497,299,183,216,98,214,446,232,228,331,89,597,30,1387,475,395,870,20317,1920,26636,1020,5052,12060,9753,1348,26632,54,3,285,380,45,2,4,2,304,333,637,3.49,30.45,20.54,13.95,5.8,0.25,0.54
Manchester Utd,Europa League,15,13790.0,58.0,19.0,39.0,18.6,-0.4,3,56.0,161.0,437.0,50.0,56.0,163.0,8.0,15.0,34,26,259,89,32.0,28.8,4,4,464,58,205,515,154,26,250,20.0,24.3,6895,8151,712,40,45,124,20,7606,525,152,3418,3815,2801,3139,443,729,6007,337,225,129,269,137,118,268,173,113,110,45,124,211,87,118,181,45,312,16,673,212,128,340,6886,709,9874,474,2567,4601,2790,519,9870,30,2,151,182,22,3,4,0,230,180,410,3.56,46.27,24.48,13.64,5.22,0.29,0.55
Manchester Utd,Premier League,38,34059.0,149.0,54.0,96.0,54.0,0.0,10,131.0,502.0,1280.0,148.0,173.0,455.0,26.0,30.0,42,29,524,168,52.2,49.1,4,4,935,70,405,1112,335,73,630,31.4,38.6,15797,18957,1447,93,105,353,64,17563,1330,321,8000,8890,6279,7184,1032,1813,14045,697,475,230,620,251,323,815,491,392,305,118,398,718,320,358,386,107,739,21,1699,520,353,873,15737,1433,23195,1362,7077,10436,5908,967,23191,86,4,403,368,69,4,4,2,479,487,966,3.53,48.11,16.45,13.34,4.96,0.29,0.5
Marseille,Ligue 1,34,30336.0,135.0,47.0,87.0,47.4,0.4,5,92.0,202.0,1097.0,133.0,105.0,309.0,28.0,59.0,70,49,481,185,64.6,56.6,8,10,870,127,379,1506,325,69,609,41.5,44.4,19369,22036,1713,58,72,328,51,20705,1280,370,9916,10668,8009,8807,866,1464,15471,664,499,197,607,278,300,548,355,240,229,79,270,464,194,279,271,70,498,28,1448,470,313,783,19466,1703,25302,920,5645,13565,6271,850,25292,62,10,392,360,53,4,5,2,305,248,553,2.97,32.68,21.54,13.65,4.67,0.29,0.52
Midtjylland,Europa League,10,8978.0,54.0,16.0,38.0,15.7,-0.3,4,62.0,176.0,299.0,45.0,79.0,118.0,8.0,17.0,11,9,109,42,14.3,13.5,1,1,176,19,84,227,76,25,176,10.1,10.8,2941,3897,341,19,22,102,8,3476,413,121,1221,1455,1413,1692,264,543,2436,155,122,38,259,99,143,170,98,77,67,26,85,178,93,111,104,29,210,9,458,142,93,235,2971,337,5064,299,1527,2204,1412,226,5063,12,1,118,134,10,3,1,0,172,175,347,5.75,45.99,21.54,13.51,5.92,0.34,0.47
Milan,Champions League,10,8908.0,53.0,13.0,40.0,12.0,-1.0,1,26.0,73.0,321.0,38.0,47.0,100.0,7.0,17.0,15,11,149,59,14.1,14.1,0,0,265,25,111,382,86,18,131,10.2,10.9,4166,4826,469,30,23,70,13,4440,373,115,1893,2106,1925,2131,275,415,3879,244,185,88,255,116,114,149,92,67,58,24,68,146,78,79,85,19,173,6,374,113,76,189,4206,467,5844,280,1340,2983,1600,267,5843,26,4,107,108,14,1,0,0,109,79,188,3.09,39.24,25.41,14.63,5.97,0.27,0.56
Milan,Serie A,38,33996.0,142.0,43.0,101.0,39.0,-4.2,13,123.0,319.0,1401.0,182.0,208.0,462.0,27.0,71.0,59,43,555,185,64.7,58.2,4,8,1005,107,437,1178,342,77,634,35.7,46.1,14946,17487,1585,88,83,247,55,16075,1357,449,6710,7427,6916,7698,1049,1687,12938,915,648,269,720,342,309,552,349,249,222,81,246,479,233,234,291,95,671,18,1329,512,288,800,15155,1572,21151,1014,5631,10232,5518,966,21143,69,7,414,421,60,1,7,3,430,391,821,3.55,38.11,22.72,14.63,5.8,0.29,0.54
Mladá Boleslav,Europa Conference League,6,5400.0,39.0,10.0,30.0,10.6,0.6,1,19.0,83.0,196.0,33.0,44.0,88.0,7.0,6.0,7,3,80,34,8.6,7.7,0,1,131,10,58,128,33,6,72,3.3,4.5,1732,2250,190,2,14,52,9,2038,203,46,716,859,819,969,155,290,1423,74,65,16,105,43,59,77,52,39,28,10,36,81,45,58,95,29,140,1,257,81,59,140,1751,188,2929,256,1001,1265,699,96,2928,11,0,66,52,10,1,1,1,77,83,160,5.19,50.75,16.62,13.75,5.3,0.35,0.52
Molde,Europa Conference League,10,9516.0,35.0,16.0,19.0,15.1,-0.9,2,32.0,99.0,380.0,41.0,47.0,140.0,9.0,20.0,13,3,120,40,12.2,12.2,0,0,214,18,93,404,122,17,160,11.5,9.0,4951,5962,517,15,32,109,8,5553,401,112,2310,2586,2200,2504,328,580,4042,170,131,51,184,75,93,180,108,85,68,27,86,165,79,87,131,37,229,2,495,158,98,256,4970,513,7169,301,1728,3559,1940,298,7169,22,5,128,112,9,0,0,0,153,113,266,3.12,34.04,18.02,13.91,4.49,0.31,0.51
Monaco,Champions League,10,8849.0,49.0,17.0,32.0,18.5,1.5,2,18.0,87.0,225.0,62.0,69.0,105.0,7.0,3.0,16,11,118,43,13.0,12.2,1,1,209,27,91,341,56,13,134,7.6,9.8,3614,4527,360,14,30,94,25,4101,401,120,1790,2032,1514,1787,273,509,2568,170,113,48,171,81,70,169,107,82,73,14,71,148,77,127,116,23,210,10,457,165,100,265,3669,357,5649,276,1494,2755,1455,202,5648,23,5,118,121,28,3,1,0,115,136,251,8.47,44.94,18.1,13.51,5.75,0.34,0.53
Monaco,Ligue 1,34,30484.0,128.0,41.0,87.0,38.3,-2.7,11,77.0,269.0,767.0,146.0,186.0,379.0,30.0,38.0,63,49,493,180,73.9,68.5,6,7,863,105,390,1229,391,59,563,52.5,55.3,13843,16963,1637,88,87,288,69,15553,1341,431,6733,7640,5799,6709,966,1729,11899,670,534,187,613,266,300,670,429,281,287,102,339,621,282,357,350,70,648,15,1707,601,341,942,13985,1629,20869,905,4632,10901,5558,969,20862,58,6,462,442,69,3,3,0,418,421,839,5.38,35.65,18.76,13.43,5.28,0.34,0.52
Montpellier,Ligue 1,33,29618.0,188.0,77.0,113.0,66.4,-10.6,1,197.0,496.0,900.0,134.0,211.0,463.0,28.0,29.0,23,13,358,108,33.0,29.8,3,4,604,39,252,847,168,75,630,21.0,21.8,10684,13306,1038,45,108,275,62,11977,1267,369,4724,5409,4592,5361,1057,1756,8957,529,362,138,609,262,302,631,379,302,264,65,310,608,298,265,368,123,713,23,1312,477,296,773,10764,1030,16921,1112,4840,8246,4032,540,16917,86,9,423,429,65,9,3,3,370,442,812,5.33,42.58,18.57,14.13,5.64,0.31,0.49
Monza,Serie A,38,34124.0,183.0,69.0,115.0,59.9,-9.1,5,217.0,557.0,1220.0,157.0,182.0,534.0,26.0,33.0,27,18,333,99,29.9,27.5,3,3,583,42,245,882,196,72,656,15.6,19.6,13239,16109,1096,30,76,295,50,14578,1481,466,5758,6471,6087,6942,1106,1871,12019,533,413,89,507,220,227,562,315,304,202,56,272,499,227,305,382,157,847,36,1260,510,334,844,13305,1081,19825,1541,6769,9171,4055,480,19822,89,5,512,515,54,4,0,2,559,604,1163,4.0,44.53,20.61,14.28,5.06,0.29,0.48
NK Celje,Europa Conference League,12,11100.0,59.0,24.0,34.0,19.5,-4.5,2,62.0,143.0,320.0,63.0,87.0,168.0,11.0,9.0,24,12,149,54,21.6,18.2,2,4,275,41,112,356,98,24,166,15.8,14.7,4560,5462,432,26,30,110,16,5036,410,145,1865,2092,2119,2371,482,720,3976,223,169,61,188,91,87,179,96,88,74,17,78,187,109,112,111,30,254,3,450,167,93,260,4623,425,6674,380,1917,3088,1735,277,6670,21,0,161,154,16,2,4,0,132,126,258,6.45,39.37,18.53,15.14,5.62,0.29,0.52
Nantes,Ligue 1,34,30465.0,148.0,52.0,99.0,50.6,-1.4,6,151.0,463.0,859.0,139.0,190.0,588.0,33.0,15.0,39,27,345,119,39.6,35.7,5,5,613,64,255,863,216,85,611,23.6,28.3,10297,12905,1053,28,43,279,29,11625,1251,315,4638,5276,4538,5258,866,1641,8869,502,344,141,525,227,278,643,375,336,224,83,319,563,244,282,400,116,992,8,1264,484,286,770,10394,1044,16725,1190,4984,8076,3839,644,16720,68,4,412,381,31,7,3,3,419,437,856,5.59,49.8,15.43,13.75,5.04,0.34,0.49
Napoli,Serie A,38,34200.0,96.0,27.0,69.0,28.9,1.9,19,102.0,251.0,1158.0,131.0,205.0,438.0,25.0,50.0,56,42,499,150,52.6,48.6,4,5,880,100,391,1228,318,76,681,32.1,38.0,15728,18668,1545,48,86,340,53,17143,1472,422,7137,7915,6949,7804,1291,2019,12398,739,443,207,611,244,286,535,323,237,238,60,258,469,211,270,316,100,793,11,1371,472,326,798,15886,1530,22451,1124,6036,11304,5295,869,22446,45,0,414,441,55,3,4,1,522,460,982,3.12,34.51,19.19,14.47,5.29,0.3,0.51
Newcastle Utd,Premier League,38,34137.0,161.0,47.0,115.0,47.7,0.7,13,90.0,337.0,868.0,246.0,246.0,486.0,49.0,75.0,66,50,519,163,64.5,59.8,5,6,931,115,398,1147,399,70,705,37.5,45.4,14576,17783,1594,78,93,351,70,16314,1399,388,7238,8104,6014,6907,997,1850,12375,759,474,263,657,282,298,603,371,275,235,93,306,604,298,269,410,141,849,29,1590,491,437,928,14814,1583,21810,1334,6274,9642,6124,1082,21804,66,1,392,444,71,0,4,2,472,465,937,8.02,44.06,19.46,13.49,5.45,0.33,0.5
Nice,Europa League,8,7172.0,44.0,16.0,29.0,13.9,-2.1,0,21.0,49.0,226.0,42.0,45.0,85.0,8.0,18.0,7,5,119,32,10.5,9.7,0,1,216,13,92,250,75,22,175,7.0,7.6,3114,3880,321,7,25,77,12,3560,308,90,1582,1783,1229,1459,200,386,3102,182,142,34,194,89,87,146,93,57,71,18,73,126,53,88,99,31,150,13,398,149,99,248,3159,318,4866,230,1194,2376,1354,193,4865,17,2,63,96,12,0,1,1,110,89,199,4.82,29.07,21.17,12.7,5.73,0.32,0.56
Nice,Ligue 1,34,30567.0,161.0,41.0,120.0,43.1,2.1,8,112.0,272.0,948.0,173.0,162.0,470.0,39.0,33.0,62,43,486,183,63.5,58.8,6,6,858,104,352,939,321,65,599,37.2,42.5,12231,14993,1318,88,62,298,56,13695,1242,370,6137,6889,5061,5871,779,1483,10235,701,413,171,686,295,345,633,399,297,242,94,297,533,236,365,417,127,768,26,1546,538,315,853,12408,1312,19010,1214,5301,9261,4692,842,19004,59,7,391,412,56,3,5,1,419,402,821,5.22,32.26,16.18,13.31,5.39,0.34,0.56
Nott'ham Forest,Premier League,38,34179.0,165.0,46.0,119.0,49.0,3.0,13,244.0,698.0,715.0,83.0,270.0,710.0,19.0,12.0,57,42,460,162,45.1,42.7,3,3,792,91,331,929,237,64,621,26.4,32.2,10303,13368,1123,59,62,282,78,12048,1242,331,5243,6015,3897,4840,767,1605,8241,632,384,186,581,259,233,697,418,405,225,67,342,669,327,322,427,157,1194,23,1571,563,324,887,10306,1117,17894,1630,5395,7668,5064,785,17891,86,4,400,409,91,2,3,0,555,557,1112,4.89,54.29,16.31,12.46,5.66,0.35,0.53
Olimpija,Europa Conference League,8,7117.0,34.0,7.0,25.0,11.8,4.8,5,34.0,80.0,198.0,34.0,51.0,137.0,9.0,6.0,7,2,91,24,9.7,8.9,0,1,158,13,60,218,54,17,146,4.6,6.9,2646,3365,288,10,35,65,10,3030,325,99,981,1156,1291,1496,300,526,2441,130,90,24,153,68,80,139,89,72,48,19,49,104,55,78,78,35,257,3,332,138,81,219,2678,284,4370,307,1374,2089,961,154,4369,20,2,120,106,10,2,1,0,126,120,246,5.62,36.29,21.08,14.76,5.6,0.3,0.5
Olympiacos,Europa League,10,9000.0,34.0,7.0,27.0,10.1,3.1,7,58.0,171.0,225.0,45.0,44.0,81.0,11.0,34.0,11,10,147,43,17.5,15.1,0,3,271,16,123,367,102,40,254,10.6,11.9,3224,4327,443,16,38,119,32,3903,392,100,1441,1735,1378,1715,320,569,2805,162,140,33,178,72,94,223,150,78,101,44,108,211,103,132,149,29,192,3,508,173,103,276,3228,442,5586,203,959,2923,1778,258,5583,18,0,127,99,37,1,3,0,207,187,394,8.52,53.98,21.29,13.23,5.32,0.32,0.5
Osasuna,La Liga,38,34200.0,187.0,52.0,136.0,57.4,5.4,9,296.0,649.0,1000.0,143.0,287.0,538.0,33.0,86.0,46,28,409,123,43.8,37.2,9,9,720,82,300,933,265,127,819,30.6,28.7,11284,14737,1219,28,130,349,62,13192,1483,366,4924,5759,5004,6080,1086,2054,9714,567,424,134,591,259,279,612,364,294,239,79,309,612,303,266,387,102,887,15,1426,530,293,823,11515,1204,18628,1119,4924,8890,5007,737,18619,83,0,507,375,66,6,9,1,612,514,1126,5.22,51.06,22.36,13.58,5.17,0.34,0.49
PAOK,Europa League,10,8954.0,45.0,14.0,32.0,16.9,2.9,3,38.0,132.0,349.0,34.0,42.0,135.0,3.0,8.0,13,9,128,50,15.0,13.5,2,2,223,24,98,324,94,18,154,12.1,10.8,3904,4764,385,27,32,93,17,4352,395,120,1656,1851,1817,2076,350,583,3508,147,137,31,173,76,87,167,94,82,62,23,78,150,72,88,126,32,242,5,417,158,82,240,3898,379,5929,359,1681,2855,1451,246,5927,19,2,103,126,18,0,2,1,117,152,269,3.23,46.62,20.59,14.53,5.24,0.29,0.48
PSV Eindhoven,Champions League,12,11059.0,65.0,24.0,41.0,22.3,-1.7,1,73.0,163.0,440.0,53.0,66.0,158.0,13.0,11.0,22,14,206,76,19.5,18.7,1,1,371,38,161,463,116,29,245,12.6,13.6,5164,6189,571,6,37,112,15,5742,432,121,2278,2527,2251,2548,467,718,4142,225,148,73,207,87,105,242,154,98,111,33,117,225,108,130,129,40,226,6,548,152,89,241,5206,563,7552,404,1895,3684,2041,335,7551,23,1,127,113,16,1,1,0,153,156,309,3.58,43.61,16.32,14.46,5.4,0.31,0.5
Pafos FC,Europa Conference League,10,9000.0,29.0,12.0,17.0,11.8,-0.2,3,29.0,87.0,246.0,42.0,42.0,92.0,5.0,10.0,14,6,161,56,17.6,16.8,0,1,289,27,116,367,120,41,252,12.6,10.9,3813,4719,478,5,23,90,14,4300,405,107,1499,1723,1758,2037,420,668,3313,190,121,43,155,71,78,154,96,66,60,28,79,156,77,62,91,21,163,2,436,153,67,220,3819,476,5729,257,1510,2660,1626,298,5728,27,0,134,114,14,3,1,1,131,126,257,5.03,29.06,18.99,14.8,5.01,0.33,0.51
Panathinaikos,Europa Conference League,10,8999.0,47.0,14.0,33.0,15.3,1.3,4,18.0,69.0,260.0,38.0,40.0,98.0,7.0,14.0,16,5,144,45,17.2,14.1,3,4,256,24,105,422,98,14,192,12.1,10.7,4563,5383,484,20,37,90,11,4978,394,137,2265,2496,1801,2061,310,492,4071,183,177,47,191,87,91,153,97,66,64,23,86,146,60,80,81,16,227,3,382,116,99,215,4596,480,6428,286,1466,3143,1878,281,6424,24,2,112,153,11,1,4,0,113,120,233,3.79,28.18,17.04,13.65,5.56,0.31,0.48
Paris S-G,Champions League,17,15565.0,56.0,15.0,42.0,17.2,2.2,7,46.0,160.0,401.0,63.0,100.0,178.0,16.0,18.0,37,29,319,115,36.0,34.4,1,2,577,61,258,746,169,17,253,22.9,27.1,9488,10782,865,47,93,170,26,10158,598,163,4448,4814,4095,4453,657,926,7216,492,376,196,429,203,196,336,203,161,124,51,157,300,143,143,185,50,363,12,801,206,181,387,9533,856,12786,665,3019,6204,3685,584,12784,19,2,155,166,27,0,0,1,157,157,314,4.44,37.43,15.31,14.62,5.34,0.26,0.57
Paris S-G,Ligue 1,34,30600.0,103.0,35.0,69.0,30.3,-5.1,7,74.0,188.0,827.0,140.0,139.0,298.0,16.0,34.0,89,68,628,272,90.2,84.7,6,7,1149,157,519,1839,449,71,562,58.9,69.7,22323,24806,2122,97,175,307,53,23507,1246,364,10709,11444,9616,10329,1452,1960,17664,936,702,347,802,364,393,618,385,241,266,111,324,605,281,264,359,103,476,19,1597,488,329,817,22459,2114,28466,1146,5689,14713,8262,1211,28459,35,0,307,332,54,3,6,1,257,214,471,4.32,28.33,19.9,14.74,5.11,0.27,0.53
Parma,Serie A,38,33990.0,158.0,58.0,102.0,54.5,-4.4,7,207.0,697.0,1325.0,190.0,234.0,643.0,67.0,40.0,43,31,418,140,43.0,37.5,6,7,738,72,316,842,216,59,427,21.0,28.5,11465,14259,1058,43,73,246,29,12840,1390,432,5062,5815,5108,5968,961,1687,10322,578,416,168,587,249,276,522,293,266,201,55,241,482,241,279,434,153,940,17,1321,547,297,844,11560,1049,18244,1366,5557,8442,4468,655,18237,75,7,402,452,31,4,5,2,485,501,986,5.02,51.76,16.04,13.83,5.13,0.32,0.5
Petrocub,Europa Conference League,6,5400.0,34.0,13.0,21.0,11.5,-1.5,0,20.0,83.0,159.0,33.0,42.0,105.0,10.0,3.0,4,1,37,9,4.4,2.8,2,2,68,6,24,110,29,11,74,1.8,1.7,1764,2240,173,3,9,46,9,2058,173,65,814,962,740,887,130,234,1387,67,51,10,84,39,43,109,66,64,38,7,60,127,67,61,76,22,197,2,271,114,72,186,1781,171,2967,293,1308,1187,500,70,2965,11,0,73,61,9,1,0,0,55,85,140,7.49,39.73,18.53,12.92,5.2,0.34,0.47
Porto,Europa League,10,8960.0,38.0,15.0,23.0,12.3,-2.7,3,50.0,128.0,374.0,39.0,51.0,146.0,9.0,13.0,15,10,130,39,12.6,11.8,1,1,232,26,96,304,103,21,179,10.4,8.6,3810,4600,394,11,20,75,15,4231,354,115,1585,1804,1747,1978,386,593,3589,189,157,51,162,74,76,169,107,79,75,15,84,161,77,78,114,33,215,5,381,151,92,243,3838,393,5695,382,1760,2531,1470,283,5694,26,1,119,104,17,0,1,0,125,155,280,3.23,38.74,20.63,14.84,5.13,0.28,0.5
Qarabağ,Europa League,8,7112.0,53.0,20.0,33.0,21.3,1.3,0,23.0,89.0,222.0,28.0,36.0,84.0,4.0,8.0,5,3,79,20,8.7,7.1,1,2,149,7,57,287,77,21,143,7.9,6.2,3162,3865,359,20,25,69,13,3528,324,113,1454,1639,1425,1658,239,414,2962,164,139,49,153,74,66,186,110,75,78,33,85,155,70,86,99,29,131,7,381,125,79,204,3167,359,4772,254,1264,2248,1320,193,4770,19,3,79,122,15,1,2,0,75,109,184,4.0,44.44,17.58,14.08,5.06,0.32,0.49
RB Leipzig,Bundesliga,34,30522.0,158.0,48.0,109.0,50.1,2.1,16,98.0,261.0,844.0,167.0,231.0,512.0,30.0,45.0,51,36,405,144,46.4,43.2,3,4,719,85,313,1131,306,52,563,35.6,34.9,13818,17128,1349,80,50,358,79,15812,1237,344,6641,7568,5960,6996,860,1596,10812,516,392,136,580,261,260,541,332,246,222,73,256,522,266,268,500,156,970,25,1479,509,312,821,14109,1346,21217,1305,5644,10931,4856,757,21213,67,7,376,332,83,3,4,0,468,438,906,5.54,36.11,19.08,13.2,4.81,0.34,0.51
RB Leipzig,Champions League,8,7200.0,39.0,15.0,25.0,11.7,-3.3,0,14.0,51.0,244.0,38.0,67.0,112.0,6.0,5.0,8,4,102,36,12.3,11.5,1,1,164,12,72,220,66,17,130,7.8,8.5,2922,3614,247,11,17,76,19,3326,269,67,1491,1677,1185,1386,184,338,2646,96,62,22,118,48,62,143,94,56,56,31,53,132,79,66,99,30,178,5,314,96,83,179,2997,245,4476,330,1503,2017,995,153,4475,14,0,89,70,19,0,0,1,92,76,168,3.99,25.73,21.56,13.1,4.38,0.35,0.49
RB Salzburg,Champions League,8,7200.0,56.0,27.0,29.0,20.5,-6.5,0,28.0,93.0,200.0,27.0,49.0,105.0,5.0,17.0,5,4,74,22,6.3,5.5,0,1,129,8,55,238,51,5,107,4.6,3.8,2987,3619,283,8,15,82,13,3324,282,79,1381,1594,1285,1461,212,336,3204,176,147,37,182,89,75,169,100,92,57,20,90,184,94,73,110,24,152,8,343,117,76,193,2997,283,4540,336,1378,2058,1169,148,4539,15,0,91,81,14,1,1,0,55,91,146,4.3,36.45,19.73,13.75,5.89,0.29,0.5
Rangers,Europa League,11,10122.0,40.0,14.0,26.0,14.4,0.4,3,72.0,199.0,289.0,38.0,95.0,203.0,10.0,8.0,18,13,146,59,16.7,16.7,0,0,243,28,105,240,66,13,118,6.0,11.0,3128,4082,303,17,29,93,15,3727,340,94,1400,1674,1305,1557,311,588,2701,177,112,56,226,111,106,191,112,101,80,10,84,199,115,117,173,63,369,3,539,184,88,272,3178,301,5527,436,1940,2542,1126,211,5527,28,1,149,102,17,2,0,0,155,143,298,5.05,51.5,16.56,13.25,5.29,0.34,0.48
Rapid Wien,Europa Conference League,10,9475.0,43.0,11.0,32.0,12.3,1.3,4,27.0,85.0,277.0,42.0,49.0,130.0,6.0,19.0,14,8,187,57,19.9,19.9,0,0,322,24,130,371,104,24,222,12.4,13.5,4227,5216,454,14,22,108,13,4797,406,94,1993,2273,1726,2019,337,578,3950,211,169,59,198,87,103,219,125,102,82,35,115,193,78,106,142,35,230,8,473,173,87,260,4264,454,6571,292,1561,3076,2006,346,6571,19,2,121,100,14,2,0,0,122,122,244,4.41,44.39,23.41,13.31,5.03,0.33,0.51
Rayo Vallecano,La Liga,38,34036.0,153.0,45.0,107.0,46.0,1.0,10,203.0,640.0,1121.0,150.0,230.0,532.0,37.0,39.0,38,27,514,162,45.0,44.0,0,1,878,59,373,1054,241,85,769,28.6,35.7,13058,16505,1360,46,110,392,74,14881,1550,308,6327,7177,5345,6293,1104,2160,11204,589,431,143,641,280,304,622,394,324,218,80,305,658,353,334,443,128,955,18,1633,629,327,956,13134,1346,20922,1358,6365,9323,5455,711,20921,89,3,521,384,79,8,1,1,476,540,1016,5.11,51.24,19.07,13.4,4.85,0.34,0.49
Real Madrid,Champions League,14,12899.0,82.0,22.0,59.0,25.4,3.4,1,22.0,118.0,411.0,70.0,53.0,152.0,21.0,4.0,29,20,209,83,28.5,26.2,1,3,375,45,168,520,122,19,234,15.9,19.7,6751,7648,600,29,83,110,14,7118,516,145,3404,3636,2617,2882,495,740,6214,317,220,109,292,142,129,246,163,122,78,46,108,204,96,129,122,40,228,1,534,159,114,273,6780,596,9040,530,2447,4106,2565,383,9037,34,2,162,147,14,5,3,0,79,81,160,4.84,29.28,17.42,14.36,5.09,0.27,0.52
Real Madrid,La Liga,38,34082.0,126.0,38.0,89.0,36.2,-1.8,15,84.0,258.0,1042.0,205.0,197.0,416.0,19.0,27.0,78,54,621,229,76.0,64.9,10,14,1155,136,499,1768,359,34,578,47.7,53.1,20315,22979,1967,90,218,315,82,21367,1530,510,10301,11030,7950,8691,1516,2196,17106,983,696,364,877,412,383,585,359,293,209,83,264,486,222,330,353,105,613,18,1481,528,290,818,20451,1953,26933,1234,6349,12788,8048,1181,26919,56,4,332,515,85,3,11,0,324,267,591,5.55,36.67,18.23,14.43,5.25,0.29,0.54
Real Sociedad,Europa League,12,10711.0,48.0,17.0,30.0,14.3,-2.7,3,49.0,146.0,337.0,42.0,64.0,148.0,9.0,15.0,22,13,167,59,21.3,17.2,4,5,295,34,119,309,84,24,207,13.5,12.7,4341,5383,426,15,31,127,14,4933,436,99,2224,2508,1696,1998,307,547,3670,202,150,67,177,85,84,211,119,105,69,37,103,198,95,93,115,44,309,6,480,147,98,245,4372,423,6688,410,1765,3248,1731,283,6683,34,3,161,116,14,4,4,0,167,199,366,4.06,48.55,15.48,13.03,5.03,0.3,0.51
Real Sociedad,La Liga,38,33977.0,142.0,46.0,94.0,41.3,-4.7,13,187.0,493.0,1094.0,122.0,249.0,467.0,30.0,43.0,34,22,385,122,42.1,38.9,4,4,676,59,283,1073,242,64,740,26.1,30.3,13879,17411,1340,33,143,368,77,15778,1556,402,6604,7473,5822,6885,1104,2041,11738,645,417,163,659,295,307,648,401,308,244,96,307,577,270,283,428,120,894,17,1504,601,297,898,14021,1325,21597,1119,5792,10756,5243,747,21593,85,4,501,411,82,7,3,0,573,606,1179,3.46,48.07,18.67,13.44,5.39,0.3,0.51
Red Star,Champions League,8,7200.0,47.0,22.0,25.0,18.8,-3.2,1,43.0,119.0,169.0,27.0,75.0,102.0,4.0,1.0,13,10,93,30,9.0,8.2,1,1,155,23,64,201,51,13,170,6.2,6.8,2474,3098,283,17,31,68,18,2788,292,95,1069,1211,1140,1350,215,364,2134,144,96,33,141,77,53,125,69,77,38,10,63,125,62,80,84,26,161,12,311,132,76,208,2519,282,3938,268,1152,1855,973,152,3937,11,0,77,105,19,1,1,0,74,114,188,5.94,44.0,14.8,13.93,5.78,0.33,0.48
Reims,Ligue 1,34,30430.0,179.0,47.0,131.0,61.7,14.7,7,154.0,477.0,993.0,153.0,220.0,554.0,31.0,42.0,32,19,392,110,36.4,34.9,1,2,682,57,276,849,224,80,611,24.8,25.5,10809,13383,1155,38,92,250,53,12161,1169,313,5179,5857,4451,5199,842,1533,9284,586,420,139,627,277,312,556,358,311,174,71,284,548,264,288,392,145,936,16,1362,574,304,878,10967,1140,17339,1375,5679,7680,4212,648,17337,65,8,392,369,59,5,1,0,372,430,802,5.01,44.96,17.93,13.48,5.99,0.33,0.51
Rennes,Ligue 1,34,30537.0,138.0,50.0,87.0,46.1,-3.9,13,119.0,361.0,1010.0,132.0,179.0,402.0,23.0,37.0,51,32,423,155,48.3,42.3,5,8,753,83,316,1068,265,62,580,28.0,28.6,13018,15720,1439,37,118,306,47,14351,1322,391,5881,6636,5790,6637,1011,1619,10714,663,429,186,641,268,327,594,362,280,234,80,295,507,212,337,350,96,721,9,1406,506,342,848,13124,1419,19419,1019,5036,9601,4969,763,19411,64,2,445,380,48,6,4,2,437,392,829,3.84,36.54,18.56,14.14,5.41,0.31,0.51
Roma,Europa League,12,10701.0,39.0,13.0,27.0,13.8,0.8,3,54.0,140.0,374.0,54.0,80.0,167.0,14.0,13.0,17,13,183,58,19.6,18.1,2,2,324,31,138,400,116,30,235,14.2,14.1,5392,6409,488,18,51,102,34,5923,452,145,2346,2660,2408,2689,470,752,5656,210,241,56,213,98,101,201,123,87,74,40,95,164,69,112,115,31,252,6,491,169,94,263,5450,482,7723,392,1873,3757,2175,329,7721,26,3,120,152,35,2,2,1,185,125,310,4.35,43.62,16.34,14.66,5.35,0.29,0.43
Roma,Serie A,38,34174.0,151.0,35.0,117.0,42.6,7.6,16,124.0,413.0,1258.0,170.0,200.0,495.0,30.0,33.0,55,35,513,162,52.2,45.9,8,8,928,95,391,1287,314,81,636,28.4,35.2,15865,18806,1499,50,91,287,58,17302,1446,454,7168,7937,7079,7941,1228,2064,13133,691,579,162,563,210,266,551,328,233,236,82,224,439,215,282,329,110,734,14,1384,545,282,827,15983,1488,22595,1149,5629,11347,5818,860,22587,65,2,405,476,59,4,6,1,435,475,910,4.12,45.51,17.25,14.38,5.16,0.29,0.49
Saint-Étienne,Ligue 1,33,29603.0,206.0,77.0,129.0,73.5,-3.5,4,131.0,486.0,978.0,145.0,205.0,510.0,24.0,33.0,37,26,355,109,36.3,33.2,3,4,625,64,268,1013,237,34,396,23.6,24.1,12219,14769,1262,51,48,261,44,13523,1202,313,6072,6761,5075,5842,759,1391,9606,529,334,138,558,239,294,580,372,290,216,74,296,592,296,324,403,135,829,25,1387,550,309,859,12312,1254,18545,1355,5625,8481,4607,600,18541,57,2,442,345,46,15,4,2,335,382,717,4.94,40.52,18.07,13.38,4.98,0.33,0.5
Sevilla,La Liga,38,34000.0,148.0,55.0,93.0,48.1,-7.0,10,155.0,587.0,1113.0,146.0,212.0,513.0,27.0,43.0,39,32,472,148,41.8,39.5,2,3,810,69,352,1039,208,60,612,20.1,29.5,13583,16726,1192,40,130,314,64,15160,1502,397,6539,7261,5745,6674,1024,2000,10369,594,397,161,720,339,320,645,388,318,240,87,309,557,248,367,368,88,912,13,1512,624,331,955,13526,1186,21048,1228,6653,9787,4813,669,21045,94,11,493,398,70,6,1,1,522,442,964,4.74,46.72,17.76,13.77,5.27,0.31,0.51
Shakhtar,Champions League,8,7178.0,52.0,16.0,36.0,17.1,1.1,2,46.0,131.0,311.0,34.0,54.0,141.0,16.0,4.0,8,5,74,20,7.9,6.3,1,2,123,12,52,172,46,14,91,4.4,5.1,2713,3276,195,16,30,67,9,3030,237,66,1294,1426,1111,1268,224,374,2262,103,68,33,159,82,70,130,78,78,35,17,60,147,87,83,97,36,185,7,325,95,59,154,2713,193,4138,369,1608,1732,833,137,4136,13,1,85,69,10,2,2,0,66,104,170,3.69,40.62,10.4,13.89,5.25,0.3,0.45
Shamrock Rov,Europa Conference League,8,7459.0,28.0,10.0,18.0,8.6,-1.4,2,22.0,79.0,152.0,38.0,51.0,132.0,4.0,12.0,12,5,74,32,8.8,8.8,0,0,131,19,62,247,46,10,130,6.4,7.9,2823,3534,255,8,15,78,8,3253,273,71,1530,1698,1010,1215,193,400,2419,116,86,25,123,48,65,131,81,62,50,19,70,140,70,61,86,24,241,9,340,130,82,212,2863,253,4471,348,1480,2010,1017,118,4471,21,2,87,84,8,0,0,0,91,97,188,7.71,40.85,18.45,12.53,4.95,0.37,0.46
Slavia Prague,Europa League,8,7200.0,30.0,11.0,18.0,10.6,-0.4,1,37.0,81.0,295.0,31.0,27.0,62.0,3.0,11.0,7,6,141,45,10.5,10.5,0,0,238,14,99,215,111,56,262,8.9,8.8,2633,3506,345,2,18,80,19,3127,360,102,1212,1430,1039,1314,283,507,1900,150,101,30,123,52,65,122,71,51,51,20,60,102,42,82,83,18,103,7,380,144,80,224,2644,342,4388,209,1102,1791,1536,265,4388,22,0,122,103,19,3,0,0,143,158,301,2.97,35.82,23.0,13.02,6.35,0.36,0.5
Slovan Bratislava,Champions League,8,7199.0,64.0,27.0,36.0,23.6,-3.4,0,34.0,101.0,157.0,39.0,80.0,163.0,11.0,0.0,7,5,61,18,7.1,6.3,1,1,104,12,44,165,28,1,76,2.0,3.8,2212,2834,197,11,23,77,11,2561,262,84,1094,1261,824,987,172,330,2008,95,52,28,157,66,79,132,84,81,40,11,64,140,76,98,113,44,268,6,324,103,60,163,2286,195,3781,469,1579,1614,634,100,3780,17,2,72,100,12,2,1,0,65,72,137,8.24,37.61,,12.44,5.35,0.34,0.47
Southampton,Premier League,38,34118.0,245.0,86.0,157.0,84.0,-2.0,3,235.0,707.0,1293.0,172.0,228.0,587.0,35.0,27.0,25,16,341,106,31.3,29.6,0,2,613,42,269,946,217,60,548,20.0,23.2,14533,17031,1127,43,55,270,40,15807,1184,347,6987,7699,6310,7047,867,1465,11667,640,460,165,736,312,333,652,378,310,266,76,280,581,301,303,433,201,974,41,1411,483,355,838,14496,1118,21125,1800,6804,9753,4766,688,21123,87,3,458,416,49,9,2,0,458,420,878,4.37,51.3,19.6,13.88,5.31,0.27,0.51
Sparta Prague,Champions League,8,7200.0,61.0,21.0,41.0,17.0,-4.0,1,42.0,148.0,243.0,38.0,52.0,120.0,7.0,7.0,6,3,75,21,6.2,6.2,0,0,123,9,49,126,28,10,77,4.0,4.5,1855,2462,183,6,20,60,7,2218,237,49,836,998,788,956,172,345,1767,81,55,21,106,46,54,119,71,67,35,17,56,129,73,75,104,41,217,8,311,82,57,139,1872,182,3288,319,1145,1515,657,117,3288,12,0,81,53,8,1,0,1,92,99,191,5.97,55.19,15.04,12.93,4.77,0.31,0.48
Sporting CP,Champions League,10,9000.0,51.0,15.0,36.0,17.5,2.5,3,22.0,73.0,265.0,41.0,69.0,116.0,7.0,6.0,13,9,122,41,12.5,11.0,2,2,222,23,96,278,54,9,115,7.0,8.7,3982,4681,340,17,19,84,13,4282,386,143,1833,2032,1805,2014,284,447,3602,183,125,62,207,83,97,172,103,85,71,16,89,168,79,84,97,26,184,9,397,119,100,219,4050,337,5699,387,1873,2664,1210,180,5697,17,0,103,145,13,2,2,1,71,81,152,4.15,37.85,14.85,14.49,4.97,0.32,0.51
St. Gallen,Europa Conference League,6,5400.0,50.0,18.0,33.0,15.6,-2.4,0,27.0,57.0,193.0,27.0,40.0,81.0,6.0,8.0,10,5,82,27,8.8,8.8,0,0,140,20,58,188,58,12,125,7.1,7.7,1876,2511,246,9,13,67,15,2245,251,48,849,1007,780,986,194,358,1673,99,54,28,101,46,52,97,63,49,40,8,54,109,55,58,76,22,133,5,263,86,51,137,1933,245,3201,207,932,1464,833,158,3201,14,0,75,51,15,1,0,1,79,101,180,4.15,29.06,18.81,13.21,5.7,0.37,0.5
St. Pauli,Bundesliga,34,30564.0,140.0,41.0,96.0,49.7,8.7,11,171.0,521.0,1306.0,112.0,147.0,426.0,24.0,27.0,26,22,377,109,35.3,33.6,1,2,660,45,276,852,199,72,600,25.6,26.1,10690,13847,1073,31,59,303,63,12459,1325,318,4883,5631,4678,5636,830,1730,8164,418,326,122,428,178,201,537,315,256,217,64,266,509,243,257,391,87,893,18,1296,476,262,738,10669,1057,17597,1162,5293,8210,4244,648,17595,50,5,352,351,66,4,2,1,524,656,1180,2.75,38.16,16.33,13.07,5.04,0.33,0.49
Strasbourg,Ligue 1,34,30597.0,169.0,44.0,126.0,52.2,8.2,10,123.0,383.0,1560.0,148.0,114.0,539.0,43.0,50.0,54,43,354,140,49.3,47.7,2,2,620,93,273,874,215,50,496,29.6,38.7,13316,15786,1203,58,45,252,46,14439,1301,414,6072,6732,6231,7059,767,1345,10920,562,365,170,628,281,304,536,334,255,213,68,257,458,201,282,376,111,872,16,1376,514,263,777,13336,1191,19518,1405,6782,9104,3825,614,19516,69,4,392,414,48,8,2,2,334,324,658,2.49,45.21,17.6,14.08,4.75,0.31,0.52
Sturm Graz,Champions League,8,7197.0,45.0,14.0,31.0,15.3,1.3,2,37.0,132.0,222.0,28.0,51.0,137.0,12.0,5.0,4,2,67,24,6.2,6.2,0,0,116,6,49,153,42,6,101,3.4,4.7,2052,2669,186,14,11,36,16,2383,270,77,1036,1199,789,987,138,319,2020,74,61,17,111,47,55,156,105,90,50,16,77,155,78,77,98,27,229,6,333,113,76,189,2054,186,3629,347,1360,1628,697,98,3629,17,2,105,83,18,0,0,0,74,114,188,4.43,52.52,11.86,12.17,4.67,0.35,0.45
Stuttgart,Bundesliga,34,30448.0,136.0,53.0,83.0,44.5,-8.5,7,157.0,410.0,1183.0,137.0,122.0,415.0,21.0,57.0,61,44,465,172,63.7,58.6,2,6,831,101,367,1276,371,90,637,48.4,44.6,15504,18456,1493,63,70,288,56,17016,1384,402,8044,8859,6115,6995,957,1715,12593,545,434,170,565,263,272,477,282,197,199,81,254,475,221,298,401,104,759,17,1306,498,312,810,15529,1478,22168,1128,5353,11408,5572,945,22162,72,8,358,407,62,3,4,1,464,447,911,3.35,39.53,21.94,13.38,5.17,0.32,0.46
Stuttgart,Champions League,8,7200.0,32.0,17.0,15.0,11.1,-5.9,1,31.0,84.0,295.0,30.0,19.0,68.0,5.0,5.0,12,11,138,43,14.2,13.4,0,1,242,23,108,318,106,27,176,14.0,11.2,3725,4456,396,18,13,92,14,4089,353,102,2041,2228,1414,1625,182,349,3372,141,119,49,129,65,56,143,77,59,63,21,76,153,77,69,90,26,126,5,366,89,67,156,3699,391,5304,267,1251,2501,1595,245,5303,13,0,91,95,17,0,1,0,81,77,158,2.96,29.33,20.58,12.8,4.54,0.33,0.46
TSC Bačka Top,Europa Conference League,8,7200.0,44.0,19.0,26.0,18.2,-0.8,0,44.0,134.0,326.0,34.0,29.0,74.0,3.0,13.0,12,9,129,38,11.9,11.0,0,1,222,21,87,282,61,11,118,6.8,7.4,3099,3823,327,3,23,74,12,3492,319,108,1480,1719,1308,1517,219,361,2713,124,96,39,166,90,73,137,87,45,67,25,70,151,81,85,79,22,159,3,362,136,92,228,3108,323,4761,249,1196,2334,1281,195,4760,23,0,124,98,13,1,1,1,95,94,189,3.4,40.85,20.99,13.4,4.87,0.32,0.46
The New Saints,Europa Conference League,6,5400.0,41.0,10.0,31.0,14.2,4.2,1,32.0,93.0,199.0,12.0,43.0,98.0,5.0,1.0,5,4,50,15,5.2,4.4,1,1,90,9,36,94,27,17,74,2.6,3.2,1572,2018,110,2,16,33,0,1851,167,45,711,813,661,801,154,303,1493,77,71,11,89,47,41,124,82,77,41,6,54,105,51,56,86,42,193,3,233,67,47,114,1594,109,2700,274,1131,1116,498,77,2699,7,0,60,53,0,1,0,0,54,64,118,1.9,43.33,10.0,13.68,6.07,0.31,0.49
Torino,Serie A,38,34066.0,180.0,45.0,133.0,53.6,8.6,10,231.0,714.0,1378.0,196.0,277.0,597.0,37.0,51.0,36,21,383,123,33.8,30.7,2,4,653,58,273,919,244,86,675,22.3,21.1,12443,15348,1113,25,78,273,52,14026,1270,317,5480,6291,5662,6531,1045,1792,10963,529,389,107,452,169,236,467,261,216,181,70,231,434,203,278,338,133,862,17,1243,489,271,760,12520,1103,18923,1172,5168,9450,4475,605,18919,77,4,482,375,57,6,2,2,527,562,1089,5.16,50.91,18.15,14.04,5.16,0.29,0.48
Tottenham,Europa League,14,12486.0,53.0,12.0,42.0,15.0,3.0,6,37.0,108.0,372.0,61.0,81.0,216.0,19.0,14.0,27,20,178,67,23.4,20.2,4,4,313,44,132,456,129,27,236,15.2,15.2,5417,6538,569,17,17,129,19,6009,510,143,2515,2825,2400,2723,344,629,5129,292,204,100,312,137,155,215,130,101,85,29,99,186,87,137,163,55,366,9,662,247,162,409,5507,564,8284,544,2293,3981,2113,378,8280,20,3,151,146,19,1,4,1,164,149,313,4.18,35.84,16.19,13.72,5.31,0.32,0.48
Tottenham,Premier League,38,34199.0,180.0,65.0,119.0,66.4,1.4,6,59.0,195.0,1162.0,192.0,157.0,518.0,49.0,45.0,61,47,493,177,59.2,56.0,3,4,870,106,374,1250,369,83,753,33.7,44.5,15387,18635,1591,54,69,432,61,16910,1664,498,7245,8106,6749,7644,945,1759,14115,840,567,249,808,305,425,658,413,281,272,105,295,595,300,321,448,159,791,31,1618,537,425,962,15535,1582,22881,1551,6747,10155,6220,1001,22877,71,2,446,479,63,3,4,4,408,436,844,4.14,21.34,17.23,13.54,5.56,0.31,0.5
Toulouse,Ligue 1,34,30419.0,108.0,43.0,67.0,34.7,-9.0,10,98.0,351.0,778.0,97.0,173.0,439.0,10.0,37.0,42,33,399,145,49.9,46.7,3,4,696,77,296,870,284,65,580,35.1,34.8,10997,13915,1219,44,94,286,45,12539,1331,375,5022,5792,4915,5769,796,1592,9818,543,369,155,615,277,305,603,363,262,253,88,316,605,289,280,341,103,756,14,1475,525,311,836,11071,1201,17588,1109,5027,8427,4361,789,17584,52,3,440,413,46,1,4,3,426,442,868,3.78,44.55,19.79,13.43,4.92,0.34,0.51
Twente,Europa League,10,9222.0,45.0,15.0,31.0,14.4,-0.6,2,58.0,161.0,302.0,39.0,53.0,135.0,5.0,13.0,11,6,111,36,12.5,9.3,3,4,191,18,75,256,70,24,178,6.8,6.7,3340,4255,328,6,22,109,11,3870,374,91,1472,1731,1471,1740,316,548,2922,149,108,47,177,76,91,236,150,114,90,32,119,211,92,95,117,31,263,3,422,133,96,229,3349,326,5481,432,1875,2426,1236,207,5477,25,2,119,100,14,2,2,2,114,141,255,4.45,34.5,17.42,13.69,5.28,0.31,0.48
Udinese,Serie A,38,33972.0,164.0,56.0,113.0,52.4,-3.6,9,167.0,447.0,1131.0,108.0,156.0,528.0,19.0,36.0,41,28,430,137,38.0,34.7,2,4,756,61,313,945,242,103,679,21.6,26.8,11972,14986,1159,25,92,265,44,13488,1454,389,5080,5784,5268,6189,1313,2219,10361,566,424,127,623,281,294,562,346,276,217,69,279,507,228,302,396,139,891,24,1362,557,295,852,11979,1140,18966,1295,5618,9132,4451,694,18962,86,8,542,377,50,7,2,4,543,492,1035,2.79,47.16,18.19,14.31,5.52,0.3,0.48
Union Berlin,Bundesliga,34,30546.0,139.0,50.0,86.0,49.1,-0.9,8,171.0,468.0,900.0,161.0,201.0,568.0,40.0,39.0,36,25,413,120,37.4,35.0,3,3,703,62,292,766,234,75,608,28.7,22.9,9193,12596,1048,16,52,334,59,11330,1207,258,4323,5151,3622,4621,907,1824,8173,390,252,107,419,171,214,537,318,266,223,48,270,506,236,312,409,110,1022,10,1326,471,286,757,9326,1032,16636,1232,5102,7705,3996,687,16633,70,1,419,309,67,6,3,1,640,676,1316,5.79,51.94,18.98,12.44,4.73,0.37,0.46
Union SG,Europa League,10,9272.0,37.0,11.0,27.0,12.6,1.6,2,76.0,176.0,311.0,26.0,34.0,114.0,8.0,5.0,10,7,170,55,19.6,17.9,1,2,295,17,127,355,91,19,205,11.9,13.8,3497,4562,451,16,9,96,22,4120,420,111,1635,1929,1464,1802,282,541,3163,197,159,70,241,121,110,240,145,78,113,49,129,237,108,102,135,34,247,1,594,196,117,313,3456,446,5975,246,1411,2876,1771,308,5973,36,5,153,120,23,1,1,1,199,185,384,3.22,40.54,21.68,12.81,5.19,0.36,0.49
Valencia,La Liga,38,34178.0,148.0,54.0,95.0,50.4,-3.6,8,156.0,521.0,972.0,159.0,239.0,523.0,36.0,54.0,43,26,382,116,42.5,38.4,5,5,667,69,281,1095,253,91,763,29.6,29.2,13138,16495,1340,38,125,394,70,14908,1517,424,6204,6957,5653,6631,1049,1996,10705,571,414,122,625,236,321,645,413,338,228,79,319,570,251,301,366,96,934,15,1514,534,340,874,13260,1328,20570,1216,5916,9823,5033,653,20565,83,1,441,440,72,8,4,3,445,538,983,5.68,49.91,21.64,13.59,5.27,0.31,0.52
Valladolid,La Liga,38,34095.0,204.0,90.0,115.0,74.3,-15.7,5,202.0,550.0,1117.0,167.0,285.0,580.0,39.0,38.0,26,15,331,97,33.6,29.7,5,5,596,42,256,729,176,93,671,21.2,24.4,11025,13982,991,37,125,264,64,12493,1425,420,4646,5307,5038,5919,1101,2022,8932,476,316,120,624,289,266,596,357,342,204,50,276,564,288,311,450,160,921,24,1303,510,268,778,11242,976,17994,1393,6663,8135,3393,523,17989,91,7,459,484,67,7,3,1,537,523,1060,4.97,49.53,19.2,14.2,5.67,0.32,0.5
Venezia,Serie A,38,34181.0,188.0,56.0,134.0,57.1,1.1,6,135.0,520.0,1163.0,158.0,187.0,589.0,31.0,21.0,31,16,381,120,36.0,32.0,4,5,677,48,282,797,215,58,529,18.3,21.6,10663,13794,1066,35,86,299,53,12142,1599,439,4988,5821,4594,5550,759,1550,9569,507,383,124,600,247,290,605,361,319,202,84,286,572,286,279,439,145,897,22,1404,620,398,1018,10665,1057,17971,1339,5570,8335,4288,633,17965,73,4,502,449,58,10,4,2,481,626,1107,4.56,42.61,13.67,12.89,5.39,0.34,0.49
Viktoria Plzeň,Europa League,12,10777.0,59.0,16.0,42.0,20.4,4.4,3,71.0,203.0,292.0,32.0,68.0,176.0,10.0,13.0,18,16,152,51,15.3,14.5,0,1,241,31,111,279,75,17,187,7.8,11.0,3090,4296,383,8,18,124,27,3848,421,111,1520,1847,1143,1507,301,619,2409,127,109,39,200,92,97,239,148,98,100,41,116,240,124,138,180,45,346,7,562,203,115,318,3083,371,5918,413,1636,2617,1732,251,5917,20,3,149,120,29,1,1,0,246,237,483,4.52,53.51,22.81,11.96,5.22,0.38,0.43
Villarreal,La Liga,38,34056.0,160.0,51.0,110.0,44.2,-6.8,8,122.0,339.0,924.0,207.0,206.0,579.0,34.0,36.0,69,50,530,171,65.3,59.7,5,7,958,123,425,1133,370,102,674,44.8,48.7,13654,16694,1522,78,123,317,76,15183,1435,441,6019,6761,6120,7031,1254,2111,11357,693,503,202,627,279,278,647,394,331,236,80,334,624,290,280,426,131,899,18,1499,558,289,847,13817,1510,20874,1538,6605,9108,5352,983,20867,92,5,442,456,77,8,6,1,485,398,883,6.57,39.83,17.57,14.43,5.27,0.34,0.54
Vitória,Europa Conference League,8,7200.0,32.0,12.0,20.0,11.2,-0.8,0,21.0,59.0,203.0,17.0,33.0,65.0,3.0,3.0,15,9,151,55,16.7,15.9,1,1,257,26,113,292,87,18,143,8.3,12.2,3183,3850,375,8,18,64,6,3557,287,86,1518,1682,1303,1531,262,438,2716,162,114,42,127,52,70,164,117,85,57,22,91,155,64,75,79,17,170,2,390,122,65,187,3195,370,4781,202,1209,2362,1249,209,4780,21,0,96,90,7,0,1,0,104,90,194,2.09,38.36,12.8,13.75,5.28,0.35,0.53
Werder Bremen,Bundesliga,34,30558.0,156.0,57.0,102.0,53.1,-3.9,10,134.0,370.0,1204.0,188.0,107.0,464.0,35.0,34.0,53,38,424,138,49.7,45.8,3,5,767,93,327,933,334,91,667,41.4,38.4,12971,16235,1348,57,83,352,68,14751,1416,373,5663,6498,5709,6717,1133,1937,11439,495,347,126,476,194,240,551,321,245,240,66,276,520,244,314,453,144,841,20,1411,492,256,748,13069,1343,20102,1324,6327,9208,4721,818,20097,73,7,335,396,72,3,4,3,465,469,934,4.89,36.77,18.93,13.73,4.51,0.33,0.47
West Ham,Premier League,38,34138.0,186.0,62.0,127.0,58.0,-4.5,7,212.0,610.0,1182.0,174.0,296.0,614.0,25.0,42.0,43,29,473,137,47.1,44.8,3,3,809,67,331,1059,267,72,613,28.7,32.5,13800,16879,1221,53,130,340,67,15611,1201,322,6777,7618,5752,6643,1034,1832,10910,632,394,175,790,344,360,652,386,315,253,84,288,528,240,331,440,169,1017,24,1524,492,392,884,13909,1214,21308,1695,6789,9835,4896,839,21305,80,5,441,396,73,1,2,2,582,559,1141,4.84,43.68,18.97,13.68,5.08,0.31,0.49
Wolfsburg,Bundesliga,34,30509.0,160.0,54.0,106.0,57.5,2.5,6,223.0,608.0,1163.0,143.0,188.0,512.0,24.0,22.0,53,38,432,137,47.4,43.4,4,5,748,95,314,952,244,53,574,32.8,32.7,10645,13731,1203,45,118,336,43,12366,1322,329,4599,5462,4733,5593,1058,1899,9325,489,338,131,512,207,268,491,301,257,175,59,246,538,292,312,434,133,961,17,1294,504,215,719,10659,1196,17666,1244,5180,8158,4491,725,17661,73,3,350,363,49,3,4,1,507,562,1069,4.34,51.77,15.91,13.86,4.87,0.33,0.47
Wolves,Premier League,38,34178.0,168.0,69.0,100.0,59.5,-9.5,9,153.0,532.0,1076.0,156.0,188.0,562.0,40.0,57.0,53,42,431,155,43.0,43.0,0,0,749,96,319,982,275,72,568,23.3,34.8,13647,16616,1183,54,122,325,58,15151,1407,401,6698,7452,5471,6262,1026,1857,11620,607,458,146,723,316,315,799,469,410,305,84,371,666,295,298,437,137,924,24,1609,590,369,959,13668,1179,20968,1513,6448,10038,4750,729,20967,76,4,476,416,62,5,0,3,434,474,908,4.88,42.06,17.65,13.48,5.31,0.31,0.5
Young Boys,Champions League,8,7200.0,53.0,24.0,29.0,17.2,-6.8,0,35.0,120.0,292.0,28.0,34.0,135.0,1.0,6.0,3,3,81,18,5.3,5.3,0,0,136,3,52,165,42,16,118,3.5,4.0,2191,2774,219,5,28,46,13,2489,272,70,947,1084,936,1103,240,410,1851,111,69,32,137,71,57,123,85,72,35,16,48,138,90,81,108,49,196,8,322,109,64,173,2191,219,3665,376,1223,1682,804,119,3665,24,0,116,73,15,2,0,2,85,88,173,3.09,45.39,22.17,14.2,5.69,0.31,0.52
