Player,Nationality,Minutes,Goals Against,Saves,Save Efficiency,Clean Sheets,Completed Long Passes,Attempted Long Passes,Attempted Passes (excluding GK),Attempted Throws,Attempted Goal Kicks,Crosses Faced,Crosses Stopped,Defensive Actions Outside Penalty Area,Pass Length,Goal Kick Length,Distance of Defensive Actions
Aaron Ramsdale,eng ENG,2700,30.42,67.36,42.43,30.12,75.37,79.08,61.13,46.74,45.55,48.07,45.7,30.42,34.72,72.4,42.43
Adrian Rodriguez,es ESP,122,66.17,33.83,18.1,88.87,97.92,98.22,7.12,1.04,98.22,88.43,5.79,5.93,1.04,83.98,5.93
Adrián,es ESP,2340,17.36,79.23,59.2,74.18,55.79,56.97,80.12,86.05,87.54,80.27,83.09,77.45,89.32,77.74,88.13
Aitor Fernández,es ESP,90,98.07,80.71,98.52,94.36,99.41,97.92,59.94,36.94,88.72,37.54,59.64,47.63,52.37,76.56,13.35
Alban Lafont,fr FRA,1080,56.97,24.48,32.34,37.39,22.11,31.45,25.52,52.37,21.07,62.91,74.18,22.26,66.62,61.13,22.26
Albert Posiadala,pl POL,540,47.63,4.75,19.44,37.39,24.04,15.43,28.78,24.78,13.35,10.24,24.18,74.33,27.6,16.32,38.58
Alberto Paleari,it ITA,90,12.02,67.36,6.68,13.2,87.24,32.2,26.71,59.79,40.36,20.47,5.79,98.37,60.98,34.72,79.23
Aleksandr Zarutskiy,kz KAZ,90,40.95,67.36,85.91,13.2,6.97,6.53,6.23,59.79,25.52,70.33,59.64,5.93,71.96,31.31,5.93
Aleksei Ploshchadnyi,ru RUS,270,26.11,50.89,56.08,63.65,16.77,19.73,14.09,52.37,34.87,34.72,34.72,64.99,75.52,14.54,30.42
Alen Sherri,al ALB,621,56.08,31.75,52.67,33.53,38.28,32.79,20.47,17.8,71.81,22.4,28.78,32.49,26.71,22.55,19.58
Alex McCarthy,eng ENG,450,20.33,78.04,42.43,13.2,47.33,22.85,29.23,71.07,19.58,45.4,83.09,5.93,64.99,13.06,5.93
Alex Meret,it ITA,3005,92.73,7.72,55.34,76.41,12.46,7.72,50.45,24.78,31.6,17.21,32.64,67.06,12.76,18.99,59.94
Alex Padilla,es ESP,321,50.89,51.34,19.88,55.34,84.12,84.87,36.2,43.03,43.62,56.97,27.6,37.98,64.39,82.2,32.64
Alex Palmer,eng ENG,1170,27.15,50.45,18.1,13.2,59.5,45.4,24.63,43.77,60.98,74.48,82.49,47.63,54.6,59.94,21.07
Alexander Meyer,de GER,270,40.95,74.48,63.5,94.36,81.16,93.03,97.92,76.26,65.28,81.01,96.59,80.56,33.83,100.0,79.53
Alexander Nübel,de GER,3690,7.12,71.22,4.75,67.36,88.72,85.46,95.85,82.79,42.14,79.53,74.18,82.64,59.94,86.05,95.85
Alexander Schlager,at AUT,335,6.23,78.64,8.46,13.2,31.16,37.69,25.22,30.71,38.58,49.41,65.28,89.32,51.93,16.62,69.44
Alexander Schwolow,de GER,540,32.49,19.73,12.91,13.2,45.4,32.79,37.09,47.33,52.82,39.47,5.79,30.42,37.83,35.91,66.17
Aleš Mandous,cz CZE,180,40.95,74.48,85.91,13.2,24.04,16.32,64.99,68.25,9.05,9.5,24.18,47.63,25.52,51.63,35.46
Alisson,br BRA,3048,58.75,94.21,93.92,92.28,87.83,84.27,94.07,89.91,46.29,75.96,64.99,89.02,81.31,88.43,86.94
Alphonse Areola,fr FRA,2260,53.26,41.1,29.67,42.88,58.75,52.37,51.04,53.56,67.95,53.71,30.12,58.61,41.69,36.8,56.38
Altay Bayındır,tr TUR,540,12.02,92.43,90.65,89.61,20.77,79.97,85.31,76.26,80.86,81.01,59.64,88.13,68.55,91.39,86.05
Amir Saipi,xk KVX,720,63.35,48.07,62.31,69.14,76.26,51.63,76.85,29.38,34.42,31.31,31.9,11.87,5.64,32.64,20.62
Anatolii Trubin,ua UKR,1080,56.97,52.97,15.43,63.65,4.45,12.02,13.65,69.44,31.6,40.95,34.72,30.42,78.64,18.4,28.49
Andrea Mazza,it ITA,8,98.07,1.78,52.67,98.81,97.03,86.65,83.68,98.22,99.7,16.91,5.79,5.93,42.73,28.49,5.93
Andriy Lunin,ua UKR,810,12.02,89.61,81.01,81.9,34.72,13.06,68.55,94.36,69.14,65.88,94.96,91.99,98.52,67.66,95.25
André Ferreira,pt POR,540,7.72,44.96,6.68,13.2,51.78,41.69,15.58,47.33,79.82,50.0,34.72,22.26,63.5,33.83,17.51
André Onana,cm CMR,4230,19.29,79.53,37.98,70.92,85.76,91.39,90.8,81.6,71.22,86.94,72.7,74.78,73.29,96.74,97.33
Anthony Lopes,pt POR,1563,63.35,23.15,47.48,37.39,55.04,48.96,26.11,18.69,32.64,69.58,52.23,19.29,33.83,55.79,34.72
Anthony Moris,lu LUX,900,85.16,27.0,69.73,42.88,84.72,67.06,50.15,10.53,7.86,17.8,43.62,22.26,14.39,29.97,70.92
Antonio Sivera,es ESP,2810,78.04,15.43,47.48,53.12,93.77,88.13,17.8,7.72,62.31,42.43,52.82,41.54,35.76,76.85,55.34
Antonín Kinský,cz CZE,1080,12.02,84.57,18.1,66.47,86.05,79.08,93.47,93.92,73.29,90.5,91.69,90.36,88.13,77.45,94.36
Arijanet Muric,xk KVX,1620,47.63,60.68,42.43,27.15,38.58,35.46,44.21,64.24,29.08,35.76,94.07,57.12,54.01,70.33,47.33
Arnau Rafús,es ESP,90,40.95,1.78,2.37,13.2,81.16,50.89,69.14,59.79,25.52,37.54,59.64,47.63,38.87,26.56,15.13
Arnau Tenas,es ESP,90,89.02,37.39,90.65,13.2,16.77,2.97,45.55,36.94,2.52,2.52,59.64,47.63,17.95,4.75,29.38
Arthur Desmas,fr FRA,1620,35.61,37.39,56.82,37.39,18.55,14.24,13.35,36.94,49.41,50.89,34.72,18.1,53.71,11.28,56.68
Augusto Batalla,ar ARG,2880,79.97,32.49,56.82,51.48,61.57,61.42,48.96,39.47,36.35,39.02,65.88,58.61,44.36,60.53,59.35
Bart Verbruggen,nl NED,3240,54.3,16.02,30.56,41.1,22.55,24.93,60.24,21.96,3.26,18.4,40.06,63.5,9.79,53.71,54.45
Bartłomiej Drągowski,pl POL,630,49.7,63.2,62.31,56.97,4.15,11.28,35.91,46.14,15.13,12.46,48.37,72.11,29.23,13.65,35.46
Ben Alexander Voll,de GER,91,44.66,34.42,85.91,93.47,80.42,95.55,66.47,56.68,92.58,45.99,5.79,5.93,62.31,27.3,5.93
Benjamin Lecomte,fr FRA,2610,27.89,58.16,24.78,26.41,70.62,53.41,38.28,34.57,45.99,38.58,36.2,40.21,49.41,35.31,53.86
Benjamin Siegrist,ch SUI,152,82.2,90.21,52.67,13.2,25.37,68.69,53.12,65.28,89.61,50.89,29.08,27.0,60.98,48.96,11.87
Bernd Leno,de GER,3420,68.4,27.89,35.76,32.64,28.78,19.29,54.9,48.37,18.4,32.05,31.01,39.32,26.26,34.12,37.98
Brandon Austin,eng ENG,270,12.02,56.08,94.96,78.78,60.83,50.89,77.74,96.14,80.86,98.22,99.41,90.36,96.74,86.94,83.38
Brice Samba,fr FRA,2879,20.77,90.5,84.42,90.21,90.5,83.09,89.61,84.87,89.32,87.54,93.18,85.61,75.96,85.46,91.69
Bruno Varela,cv CPV,720,63.35,19.73,39.91,13.2,12.17,10.53,24.93,6.23,14.84,5.34,19.14,17.66,4.15,24.93,18.25
Caoimhín Kelleher,ie IRL,1260,45.1,88.13,95.25,95.85,62.91,77.0,95.55,85.76,45.1,82.49,66.62,87.24,64.09,87.24,97.03
Christian Walton,eng ENG,630,17.36,30.86,23.44,33.53,68.99,59.64,42.73,59.79,61.42,55.64,86.8,15.43,57.86,43.32,20.18
Christos Mandas,gr GRE,1620,51.78,82.49,91.69,86.05,96.14,94.36,92.88,85.46,51.04,85.91,98.22,94.96,82.49,94.66,98.52
Colin Coosemans,be BEL,810,67.06,24.48,24.78,30.56,56.97,64.39,76.11,43.32,10.83,51.93,42.28,60.24,13.06,31.31,67.66
Connor Roberts,wls WAL,540,51.78,83.38,96.14,37.39,58.46,54.15,56.38,5.19,59.5,60.83,45.7,12.76,3.86,38.58,12.76
Craig Gordon,sct SCO,540,63.35,14.24,42.43,37.39,27.0,44.81,9.79,50.45,65.28,12.91,17.36,22.26,78.34,48.66,51.78
Damjan Šiškovski,mk MKD,90,89.02,4.01,52.67,13.2,51.78,36.94,15.58,73.74,57.72,15.43,59.64,47.63,81.01,68.25,14.54
Dani Cárdenas,es ESP,540,89.02,14.24,45.85,63.65,41.39,67.66,12.46,24.78,66.91,30.86,17.36,12.76,70.62,63.35,18.99
Daniel Bentley,eng ENG,180,40.95,67.36,45.85,78.78,24.04,23.44,26.71,13.95,49.41,24.33,5.79,70.03,8.31,48.07,70.62
Daniel Peretz,il ISR,360,19.29,59.64,31.16,13.2,63.5,53.12,85.31,3.86,62.31,10.24,5.79,87.54,2.37,69.73,69.73
Daniel Schmidt,jp JPN,90,40.95,4.01,30.56,13.2,34.72,16.32,2.37,59.79,6.08,3.71,59.64,47.63,93.92,20.47,25.37
Daniele Padelli,it ITA,90,98.07,37.39,97.33,94.36,16.77,8.75,4.15,5.19,2.52,15.43,59.64,5.93,17.95,14.24,5.93
Daniele Sommariva,it ITA,28,8.9,91.39,20.77,13.2,19.88,97.33,41.84,1.04,98.81,99.7,5.79,5.93,1.04,51.04,5.93
Daniil Khudiakov,ru RUS,180,63.35,56.08,34.42,78.78,43.77,76.11,47.18,50.45,32.2,57.86,91.69,22.26,53.26,79.82,17.21
Danijel Zagorac,hr CRO,270,73.59,24.48,67.21,63.65,68.99,65.13,17.06,5.19,88.72,72.55,34.72,47.63,7.27,56.68,18.69
Danny Ward,wls WAL,135,3.12,24.48,1.78,13.2,77.15,47.33,48.07,73.74,19.88,4.15,5.79,64.99,67.95,63.95,71.36
David Raya,es ESP,4590,56.97,72.85,87.24,91.1,92.58,94.07,89.91,89.02,73.59,81.6,95.99,91.69,86.65,95.85,96.44
David Soria,es ESP,3420,86.35,12.46,59.2,48.81,86.35,81.6,5.34,4.15,70.33,25.52,33.23,53.41,30.86,78.34,55.93
David de Gea,es ESP,3600,18.1,90.8,69.14,59.94,96.59,91.99,78.04,81.16,94.07,93.18,28.49,90.36,94.66,91.99,91.1
David von Ballmoos,ch SUI,360,4.45,48.07,3.26,13.2,65.13,61.87,52.23,8.16,36.35,44.81,14.84,47.63,5.93,47.77,76.56
Davy Roef,be BEL,630,75.67,67.36,39.91,72.85,13.5,9.2,22.85,59.79,35.61,21.07,5.79,15.43,65.58,6.97,71.36
Dean Henderson,eng ENG,3420,72.55,23.44,49.41,56.97,36.94,56.23,22.55,15.43,59.94,44.51,42.88,54.01,36.8,44.51,60.83
Deniz Dilmen,0,180,5.64,37.39,23.44,13.2,6.97,4.3,37.83,9.35,32.2,6.68,5.79,95.99,4.75,10.39,76.85
Devis Vásquez,co COL,2880,69.29,18.4,34.42,41.1,53.71,66.47,44.51,19.58,20.47,49.41,68.1,19.58,31.31,63.95,53.12
Diant Ramaj,de GER,360,63.35,56.08,84.42,13.2,30.56,63.35,75.07,64.69,9.05,11.57,72.11,47.63,32.64,45.4,76.26
Diego Conde,es ESP,1962,60.09,29.97,21.81,29.23,14.39,10.98,20.77,62.91,22.85,45.7,45.7,32.94,56.23,21.07,45.4
Dimitry Bertaud,cd COD,360,16.91,19.73,12.02,13.2,51.78,30.56,10.98,54.45,54.6,35.31,91.69,33.83,78.93,39.76,42.14
Dinko Horkaš,hr CRO,1085,56.97,31.75,56.08,28.19,64.39,45.7,70.62,49.11,12.02,21.96,40.06,64.99,23.89,37.24,68.69
Diogo Costa,pt POR,900,63.35,13.35,26.71,58.61,51.78,35.91,67.36,32.64,27.89,43.03,51.48,63.2,14.99,26.11,65.88
Dmytro Riznyk,ua UKR,720,40.95,74.48,68.1,51.48,65.13,59.05,70.33,45.1,54.6,68.25,91.69,22.26,23.29,30.27,13.06
Dominik Greif,sk SVK,2790,85.16,25.52,49.41,47.03,71.22,52.82,35.31,40.36,44.81,62.02,21.36,31.6,55.49,52.52,47.92
Dominik Kotarski,hr CRO,900,70.03,45.99,76.85,58.61,32.34,38.58,62.02,22.26,16.02,33.23,16.02,36.5,14.99,48.37,64.99
Dominik Livaković,hr CRO,540,63.35,67.36,70.03,13.2,66.02,70.33,67.66,65.28,16.62,21.36,24.18,47.63,48.81,57.12,72.11
Dominik Takáč,sk SVK,720,7.42,74.48,15.43,13.2,39.61,34.72,7.42,56.38,85.01,78.64,76.26,5.93,84.27,23.15,5.93
Donovan Léon,gf GUF,2880,63.35,60.24,74.04,55.34,76.56,79.53,43.62,66.47,43.03,59.64,50.0,60.24,79.23,72.7,50.45
Dávid Gróf,hu HUN,180,63.35,37.39,23.44,78.78,51.78,57.42,17.51,5.19,9.05,62.31,59.64,22.26,12.02,73.0,63.2
Dénes Dibusz,hu HUN,572,57.86,50.15,65.13,59.94,39.61,17.8,28.49,31.45,18.69,23.59,11.57,56.23,34.42,22.85,83.09
Ed McGinty,ie IRL,180,95.7,9.94,34.42,78.78,16.77,13.06,19.14,86.65,25.52,7.57,59.64,95.99,92.28,20.18,62.61
Ederson,br BRA,3040,5.04,85.16,26.71,81.01,54.01,29.53,87.83,87.24,51.63,52.23,59.64,96.74,75.52,82.49,97.92
Elia Caprile,it ITA,1945,63.35,71.96,84.87,95.55,95.55,92.58,80.42,83.98,93.18,87.24,88.13,82.64,90.36,88.72,91.39
Elías Rafn Ólafsson,is ISL,520,80.71,65.28,59.2,67.36,41.39,60.53,33.98,69.14,74.48,14.24,49.11,82.2,82.2,50.74,75.67
Emil Audero,id IDN,720,29.08,9.94,7.86,13.2,8.31,8.31,42.28,29.38,4.75,19.88,31.9,47.63,19.29,9.2,28.19
Emiliano Martínez,ar ARG,4274,28.19,95.25,81.01,85.76,90.8,85.91,95.25,80.42,72.26,88.13,97.33,73.89,65.88,96.14,94.66
Enrico Del Prato,it ITA,13,0.3,1.78,0.3,13.2,1.19,99.7,98.22,79.53,99.41,99.11,99.7,5.93,25.22,57.57,5.93
Ersin Destanoğlu,tr TUR,270,51.78,67.36,39.91,63.65,9.5,29.97,31.45,77.74,76.56,29.67,74.18,16.47,85.31,15.13,27.3
Fabian Bredlow,de GER,90,3.12,9.94,7.86,13.2,34.72,43.32,49.26,59.79,2.52,4.6,5.79,80.56,64.69,2.08,75.37
Fabiano,br BRA,630,75.67,49.55,81.01,56.97,22.85,20.18,0.89,22.7,73.0,55.64,48.37,12.17,74.18,42.43,18.25
Fabijan Buntić,hr CRO,180,21.51,19.73,23.44,13.2,2.67,2.37,1.19,24.78,6.08,6.68,24.18,47.63,62.02,19.88,44.51
Fabrice Ondoa,cm CMR,720,53.86,51.78,28.34,31.45,36.5,40.65,19.88,29.38,28.19,59.35,40.06,22.26,65.28,45.99,29.67
Federico Ravaglia,it ITA,1146,31.31,78.93,13.8,72.85,91.99,95.85,97.63,94.66,41.84,48.66,52.52,35.01,77.74,81.6,34.42
Fernando Muslera,uy URU,540,26.11,19.73,47.48,13.2,37.83,22.26,37.83,42.28,15.58,12.91,45.7,47.63,40.21,23.44,77.74
Filip Jørgensen,dk DEN,1620,29.08,92.43,88.72,83.23,8.9,17.21,91.39,93.18,40.36,66.47,80.71,64.99,69.14,39.32,87.54
Filip Manojlović,rs SRB,810,89.02,47.03,90.65,73.89,42.43,19.73,8.01,71.96,60.53,45.1,50.89,35.61,87.83,44.21,65.58
Filip Stankovic,rs SRB,1367,60.09,64.99,69.14,13.2,19.29,24.04,40.95,21.66,21.66,61.42,42.88,38.58,21.66,17.21,23.0
Finn Dahmen,de GER,1710,89.02,52.97,75.82,75.52,79.53,70.92,54.3,11.57,66.47,69.58,21.07,66.47,8.9,65.58,39.02
Florian Müller,de GER,753,46.14,8.01,12.91,48.81,73.89,77.74,52.82,21.22,56.08,23.59,37.54,54.75,21.36,75.07,31.9
Fran,es ESP,90,40.95,1.78,4.3,13.2,3.71,1.63,1.63,13.95,13.35,2.52,59.64,47.63,37.09,2.37,16.62
Fran Vieites,es ESP,1080,34.42,19.73,14.69,69.14,78.78,94.66,78.34,78.78,93.77,95.25,93.47,73.15,94.36,97.33,81.01
Francis Uzoho,ng NGA,90,89.02,37.39,90.65,13.2,98.81,96.44,6.23,2.52,97.18,70.33,59.64,5.93,6.23,58.75,5.93
Franco Israel,uy URU,720,63.35,56.08,66.17,51.48,10.09,10.53,24.04,29.38,63.35,9.5,19.14,17.66,31.9,21.66,22.55
Frank Feller,de GER,301,40.95,85.46,93.92,96.74,98.22,99.11,99.11,97.33,94.96,97.63,38.72,94.66,84.72,99.7,84.57
Fraser Forster,eng ENG,900,4.15,98.81,81.9,75.96,20.33,25.82,80.71,95.1,97.18,94.96,88.87,86.05,92.58,32.34,85.16
Frederik Rønnow,dk DEN,2520,74.48,21.07,60.98,56.97,54.45,44.51,27.89,55.79,36.35,66.47,77.3,61.87,63.5,68.55,54.45
Fyodor Lapoukhov,by BLR,540,32.49,24.48,28.34,37.39,77.15,54.15,60.83,63.5,49.41,16.47,45.7,83.38,46.29,70.03,49.85
Gabriel Kobylak,pl POL,360,78.04,74.48,71.22,78.78,6.97,5.04,3.56,19.58,40.36,19.29,24.18,14.84,47.03,11.87,36.35
Gauthier Gallon,fr FRA,45,98.07,1.78,52.67,97.48,1.19,6.53,45.55,36.94,70.33,1.78,5.79,80.56,13.8,7.72,79.82
Gautier Larsonneur,fr FRA,2970,26.11,64.39,37.98,31.45,33.38,48.22,43.92,48.37,44.51,51.34,38.13,47.63,45.99,29.67,49.55
Gerónimo Rulli,ar ARG,3060,70.92,21.51,55.34,34.12,13.5,5.64,54.01,33.09,6.82,8.31,44.36,75.82,10.98,14.84,70.03
Gianluigi Donnarumma,it ITA,3441,37.39,73.29,42.43,82.34,38.87,37.39,77.45,84.57,82.49,75.37,75.82,76.26,87.24,81.9,85.76
Giorgi Mamardashvili,ge GEO,3060,69.29,22.85,44.96,48.81,37.39,38.87,24.33,33.68,47.33,36.2,53.12,57.57,53.26,56.23,62.91
Giuseppe Ciocci,it ITA,9,98.07,1.78,52.67,98.52,1.19,0.74,0.3,1.04,0.74,0.74,5.79,99.7,1.04,0.74,67.36
Gregor Kobel,ch SUI,4050,14.24,86.65,39.91,81.45,75.67,76.56,92.58,88.13,63.8,84.57,69.44,91.1,71.36,89.91,92.88
Grégoire Coudert,fr FRA,270,0.59,92.43,0.89,13.2,94.66,96.74,86.8,98.81,91.39,85.91,96.59,93.77,99.41,97.63,89.91
Guglielmo Vicario,it ITA,2970,36.2,88.72,71.81,84.42,37.83,36.5,87.24,90.21,72.26,92.58,97.03,78.64,76.41,78.78,86.35
Guillaume Restes,fr FRA,2543,76.71,11.57,21.81,55.34,14.84,21.96,18.69,12.17,21.36,27.3,12.17,59.35,23.89,36.5,63.8
Günay Güvenç,0,360,40.95,70.77,85.91,13.2,24.04,7.42,53.41,29.38,16.32,7.57,24.18,70.03,13.8,5.64,38.28
Hendrik Bonmann,de GER,360,89.02,80.71,95.7,78.78,78.78,77.0,74.18,59.79,71.51,74.78,87.54,33.83,30.42,52.23,24.33
Heorhiy Bushchan,ua UKR,450,16.02,89.32,63.5,13.2,51.78,51.93,57.86,69.73,11.42,37.54,30.12,36.5,59.35,63.35,33.83
Hervé Koffi,bf BFA,450,55.19,59.05,93.32,13.2,14.39,14.54,15.58,49.11,11.42,13.5,43.62,18.4,68.84,21.36,13.65
Hákon Rafn Valdimarsson,is ISL,145,79.08,8.31,5.34,85.16,92.88,88.43,58.46,47.77,83.68,10.98,71.81,5.93,38.28,75.96,5.93
Ingvar Jónsson,is ISL,720,70.92,51.78,82.34,51.48,55.04,46.59,64.09,27.0,22.26,52.82,50.0,83.98,15.73,29.38,50.15
Ionuț Radu,ro ROU,1350,81.45,43.62,60.98,54.15,43.03,72.7,50.74,40.65,21.96,40.21,49.11,13.65,47.77,71.22,19.29
Isak Pettersson,se SWE,720,48.96,70.77,49.41,69.14,48.66,87.54,30.42,36.94,75.07,83.09,68.1,27.89,67.21,73.29,44.21
Ivan Guteša,rs SRB,270,89.02,67.36,94.36,63.65,77.15,65.13,8.9,36.94,85.01,26.71,17.36,16.47,76.41,52.82,24.33
Ivan Nevistić,hr CRO,450,12.02,62.17,48.37,42.88,56.08,55.19,29.23,10.53,55.64,47.48,13.06,5.93,22.4,28.93,5.93
Ivan Provedel,it ITA,2880,35.01,89.02,64.39,78.78,96.59,97.03,94.66,83.23,76.26,94.36,84.87,67.8,83.68,97.92,82.79
Ivica Ivušić,hr CRO,810,84.42,6.82,49.41,63.65,18.55,18.4,23.59,41.25,13.35,10.68,27.6,57.12,48.37,13.35,56.97
Iván Villar,es ESP,360,29.08,19.73,30.56,13.2,2.97,4.3,8.31,29.38,76.85,60.24,14.84,61.87,32.94,8.01,74.18
Iñaki Peña,es ESP,1846,33.38,30.86,26.71,88.28,10.98,21.66,91.1,86.35,78.34,71.81,29.38,99.41,60.98,81.31,99.11
Jack Butland,eng ENG,810,73.59,21.51,42.43,45.85,79.23,65.88,28.19,20.62,74.18,64.99,34.72,18.84,43.77,57.86,35.91
Jacob Karlstrom,no NOR,360,78.04,27.6,77.89,51.48,13.95,28.78,82.79,59.79,36.35,78.93,80.71,86.8,6.53,17.8,61.57
Jacob Rinne,se SWE,735,72.11,17.21,26.71,48.81,25.37,33.53,33.23,22.7,54.01,39.76,53.56,56.23,28.49,34.42,59.05
Jacopo Seghetti,it ITA,90,12.02,37.39,4.3,13.2,16.77,16.32,1.63,59.79,25.52,1.78,5.79,47.63,95.55,26.56,77.45
Jakub Stolarczyk,pl POL,900,55.19,28.49,44.96,42.88,64.09,76.11,55.79,26.71,37.39,64.39,59.64,36.5,23.29,58.46,73.59
Jan Oblak,si SVN,4140,29.97,87.54,46.59,85.16,64.69,52.37,64.39,95.55,93.47,88.72,94.36,62.61,100.0,91.1,90.5
Janis Blaswich,de GER,381,8.01,22.4,5.04,13.2,21.66,22.55,22.26,16.02,46.74,17.51,14.24,67.36,19.58,25.52,39.47
Jason Steele,eng ENG,180,95.7,5.93,23.44,78.78,24.04,13.06,82.2,24.78,1.63,15.43,59.64,70.03,3.56,37.24,33.53
Jasper Cillessen,nl NED,2335,53.86,48.96,59.2,31.45,46.88,55.79,49.85,67.36,56.97,56.08,24.18,35.01,59.05,37.98,61.13
Jay Gorter,nl NED,67,18.55,5.04,3.56,13.2,35.91,13.95,65.58,39.47,5.04,5.04,5.79,5.93,11.57,43.77,5.93
Jean Butez,fr FRA,1666,85.76,21.96,49.41,54.15,48.37,35.01,69.44,56.97,3.56,12.17,70.77,88.43,28.19,36.2,67.95
Jeroen Zoet,nl NED,90,89.02,67.36,100.0,13.2,51.78,85.16,23.59,59.79,85.01,89.91,91.69,5.93,80.71,57.12,5.93
Jesse Joronen,fi FIN,703,45.7,54.3,21.81,53.12,11.57,25.37,56.97,71.96,29.67,57.86,41.84,28.78,54.3,18.69,14.84
Jesús Owono,gq EQG,487,75.67,4.45,23.44,13.2,89.17,75.67,16.62,7.12,51.93,21.66,67.36,17.21,35.01,84.27,16.62
Joakim Persson,se SWE,90,40.95,37.39,6.68,13.2,34.72,43.32,19.14,73.74,25.52,37.54,59.64,5.93,84.72,66.77,5.93
Joan García,es ESP,3420,72.55,59.94,70.62,44.36,54.45,42.43,35.61,63.8,35.31,68.55,85.46,40.8,66.62,53.41,31.16
Joe Lumley,eng ENG,270,26.11,71.51,72.55,13.2,51.78,61.13,75.67,52.37,25.52,72.55,34.72,85.16,11.28,5.04,78.04
Joel Drommel,nl NED,90,12.02,37.39,77.89,13.2,81.16,43.32,71.51,36.94,25.52,15.43,5.79,5.93,15.43,15.43,5.93
Johan Dahlin,se SWE,225,55.19,28.49,25.37,13.2,2.37,3.86,0.59,36.94,85.01,11.57,19.88,36.5,71.96,8.61,80.42
Jonas Lössl,dk DEN,380,34.42,58.16,33.38,75.52,89.91,74.78,59.64,16.32,58.9,31.75,36.8,58.16,17.21,39.32,29.97
Jonas Omlin,ch SUI,979,23.89,70.03,31.45,29.23,72.55,66.17,73.89,43.77,29.38,48.37,15.43,59.35,16.32,42.14,66.77
Jonas Urbig,de GER,1023,18.55,71.96,14.69,92.58,78.04,89.61,93.18,76.26,14.54,84.27,31.9,97.03,68.25,99.11,98.81
Jordan Pickford,eng ENG,3420,83.38,41.69,68.1,60.98,87.24,82.49,63.8,44.36,42.73,43.92,44.36,70.03,39.17,54.3,58.46
Josep Martinez,es ESP,540,94.96,96.74,87.83,97.03,84.72,58.16,98.52,96.14,70.33,96.74,83.09,27.3,63.5,85.76,73.0
Josip Condric,hr CRO,270,94.36,76.26,96.44,63.65,63.5,85.91,46.14,73.74,95.55,68.99,5.79,47.63,72.4,60.24,70.33
José Sá,pt POR,2609,52.52,15.13,32.34,48.81,20.33,38.13,31.16,42.28,28.64,46.88,66.62,68.55,54.9,32.94,51.19
Juan Musso,ar ARG,270,98.07,80.71,96.74,97.48,43.77,91.1,74.63,93.92,99.11,91.69,59.64,47.63,98.22,93.18,45.7
Juan Soriano,es ESP,540,82.94,44.96,77.89,37.39,68.99,78.49,11.57,20.62,77.74,82.79,69.88,5.93,66.17,79.23,5.93
Julen Agirrezabala,es ESP,2376,44.66,64.69,68.1,89.61,88.13,90.8,76.11,77.15,78.04,75.07,89.47,85.61,91.1,99.41,91.99
Justin Bijlow,nl NED,125,93.18,82.2,99.26,88.28,74.33,80.71,38.72,3.56,92.88,94.66,93.77,5.93,2.67,69.14,5.93
Jörg Siebenhandl,at AUT,276,75.07,12.76,59.2,63.65,3.26,2.08,7.72,33.09,10.09,14.54,17.36,78.64,35.31,2.97,62.31
Kacper Tobiasz,pl POL,360,92.73,56.08,95.7,89.61,39.61,33.83,18.25,29.38,49.41,66.47,59.64,47.63,58.46,23.74,19.88
Kamil Grabara,pl POL,2585,49.7,40.5,52.67,37.39,74.33,69.73,60.53,34.57,30.27,40.65,26.41,29.38,29.67,62.91,35.01
Karl Jakob Hein,ee EST,2790,31.31,42.14,23.44,34.72,58.16,45.99,46.59,48.37,60.98,48.96,66.62,56.23,43.18,62.61,63.5
Karl-Johan Johnsson,se SWE,270,40.95,84.57,72.55,13.2,6.97,9.94,72.11,79.97,3.86,57.86,34.72,47.63,29.23,27.0,16.62
Kasper Schmeichel,dk DEN,900,50.15,62.17,57.27,58.61,10.53,5.34,56.68,46.74,51.34,52.52,13.06,22.26,16.62,11.57,28.78
Kauã Santos,br BRA,1215,15.73,99.11,83.68,67.36,91.1,94.96,88.13,90.5,86.94,96.14,98.81,87.83,89.91,95.25,81.9
Kepa Arrizabalaga,es ESP,2790,77.15,40.5,57.86,53.12,40.36,30.86,32.34,33.68,44.07,19.58,36.8,75.82,40.95,25.82,65.28
Kevin Müller,de GER,3389,16.62,94.21,79.23,84.42,91.39,90.21,90.21,91.99,97.92,96.44,88.43,72.7,89.02,88.13,81.31
Kevin Trapp,de GER,2925,26.11,83.68,47.48,86.5,74.78,81.9,85.76,86.94,91.1,97.03,83.98,78.64,79.82,87.83,89.17
Kjell Scherpen,nl NED,540,47.63,67.36,75.82,37.39,45.4,54.15,32.64,17.51,52.82,67.51,74.18,30.42,29.97,56.23,15.73
Kjetil Haug,no NOR,498,76.71,7.12,46.29,39.91,15.13,26.11,3.26,8.61,45.55,30.27,51.48,25.07,33.23,55.19,40.06
Kostas Tzolakis,gr GRE,897,93.77,27.3,78.93,83.83,62.31,62.91,13.06,51.34,17.06,5.64,66.62,92.88,86.94,67.95,69.14
Krapyvtsov Vladyslav,ua UKR,180,5.64,85.91,19.44,13.2,51.78,23.44,51.34,76.26,9.05,33.23,24.18,22.26,74.78,10.68,40.65
Lars Unnerstall,de GER,730,71.81,46.59,35.76,51.48,44.81,45.1,41.54,34.12,27.6,28.19,21.81,66.17,39.47,12.76,36.94
Lasse Rieß,de GER,180,89.02,37.39,63.5,13.2,75.07,83.68,64.99,24.78,40.36,18.4,59.64,95.99,32.34,46.59,50.74
Lawrence Ati-Zigi,gh GHA,540,12.02,85.91,16.32,13.2,43.77,18.69,53.71,50.45,52.82,33.23,59.64,64.99,31.31,10.98,55.34
Leandro Chichizola,ar ARG,90,12.02,37.39,13.8,13.2,16.77,57.42,72.7,59.79,70.33,81.01,91.69,80.56,30.42,17.51,36.35
Leo Román,es ESP,630,67.8,87.09,90.65,56.97,80.12,78.04,32.94,10.09,64.24,71.51,68.99,38.58,27.3,74.48,15.43
Liam Kelly,sct SCO,180,89.02,5.93,92.58,78.78,60.83,81.31,30.42,36.94,80.86,89.32,91.69,80.56,60.98,73.59,41.25
Lorenzo Montipò,it ITA,3240,48.37,26.26,18.1,45.85,66.02,78.49,9.5,9.79,72.7,35.76,45.7,28.78,42.14,76.26,23.44
Lorenzo Torriani,it ITA,40,29.08,95.7,97.92,13.2,1.19,3.41,33.98,8.16,54.6,7.57,5.79,5.93,7.72,3.86,5.93
Lovro Štubljar,si SVN,180,21.51,37.39,12.02,13.2,93.47,74.04,40.65,76.26,85.01,41.84,91.69,5.93,86.35,49.55,5.93
Luca Philipp,de GER,630,1.48,92.43,1.48,13.2,97.63,98.81,78.93,77.74,96.14,98.52,80.71,74.33,93.47,94.07,80.71
Lucas Chevalier,fr FRA,3960,24.93,89.91,88.28,72.11,85.16,81.01,86.35,83.23,56.68,83.38,68.1,52.82,81.9,94.36,81.6
Lucas Perri,br BRA,3960,20.33,93.62,87.54,82.34,73.29,82.2,84.57,93.47,83.98,89.02,87.83,64.99,95.25,86.65,84.87
Luiz Lúcio Reis Júnior,br BRA,1458,84.42,34.12,49.41,68.4,31.6,27.3,19.58,72.4,43.32,54.01,54.3,60.83,81.6,40.21,46.29
Lukas Jungwirth,at AUT,262,6.82,53.71,10.98,13.2,32.05,24.33,45.1,55.49,50.74,77.3,95.55,16.91,38.58,30.56,30.42
Lukáš Horníček,cz CZE,290,79.08,60.68,82.34,59.94,29.23,35.46,39.47,39.47,23.44,61.72,31.9,88.72,36.5,15.73,29.08
Lukáš Hrádecký,fi FIN,2970,15.43,93.62,62.31,87.54,78.34,77.45,82.49,82.49,83.23,80.27,32.94,91.39,82.79,90.21,93.18
Lukáš Zima,cz CZE,90,3.12,9.94,6.68,13.2,6.97,6.53,6.23,59.79,40.36,11.57,5.79,5.93,79.53,9.5,5.93
Léon-Maurice Pöhls,de GER,540,63.35,14.24,32.34,37.39,12.76,23.44,3.86,27.6,56.38,73.89,17.36,30.42,69.73,35.01,30.86
Maarten Vandevoordt,be BEL,609,14.84,81.9,9.5,71.51,67.95,70.62,83.09,92.28,94.36,94.07,90.21,97.63,87.54,90.5,95.55
Mads Hermansen,dk DEN,2385,31.31,61.13,44.96,26.71,40.95,69.14,62.31,62.61,31.16,54.45,53.56,42.28,44.36,62.02,51.19
Mads Kikkenborg,dk DEN,90,3.12,9.94,2.37,13.2,51.78,16.32,33.98,5.19,25.52,4.6,5.79,47.63,4.45,3.56,16.02
Maduka Okoye,ng NGA,2250,55.19,33.23,37.98,34.72,47.33,30.27,49.55,18.25,12.46,25.07,27.6,40.8,10.68,49.85,45.1
Malkolm Nilsson,se SWE,165,95.25,48.66,81.01,13.2,32.64,56.68,10.39,20.18,79.53,82.05,27.0,5.93,62.76,67.06,5.93
Manolis Saliakas,gr GRE,1,98.07,1.78,52.67,99.55,1.19,0.74,99.41,1.04,0.74,0.74,5.79,5.93,1.04,0.74,5.93
Manuel Neuer,de GER,2802,46.88,17.21,21.81,91.39,92.28,74.48,97.03,88.58,29.97,25.82,19.14,97.92,58.75,83.68,100.0
Marc-André ter Stegen,de GER,764,9.2,98.22,29.08,32.64,68.99,64.09,97.33,99.7,81.9,92.88,99.11,100.0,97.33,92.58,90.8
Marcin Bułka,pl POL,3600,4.75,97.33,20.77,48.81,70.92,50.89,83.98,96.74,86.35,89.61,95.25,95.25,92.88,79.53,92.28
Marco Bizot,nl NED,3690,8.31,87.83,25.82,81.45,99.11,98.52,81.6,85.16,88.13,91.99,94.66,93.47,96.14,98.52,94.07
Marco Carnesecchi,it ITA,3870,40.95,72.85,37.09,93.18,87.24,88.72,78.64,83.68,90.21,58.75,47.48,89.61,91.39,98.81,88.43
Marco Silvestri,it ITA,450,30.42,52.23,9.94,13.2,81.16,63.35,33.98,18.25,4.45,23.15,13.06,36.5,41.25,5.93,17.8
Marco Sportiello,it ITA,126,67.8,30.86,59.2,87.54,25.82,18.1,56.08,70.33,85.01,13.95,36.8,83.09,40.21,12.46,84.12
Marius Müller,de GER,475,91.99,52.52,89.61,41.1,81.9,73.29,61.72,67.66,47.33,73.29,86.8,26.56,56.23,61.42,21.96
Mark Flekken,nl NED,3275,60.09,69.73,41.1,41.1,79.82,71.81,73.15,21.22,37.83,56.68,72.4,41.54,8.61,70.62,23.74
Mark Travers,ie IRL,450,89.02,67.36,97.63,42.88,75.96,46.29,8.61,71.07,67.66,25.07,13.06,47.63,93.18,72.11,24.93
Marko Dmitrović,rs SRB,2880,59.2,47.03,56.08,59.94,73.0,89.91,16.32,24.78,80.12,71.22,82.2,73.59,70.03,83.09,43.47
Marko Ilić,rs SRB,180,1.78,56.08,8.9,13.2,68.99,86.65,4.6,13.95,92.14,41.84,59.64,5.93,77.15,65.88,5.93
Martin Dúbravka,sk SVK,900,81.45,31.75,60.98,78.78,5.04,13.06,35.01,66.02,38.28,27.0,59.64,56.23,45.7,45.7,64.09
Martin Jedlička,cz CZE,1080,73.59,56.08,83.68,51.48,66.77,62.31,20.18,11.13,34.87,43.47,45.7,54.75,37.39,66.17,73.89
Marvin Keller,ch SUI,360,29.08,67.36,20.77,13.2,16.77,39.17,73.59,54.45,5.34,73.89,5.79,22.26,21.07,38.87,27.3
Matej Kovar,cz CZE,990,40.95,58.75,16.32,95.25,82.79,59.35,81.01,78.34,68.25,76.85,71.51,75.37,70.33,86.35,94.96
Mateusz Kochalski,pl POL,540,21.51,76.26,79.67,13.2,27.0,41.69,52.52,24.78,25.52,16.47,24.18,47.63,22.85,47.48,47.33
Matevž Vidovšek,si SVN,720,92.28,42.73,93.32,85.16,39.61,20.62,21.96,45.1,46.74,65.58,68.1,33.83,56.68,20.77,68.69
Matheus,br BRA,517,1.19,98.52,38.87,44.36,49.55,55.49,96.74,87.54,82.2,95.85,47.48,97.33,60.24,67.36,99.41
Mathew Ryan,au AUS,1260,80.71,44.21,70.62,72.85,21.36,18.99,21.07,70.03,20.77,24.63,77.3,32.05,75.07,19.29,45.99
Mathieu Gorgelin,fr FRA,1440,36.94,42.73,60.98,27.15,49.11,28.49,34.72,53.12,44.07,63.8,73.0,22.26,55.79,18.1,39.76
Matjaž Rozman,si SVN,360,40.95,37.39,25.37,13.2,30.56,15.13,21.66,59.79,70.33,31.31,14.84,5.93,67.21,13.95,5.93
Matouš Trmal,cz CZE,540,51.78,80.71,63.5,37.39,19.58,41.69,55.49,68.25,62.31,43.47,69.88,47.63,51.34,59.64,39.02
Mattia Perin,it ITA,660,27.15,99.41,99.7,83.83,62.61,62.61,92.28,99.11,58.46,93.47,78.93,53.41,97.03,92.88,93.47
Matvei Safonov,ru RUS,1059,68.4,83.98,79.67,91.84,71.81,86.65,79.23,80.71,83.23,65.28,81.9,93.18,85.31,89.32,89.61
Matz Sels,be BEL,3420,80.71,43.62,60.98,66.47,73.59,73.0,5.04,6.82,58.9,73.0,24.18,16.02,44.96,68.84,36.94
Maxime Delanghe,be BEL,599,63.35,30.27,57.86,58.61,83.68,90.5,11.87,2.97,47.77,22.4,40.06,40.21,7.27,81.01,75.96
Maxime Dupé,fr FRA,180,89.02,37.39,63.5,13.2,6.97,2.67,26.71,73.74,49.41,9.5,24.18,22.26,55.19,5.34,57.27
Melvin Zinga,fr FRA,90,40.95,9.94,85.91,13.2,6.97,27.6,12.46,36.94,88.72,77.89,59.64,80.56,73.0,6.23,40.65
Mert Günok,tr TUR,450,40.95,72.4,94.66,13.2,26.11,33.23,27.6,66.02,55.64,37.54,30.12,13.65,71.36,22.26,21.36
Michael Zetterer,de GER,3060,50.89,37.39,37.98,56.97,32.94,26.41,63.2,68.84,7.12,34.42,64.69,47.63,44.96,21.96,55.93
Michele Di Gregorio,it ITA,3658,46.59,77.45,68.1,91.84,86.65,84.57,81.9,92.58,81.6,91.1,84.27,67.8,95.85,96.44,93.77
Mike Maignan,fr FRA,4154,24.48,93.18,26.71,73.59,67.06,56.23,94.96,89.32,82.79,83.68,77.89,94.36,69.44,90.8,99.7
Mile Svilar,rs SRB,4500,40.95,84.57,75.82,86.5,85.46,87.24,91.69,91.39,90.8,92.28,89.91,78.04,86.05,95.55,85.46
Moritz Nicolas,de GER,1639,71.51,61.72,74.78,45.85,56.97,27.0,71.81,56.08,7.42,67.95,54.3,35.01,16.02,28.19,68.25
Muhammed Şengezer,tr TUR,360,78.04,74.48,89.32,13.2,72.55,83.68,63.5,13.95,13.35,41.84,80.71,33.83,14.39,54.6,51.78
Mukhammedzhan Seysen,kz KAZ,180,40.95,99.7,98.81,13.2,24.04,75.37,30.42,73.74,92.14,87.83,80.71,70.03,76.85,64.99,54.9
Nathan Trott,eng ENG,450,55.19,22.4,29.67,42.88,10.53,11.57,40.36,8.9,7.86,6.23,13.06,13.65,6.82,7.42,12.17
Nediljko Labrović,hr CRO,1350,34.42,28.49,15.43,32.64,61.57,47.33,29.67,55.19,57.72,41.25,43.62,59.35,62.76,50.45,43.03
Neofytos Michael,cy CYP,90,40.95,37.39,39.91,13.2,3.71,1.63,9.2,59.79,40.36,1.78,5.79,5.93,47.03,2.67,5.93
Neto,br BRA,270,40.95,97.77,92.28,13.2,89.17,93.03,86.8,97.63,80.86,85.91,97.92,98.81,96.44,89.61,84.12
Nick Pope,eng ENG,2520,78.04,41.1,52.67,56.97,11.87,17.51,10.09,79.23,53.71,28.19,76.56,84.27,90.36,40.65,60.24
Nicola Leali,it ITA,2610,86.05,29.67,65.13,66.47,55.49,39.76,23.15,32.2,63.35,32.64,37.54,19.88,50.3,32.05,46.74
Nikita Haikin,ru RUS,1440,58.16,63.8,75.82,41.1,49.11,43.32,71.22,54.45,30.71,72.11,50.0,68.25,25.82,28.93,48.52
Niklas Hedl,at AUT,900,85.16,45.99,67.21,70.47,13.06,14.84,37.39,42.73,22.55,29.67,30.12,77.74,36.2,42.73,74.48
Nikola Vasilj,ba BIH,2969,82.2,29.23,74.04,54.15,49.85,49.85,69.73,18.99,14.24,24.04,38.13,37.39,8.01,24.33,37.69
Noah Atubolu,de GER,2307,67.06,44.51,52.67,69.88,72.11,57.86,70.92,46.14,23.15,44.21,74.18,55.49,20.18,61.72,32.94
Ognjen Čančarević,am ARM,270,12.02,97.03,36.65,63.65,27.0,20.62,46.14,65.28,66.91,20.47,5.79,47.63,56.97,8.9,58.75
Oliver Baumann,de GER,3150,6.53,87.09,35.76,72.85,91.69,96.14,90.5,82.2,75.82,90.8,71.22,77.15,83.38,94.96,92.58
Omri Glazer,il ISR,270,12.02,9.94,3.86,13.2,27.0,9.94,17.06,13.95,52.82,18.99,17.36,5.93,27.0,6.53,5.93
Oscar Jansson,se SWE,180,63.35,3.56,7.42,13.2,11.28,6.53,4.6,5.19,25.52,29.67,5.79,90.36,12.46,41.39,72.4
Panagiotis Retsos,gr GRE,1,98.07,1.78,52.67,99.55,100.0,100.0,99.85,1.04,0.74,0.74,5.79,5.93,1.04,0.74,5.93
Patrick Drewes,de GER,1889,31.31,16.47,32.34,30.12,95.85,87.83,55.19,16.62,73.89,34.12,28.19,72.11,19.88,65.28,57.86
Patrik Carlgren,se SWE,417,60.09,75.67,77.89,45.85,46.29,40.36,10.68,71.51,69.44,67.06,13.95,14.24,89.61,54.01,27.3
Pau López,es ESP,135,0.89,80.71,2.97,13.2,94.66,92.28,96.14,91.69,96.14,99.41,100.0,80.56,83.09,74.78,12.46
Paulo Gazzaniga,ar ARG,3825,9.79,96.44,43.92,68.4,60.24,70.03,84.87,81.16,89.91,83.98,77.89,60.24,74.18,93.77,96.74
Pepe Reina,es ESP,1034,79.97,14.84,33.38,37.39,29.97,21.22,41.25,26.41,5.64,28.78,11.87,24.63,27.89,9.79,32.34
Peter Vindahl Jensen,dk DEN,720,19.88,82.79,13.8,31.45,57.72,74.04,46.88,54.45,49.41,47.48,50.0,39.76,61.72,70.92,25.82
Philipp Hofmann,de GER,1,98.07,1.78,52.67,99.55,1.19,0.74,99.85,1.04,100.0,0.74,5.79,5.93,1.04,1.78,5.93
Philipp Köhn,ch SUI,1890,21.51,29.23,5.93,71.51,36.94,34.12,70.03,84.27,79.23,78.34,75.07,81.9,97.63,83.38,96.14
Pierluigi Gollini,it ITA,630,33.83,13.06,16.91,33.53,45.99,24.63,40.06,13.95,64.24,30.56,15.73,15.43,13.35,43.03,71.81
Pietro Terracciano,it ITA,810,19.29,83.09,28.34,78.78,71.51,50.89,79.53,77.74,75.07,53.26,24.18,64.99,73.59,62.31,87.83
Przemysław Tytoń,pl POL,167,33.38,26.26,75.82,13.2,97.33,91.69,66.77,31.16,48.22,63.5,26.71,54.75,26.26,50.15,74.78
Péter Gulácsi,hu HUN,3171,5.64,94.66,20.18,76.41,42.14,39.47,83.38,95.1,96.74,95.55,83.68,57.86,91.99,75.37,60.53
Radosław Majecki,pl POL,2070,8.61,95.7,81.01,74.78,27.89,65.58,76.56,98.52,94.66,82.05,85.76,63.8,99.7,91.69,82.2
Razvan Sava,ro ROU,1080,73.59,41.69,36.65,63.65,27.0,34.42,38.72,6.53,19.29,64.09,17.36,54.75,5.34,51.34,62.02
Remko Pasveer,nl NED,923,91.69,59.35,82.79,69.88,66.47,67.36,68.25,28.19,12.02,62.91,78.93,31.6,12.02,41.84,59.64
Ricardo,br BRA,405,22.7,11.87,8.46,45.85,4.75,29.08,12.46,16.91,37.09,59.94,50.89,18.84,42.43,59.05,41.84
Ricardo Manuel Silva,pt POR,540,47.63,24.48,17.21,63.65,45.4,31.16,36.65,59.79,37.83,40.21,59.64,70.03,58.16,35.61,52.52
Robert Sánchez,es ESP,2970,36.94,63.8,9.2,59.94,36.2,72.4,93.77,91.1,18.99,79.23,95.99,76.56,77.45,74.18,47.92
Robin Olsen,se SWE,226,23.89,45.4,66.17,70.47,84.12,83.68,44.81,2.08,87.24,56.38,70.77,5.93,2.08,77.15,5.93
Robin Zentner,de GER,2880,76.26,42.73,66.17,55.34,59.94,67.95,47.48,41.69,33.98,61.13,76.85,76.85,49.41,64.39,48.52
Roei Mashpati,il ISR,630,27.6,53.41,83.09,13.2,40.65,36.94,58.16,66.77,17.8,33.83,20.47,26.56,45.4,24.04,40.65
Rohan Ferguson,sct SCO,540,40.95,62.61,34.42,37.39,90.21,89.32,43.03,27.6,78.93,86.65,59.64,47.63,41.69,51.93,24.33
Rome-Jayden Owusu-Oduro,nl NED,990,52.82,17.21,18.99,39.91,34.72,46.88,21.36,23.15,33.38,29.08,75.82,28.78,51.34,69.44,44.81
Rui Patrício,pt POR,360,12.02,88.43,9.94,63.65,89.61,58.61,88.43,96.14,96.14,68.99,5.79,92.43,90.8,78.04,75.07
Rui Silva,pt POR,1530,17.8,91.69,97.03,90.5,43.77,60.24,89.32,97.03,86.05,97.33,97.63,94.07,88.43,92.28,89.17
Ruslan Neshcheret,ua UKR,270,73.59,50.89,75.82,63.65,9.5,28.19,54.6,59.79,52.82,77.89,5.79,47.63,47.77,24.63,64.69
Rémy Descamps,fr FRA,180,3.12,100.0,13.8,13.2,51.78,71.36,91.99,79.97,40.36,93.77,5.79,80.56,67.66,73.89,78.49
Sam Johnstone,eng ENG,630,23.15,49.55,10.53,13.2,83.09,73.59,64.99,36.94,9.79,46.44,68.99,72.11,24.78,38.28,20.62
Semuel Pizzignacco,it ITA,736,36.5,26.26,11.28,48.81,46.59,40.95,57.57,27.6,38.87,42.73,21.81,38.58,18.69,25.22,61.57
Sergio Herrera,es ESP,3330,69.29,57.57,65.13,45.85,83.38,59.94,27.3,30.71,64.69,39.02,48.37,84.57,52.37,59.35,73.29
Sergio Padt,nl NED,360,48.96,80.71,91.99,13.2,57.72,68.25,48.37,13.95,75.07,70.33,24.18,47.63,17.51,41.39,26.71
Silviu Șmalenea,md MDA,540,32.49,56.08,28.34,13.2,22.11,41.69,30.42,68.25,57.72,67.51,84.87,22.26,78.04,27.6,52.52
Simon Mignolet,be BEL,1080,56.97,33.23,41.1,51.48,47.92,25.37,59.35,19.58,15.58,22.85,59.64,30.42,9.35,16.91,31.45
Simon Sluga,hr CRO,90,89.02,9.94,52.67,13.2,34.72,8.75,74.63,13.95,25.52,15.43,5.79,5.93,2.97,4.15,5.93
Simone Perilli,it ITA,180,89.02,74.48,90.65,13.2,24.04,79.97,2.37,2.52,57.72,85.91,59.64,70.03,9.35,80.12,72.7
Simone Scuffet,it ITA,1260,16.32,86.35,86.94,28.19,88.43,93.77,86.05,90.8,97.63,98.81,78.93,25.07,91.69,87.54,27.89
Stefan Ortega,de GER,1280,66.47,45.99,42.43,96.14,21.07,21.22,81.31,73.74,50.45,50.45,54.3,79.23,52.82,71.81,98.22
Stefan Târnovanu,ro ROU,990,82.2,32.49,47.48,74.78,59.05,48.22,14.84,11.87,77.15,54.9,59.64,25.82,37.83,37.69,23.0
Stefano Turati,it ITA,2676,48.96,43.62,34.42,27.6,67.36,49.26,51.93,44.36,17.06,36.5,38.72,39.32,31.9,49.26,66.47
Steve Mandanda,fr FRA,1486,70.33,7.42,18.1,71.51,28.49,26.71,25.82,36.94,17.51,13.5,20.18,62.31,40.65,33.53,52.52
Stole Dimitrievski,mk MKD,360,63.35,5.93,16.32,13.2,30.56,71.36,39.76,75.37,25.52,27.6,40.06,95.99,88.72,66.47,77.15
Sven Ulreich,de GER,135,3.12,9.94,1.19,94.36,16.77,13.06,84.27,73.74,1.63,7.57,59.64,98.37,49.85,1.48,90.21
Sławomir Abramowicz,pl POL,1080,89.02,33.23,72.55,63.65,5.34,9.5,18.25,24.78,28.64,50.0,59.64,37.69,28.78,12.17,53.86
Theo Sander,dk DEN,90,89.02,37.39,77.89,13.2,16.77,16.32,62.61,36.94,13.35,20.47,59.64,47.63,18.99,3.26,31.9
Thibaut Courtois,be BEL,3780,22.26,96.14,71.51,74.78,29.67,60.83,88.72,97.92,78.64,85.16,89.47,25.52,94.96,84.57,78.93
Thijmen Nijhuis,nl NED,540,63.35,70.33,77.89,37.39,8.61,12.02,42.28,52.37,40.36,53.26,24.18,12.76,39.76,16.02,80.12
Thomas Dähne,de GER,810,35.61,67.36,43.92,13.2,56.97,48.66,59.05,75.07,86.65,76.26,84.87,26.11,57.27,46.88,14.24
Théo De Percin,mq MTQ,180,63.35,19.73,74.04,78.78,34.72,54.15,15.58,9.35,40.36,73.89,80.71,70.03,24.78,71.51,25.37
Tiago Cardoso,lu LUX,379,93.47,76.85,85.91,87.54,59.5,47.77,62.91,64.24,62.91,84.87,98.52,14.54,33.83,54.9,13.95
Timo Horn,de GER,1170,50.45,17.95,27.6,47.03,94.07,93.47,48.66,7.42,65.88,37.54,20.77,66.77,10.09,78.78,43.47
Timon Weiner,de GER,2250,22.7,47.48,12.02,28.19,77.74,68.69,51.63,51.63,68.84,75.67,65.58,32.49,43.77,53.12,33.23
Timon Wellenreuther,de GER,955,25.22,61.42,35.76,29.23,28.19,31.75,67.95,40.06,6.53,26.11,40.06,33.83,20.47,27.89,53.41
Tobias Sippel,de GER,59,2.08,6.53,0.59,13.2,98.52,97.63,58.75,15.73,98.52,76.56,5.79,5.93,20.77,84.87,5.93
Tom King,wls WAL,1,98.07,1.78,52.67,99.55,1.19,0.74,98.81,100.0,0.74,100.0,5.79,5.93,98.81,0.74,5.93
Tommaso Martinelli,it ITA,90,98.07,37.39,99.26,94.36,16.77,6.53,2.37,13.95,25.52,3.71,5.79,47.63,51.34,8.31,21.66
Unai Marrero,es ESP,450,32.49,94.96,92.88,63.65,47.92,43.32,73.15,88.58,90.5,79.82,46.88,86.8,97.92,82.79,87.24
Unai Simón,es ESP,1980,94.36,12.17,65.13,96.44,70.33,54.9,75.37,81.9,75.82,46.44,88.87,92.43,93.92,97.03,88.72
Vanja Milinković-Savić,rs SRB,3330,83.68,54.6,74.04,54.15,70.03,75.07,66.17,63.2,61.72,54.45,59.64,61.28,50.74,60.83,43.92
Veljko Ilic,rs SRB,720,24.48,48.07,39.91,13.2,60.83,61.87,72.4,45.1,10.39,8.9,19.14,73.15,18.4,31.75,67.06
Vicente Guaita,es ESP,3060,69.29,13.65,29.67,48.81,5.64,8.01,11.28,70.62,55.19,28.19,41.39,62.91,72.7,19.58,46.74
Vid Belec,si SVN,720,83.98,56.08,70.62,31.45,18.99,27.89,6.23,41.69,30.71,18.4,40.06,5.93,80.12,40.95,5.93
Vitezslav Jaros,cz CZE,12,98.07,97.77,52.67,98.22,99.7,99.41,79.82,99.41,65.28,47.48,5.79,5.93,99.11,75.67,5.93
Vitus Eicher,de GER,90,12.02,37.39,2.37,13.2,51.78,32.2,67.06,36.94,2.52,57.86,59.64,5.93,16.91,6.97,5.93
Vladen Kovačević,ba BIH,180,40.95,80.71,89.02,13.2,6.97,3.41,6.23,24.78,4.15,3.26,80.71,5.93,43.18,10.09,5.93
Walter Benítez,ar ARG,990,46.14,54.01,32.34,29.23,68.99,40.06,65.88,49.55,33.38,32.34,70.33,47.63,21.96,43.77,37.39
Warleson,br BRA,121,98.07,5.34,69.14,88.87,56.38,49.55,2.97,12.46,18.1,2.97,5.79,83.68,70.92,80.71,78.49
Wladimiro Falcone,it ITA,3420,59.2,49.55,37.98,48.81,65.58,64.69,31.9,17.21,20.18,51.63,41.39,22.26,35.76,58.16,41.54
Wojciech Szczęsny,pl POL,2070,14.54,77.74,57.86,90.8,29.23,36.2,89.02,89.61,66.17,77.3,79.53,99.11,80.42,89.02,97.63
Yahia Fofana,ci CIV,2970,58.46,69.44,83.68,44.36,41.84,38.13,14.54,67.06,68.55,59.05,78.34,27.6,85.76,40.21,26.41
Yann Sommer,ch SUI,4230,35.61,91.1,66.77,92.88,82.49,69.44,96.44,87.83,77.45,91.39,75.37,28.19,57.57,80.42,83.68
Yehvann Diouf,sn SEN,3060,70.92,62.91,88.28,44.36,44.51,44.21,43.32,50.45,48.22,60.53,51.93,61.28,47.77,44.81,48.96
Yuri Lodygin,ru RUS,270,94.36,9.94,72.55,86.94,9.5,4.75,14.09,11.13,10.83,5.93,17.36,47.63,10.39,4.45,64.39
Zion Suzuki,jp JPN,3314,67.06,26.26,44.96,41.1,62.02,72.11,61.42,59.79,42.43,62.91,87.24,53.41,48.81,64.69,34.12
Ádám Varga,hu HUN,148,9.5,16.47,5.64,13.2,95.25,82.79,31.9,3.26,87.83,8.61,31.01,5.93,3.26,33.23,5.93
Álex Domínguez,es ESP,19,98.07,1.78,52.67,97.92,93.18,89.02,68.84,53.56,95.25,97.92,5.79,5.93,24.33,85.16,5.93
Álex Remiro,es ESP,4050,15.13,78.34,12.02,82.79,94.66,95.25,87.54,78.78,91.69,90.21,86.35,86.35,74.18,98.22,86.65
Álvaro Fernández,es ESP,747,45.4,15.73,10.53,67.95,42.73,63.8,57.27,32.2,32.94,26.41,47.48,75.07,22.4,55.49,58.16
Ørjan Nyland,no NOR,2673,74.78,17.95,43.92,48.81,33.38,50.15,39.17,31.75,33.98,35.01,34.72,42.28,50.3,47.18,42.73
Đorđe Petrović,rs SRB,2790,79.53,58.16,73.29,60.98,31.6,29.53,77.15,40.95,8.31,55.19,73.29,71.51,5.04,46.29,49.26
İrfan Can Eğribayat,tr TUR,540,82.94,76.26,98.22,78.78,63.5,58.61,36.65,50.45,59.5,57.86,91.69,70.03,59.64,30.86,26.11
Łukasz Fabiański,pl POL,1160,53.26,63.8,60.98,34.72,67.66,66.77,47.77,45.7,67.36,64.69,42.28,41.54,46.59,45.1,57.57
Łukasz Skorupski,pl POL,2994,23.44,77.15,80.12,83.23,82.2,80.42,94.36,92.88,60.24,70.92,86.05,84.87,83.98,93.47,82.49
