Team,Minutes,Goals,Assists,Shots Total,Shots on Target,Expected Goals (xG),Non-Penalty Expected Goals (npxG),Penalty Kicks Made,Penalty Kicks Attempted,Shot-Creating Actions (SCA),Goal-Creating Actions (GCA),Key Passes,Passes into Final Third,Passes into Penalty Area,Crosses into Penalty Area,Crosses,Expected Assists (xA),Expected Assisted Goals (xAG),Passes Completed,Passes Attempted,Progressive Passes,Through Balls,Switches,Passes Blocked,Passes Offside,Live-ball Passes,Dead-ball Passes,Passes from Free Kicks,Passes Completed (Short),Passes Attempted (Short),Passes Completed (Medium),Passes Attempted (Medium),Passes Completed (Long),Passes Attempted (Long),Carries,Progressive Carries,Carries into Final Third,Carries into Penalty Area,Take-Ons Attempted,Successful Take-Ons,Times Tackled During Take-On,Tackles,Tackles Won,Tackles in Defensive Third,Tackles in Middle Third,Tackles in Attacking Third,Dribblers Tackled,Dribbles Challenged,Challenges Lost,Interceptions,Blocks,Shots Blocked,Clearances,Errors Leading to Shot,Ball Recoveries,Miscontrols,Dispossessed,Ball Losses,Passes Received,Progressive Passes Received,Touches,Touches in Defensive Penalty Area,Touches in Defensive Third,Touches in Middle Third,Touches in Attacking Third,Touches in Attacking Penalty Area,Live-Ball Touches,Yellow Cards,Red Cards,Fouls Committed,Fouls Drawn,Offsides,Penalty Kicks Conceded,Penalty Kicks Won,Own Goals,Aerials Won,Aerials Lost,Total Aerials,Passing Distance,Carrying Distance,Progressive Pass Distance %,Progressive Carry Distance %,Goals Against,Saves,Save Efficiency,Clean Sheets,Completed Long Passes,Attempted Long Passes,Attempted Passes (excluding GK),Attempted Throws,Attempted Goal Kicks,Crosses Faced,Crosses Stopped,Defensive Actions Outside Penalty Area,Pass Length,Goal Kick Length,Distance of Defensive Actions
AC Omonia,7200.0,36.01,10.71,11.61,28.57,47.62,47.32,45.24,32.44,11.61,23.81,9.82,68.45,66.67,64.58,49.4,22.62,24.4,61.31,63.69,67.26,80.95,70.24,49.7,67.26,63.1,58.33,53.57,55.95,55.95,68.15,68.45,50.3,47.62,54.76,41.96,18.75,20.83,72.62,70.83,77.98,20.54,16.96,52.98,4.76,34.52,22.02,14.88,83.93,55.36,44.05,68.15,67.56,93.75,53.87,33.63,66.07,39.88,64.29,66.96,66.07,62.5,64.88,63.1,50.0,25.3,66.07,88.1,88.39,85.12,55.36,37.8,72.62,44.94,72.62,45.83,51.79,49.4,58.63,70.24,33.93,16.37,90.48,42.26,86.9,35.12,46.73,28.27,0.6,10.71,85.42,61.01,50.0,2.38,70.83,50.0,3.87
APOEL,7161.0,47.62,10.71,45.83,28.57,21.43,30.65,12.2,6.25,48.81,43.15,41.37,44.05,6.85,24.11,62.8,33.63,35.42,47.02,44.05,38.69,6.25,44.64,47.62,80.95,42.26,66.37,70.83,41.07,37.5,52.98,54.76,66.67,57.74,49.4,28.57,72.92,4.17,17.86,17.86,27.38,30.36,33.63,28.57,44.64,34.52,11.31,23.81,56.55,57.74,0.6,0.89,31.55,98.21,38.1,88.39,64.29,84.52,47.62,36.31,40.48,8.33,4.17,62.5,44.64,10.12,40.48,19.94,5.36,40.18,74.4,20.83,72.62,11.61,72.62,44.35,69.05,61.31,61.01,68.45,22.02,26.19,95.54,55.36,78.27,13.99,13.99,22.62,2.98,40.77,30.95,12.2,38.1,0.89,82.74,38.69,0.89
AZ Alkmaar,10793.0,72.02,36.01,55.95,62.5,75.6,75.0,75.3,62.5,49.7,68.15,49.7,56.55,58.04,8.63,21.13,61.61,71.13,44.05,42.86,54.76,59.82,6.25,74.4,61.9,45.83,23.21,22.02,48.81,49.4,46.73,49.11,8.63,12.2,44.64,60.12,63.39,79.76,57.14,58.33,47.32,52.38,30.95,31.55,69.05,34.52,71.13,73.81,27.08,49.11,71.73,51.19,43.75,86.01,60.12,45.24,74.4,56.25,43.45,55.36,45.83,23.21,23.81,44.64,65.48,59.52,45.83,41.96,18.15,28.87,20.83,31.25,16.07,75.89,72.62,4.46,37.8,12.8,18.45,35.12,33.93,70.54,51.79,15.18,20.83,35.12,30.65,53.27,17.26,23.21,39.58,32.14,81.55,18.75,56.55,70.83,27.98
Ajax,10988.0,72.02,52.08,47.02,70.54,70.24,67.86,75.3,62.5,45.83,64.88,47.32,44.94,40.48,14.58,24.11,67.86,55.06,63.69,61.01,42.26,78.27,26.49,19.64,13.69,63.69,42.56,63.39,75.0,73.81,50.0,47.62,32.74,18.15,62.5,50.3,60.71,57.74,53.87,47.62,61.31,60.12,59.82,50.0,50.0,70.24,60.42,40.18,76.19,74.4,30.36,41.67,52.08,49.7,63.1,53.57,71.43,62.2,61.31,42.26,64.29,70.83,66.67,63.69,42.26,45.24,63.69,34.82,36.9,37.5,66.96,80.95,72.62,75.89,72.62,51.19,33.33,44.64,20.24,29.17,22.02,16.37,82.14,55.36,78.27,60.71,56.25,59.52,72.62,28.87,5.95,55.95,72.62,24.4,7.74,34.52,64.29
Alavés,34140.0,27.38,17.86,26.19,22.32,30.06,22.02,75.3,79.76,23.21,23.81,22.02,27.38,27.08,67.26,70.83,22.62,13.39,6.55,11.31,22.32,41.37,52.68,58.63,61.9,8.93,54.17,30.06,8.33,10.12,10.71,13.1,17.26,37.5,6.85,10.71,17.26,7.44,4.46,2.38,8.33,62.8,68.15,52.98,70.54,42.56,58.63,68.45,30.95,18.15,11.01,8.33,30.06,93.75,23.51,41.07,74.4,53.27,6.55,23.21,10.12,3.27,2.38,23.81,39.29,30.95,10.12,29.46,36.9,22.02,62.5,37.8,40.18,75.89,72.62,70.54,72.62,73.21,7.74,18.15,67.56,38.1,82.14,5.95,36.01,35.12,97.32,92.26,13.1,3.27,71.73,39.88,50.0,30.36,30.36,78.57,42.26
Anderlecht,8990.0,66.07,67.26,51.19,50.0,39.58,39.29,45.24,32.44,55.65,56.25,49.7,69.05,51.49,37.2,72.62,44.64,24.4,72.02,72.62,64.58,22.32,44.64,63.69,26.49,71.43,72.32,73.21,74.4,74.4,62.5,63.69,48.81,31.55,64.29,70.54,33.63,68.45,41.67,40.77,40.18,53.87,59.82,22.92,65.48,63.1,13.39,1.79,100.0,35.42,12.5,11.9,21.43,86.01,59.23,68.45,25.89,40.48,72.02,65.77,71.43,31.25,31.25,66.07,73.21,55.95,71.43,88.1,36.9,82.74,70.24,65.48,40.18,44.94,5.36,33.04,40.48,38.39,33.33,19.35,12.2,49.7,45.24,15.18,6.85,13.99,54.17,62.8,77.98,36.61,6.55,45.54,26.49,58.33,8.33,19.64,63.69
Angers,30454.0,19.35,17.86,11.61,8.93,30.06,22.02,45.24,62.5,10.71,23.81,7.14,19.35,24.11,37.2,39.58,22.62,24.4,26.79,25.6,16.07,59.82,26.49,16.96,67.26,26.79,16.67,32.74,35.12,31.55,24.7,22.02,11.31,13.1,23.81,35.42,41.07,17.26,60.12,40.77,73.81,57.74,63.1,69.05,24.11,52.08,47.92,60.12,37.8,57.74,25.6,33.04,48.21,63.1,38.1,62.2,61.31,62.2,27.98,16.07,23.81,24.7,38.1,25.6,20.83,13.1,23.81,97.02,62.8,76.49,47.92,37.8,72.62,75.89,72.62,9.52,25.89,12.8,30.65,62.5,57.44,61.01,51.79,68.45,93.75,35.12,34.82,33.33,10.71,72.32,74.7,63.99,81.55,24.4,88.69,35.71,12.5
Arsenal,46573.0,94.35,94.35,88.39,90.77,92.86,94.64,75.3,96.13,88.1,94.64,89.29,90.48,94.64,87.8,92.26,94.94,91.96,86.9,83.93,91.67,96.13,67.26,80.36,93.75,85.71,79.17,79.17,91.07,91.07,85.71,83.33,78.57,79.76,83.93,91.67,84.52,95.83,91.67,89.88,91.67,84.52,81.55,79.46,88.39,98.21,81.55,80.36,20.54,79.17,85.12,81.55,81.55,5.36,79.17,19.64,5.65,14.29,85.71,91.07,83.33,81.25,79.76,80.95,95.83,97.62,83.33,15.77,36.9,12.8,85.71,7.74,6.25,87.8,72.62,88.1,92.26,88.69,83.93,91.67,80.36,94.94,51.79,76.19,86.9,94.64,95.83,98.21,92.26,92.26,77.98,84.52,97.92,96.13,92.26,95.24,94.64
Astana FK,5374.0,8.63,17.86,5.36,11.31,2.68,4.76,12.2,6.25,4.17,5.06,22.02,3.57,6.85,30.95,6.85,4.46,13.39,27.98,23.51,3.57,2.38,49.4,11.61,79.46,27.98,1.19,7.44,27.68,21.43,26.19,20.24,57.74,46.73,26.79,11.9,36.01,2.38,28.27,12.5,58.63,33.63,14.29,56.85,29.17,11.31,0.6,18.45,33.63,14.88,48.51,75.89,58.93,63.1,35.12,47.32,82.74,65.48,28.57,3.57,24.4,74.4,70.24,26.79,4.17,1.19,24.7,79.17,18.15,93.15,8.04,19.64,40.18,11.61,72.62,4.46,46.43,14.29,63.1,12.8,6.25,61.01,82.14,96.43,100.0,35.12,37.8,78.87,34.23,77.68,97.32,80.36,26.49,44.94,76.19,61.9,62.8
Aston Villa,44883.0,87.8,92.86,83.93,86.61,85.12,86.31,75.3,90.77,83.93,88.1,84.52,80.95,83.93,79.76,78.57,86.31,87.2,80.95,80.36,80.36,92.86,44.64,88.1,77.98,80.36,82.74,95.24,82.14,82.14,81.55,80.95,76.79,79.17,80.36,83.33,82.74,88.69,89.58,89.29,90.18,86.9,83.63,88.69,84.23,88.99,89.29,88.1,14.29,81.55,83.93,89.88,84.52,1.49,82.74,16.37,2.38,7.14,80.95,80.36,79.76,93.45,84.52,79.76,81.55,87.8,79.76,17.86,62.8,14.29,92.86,20.83,40.18,94.05,72.62,80.95,77.38,80.36,87.5,96.43,95.83,88.39,22.32,97.92,86.9,90.48,94.94,91.37,96.43,80.36,82.74,91.37,99.7,75.0,66.67,97.62,94.05
Atalanta,43186.0,97.32,98.21,97.02,94.94,97.92,97.92,75.3,96.13,96.43,97.02,97.62,91.67,98.21,100.0,98.81,97.62,98.51,93.45,93.45,97.62,84.23,86.61,93.45,95.24,93.45,86.01,85.12,92.86,92.86,91.07,91.07,87.5,82.74,96.43,98.21,98.21,94.64,91.07,93.75,89.29,81.55,80.36,80.95,82.74,86.31,85.12,85.12,12.5,83.93,82.74,65.48,72.92,12.5,96.43,7.44,8.93,8.33,93.45,97.62,92.26,66.07,81.55,85.12,97.02,95.83,92.26,15.77,36.9,11.9,83.33,5.36,40.18,94.05,27.08,95.24,91.07,95.24,88.1,92.26,85.12,91.37,29.46,77.38,26.79,99.11,91.96,92.86,82.14,87.8,97.32,66.67,38.1,95.24,95.24,98.81,89.29
Athletic Club,46696.0,85.71,88.1,87.5,80.36,84.23,83.04,75.3,79.76,87.5,85.71,87.5,94.05,82.74,97.62,100.0,82.14,83.93,81.55,82.14,92.86,69.35,91.67,92.26,76.19,82.14,92.26,86.9,80.95,81.55,86.31,89.29,91.67,97.02,80.95,88.69,86.9,86.9,94.64,91.96,97.32,88.69,88.99,83.33,97.92,80.06,88.1,89.29,8.63,94.94,81.55,41.67,95.24,32.14,98.21,3.87,1.79,2.38,81.55,92.86,82.74,68.45,80.36,89.29,87.5,83.33,82.74,5.36,18.15,1.19,85.12,23.21,16.07,75.89,72.62,93.45,97.62,96.43,93.45,93.45,92.26,97.02,34.82,73.81,65.48,97.62,93.75,96.43,79.17,80.95,88.1,81.85,87.2,91.37,97.02,100.0,91.07
Atlético Madrid,43346.0,94.35,96.43,80.65,86.61,87.8,88.39,75.3,62.5,81.55,95.83,83.93,85.71,94.05,95.24,88.1,88.39,91.96,94.05,95.24,87.5,94.35,88.69,95.24,84.23,95.24,85.12,89.29,94.64,94.64,88.69,88.69,89.29,91.67,95.83,91.07,94.64,85.71,82.14,82.14,83.04,94.64,95.83,99.4,86.61,85.12,98.51,98.21,4.17,89.88,87.2,75.89,89.88,5.36,91.07,13.69,20.83,18.45,95.24,87.5,94.05,89.58,97.62,92.26,89.88,84.52,94.05,13.1,36.9,15.18,86.31,16.37,1.79,44.94,27.08,78.27,82.74,78.87,83.33,82.74,92.26,91.37,25.0,87.2,51.19,90.48,60.42,50.3,66.96,97.62,98.81,92.26,96.43,61.31,100.0,89.29,87.5
Augsburg,30454.0,27.38,45.24,42.86,28.57,21.43,30.65,12.2,32.44,45.83,33.33,44.64,42.86,48.21,55.65,40.77,53.87,24.4,32.14,32.14,47.02,22.32,8.33,73.21,44.05,31.85,49.11,32.74,30.95,32.74,36.9,37.8,43.45,35.71,35.12,22.02,38.1,17.26,34.82,26.19,47.32,1.79,7.74,1.79,24.11,24.11,8.63,3.57,95.83,61.31,54.76,41.67,63.39,76.49,42.56,27.68,61.31,32.74,32.74,46.43,36.9,38.69,9.52,41.07,53.57,43.75,36.9,49.7,36.9,87.5,38.69,58.93,72.62,44.94,27.08,61.9,51.79,57.74,44.35,8.93,57.44,26.19,62.8,42.26,51.19,60.71,76.49,64.29,45.83,23.21,68.15,65.48,17.56,63.99,27.38,61.31,24.4
Auxerre,30412.0,52.68,58.33,35.42,55.65,39.58,39.29,45.24,32.44,39.88,56.25,44.64,21.13,28.57,42.56,33.33,33.63,46.43,25.89,25.0,34.52,28.57,85.42,35.42,26.49,24.4,22.02,32.74,30.36,29.76,19.05,17.86,52.08,38.1,34.52,30.95,36.01,45.83,61.31,49.7,71.13,63.69,66.37,66.37,50.0,66.67,63.99,57.74,51.49,66.96,44.05,46.43,57.44,63.1,55.36,83.63,33.33,56.25,25.0,38.1,26.19,30.06,38.69,26.19,23.21,30.95,26.19,74.11,62.8,61.9,33.63,80.95,40.18,44.94,27.08,26.49,24.11,25.89,47.62,31.85,45.24,26.19,62.8,59.23,86.9,60.71,80.36,83.33,38.99,71.43,44.94,67.56,50.0,58.33,77.38,75.0,38.1
Barcelona,46907.0,100.0,100.0,98.81,98.21,99.11,99.7,95.24,90.77,98.81,100.0,96.43,99.4,97.02,81.55,87.5,96.73,99.4,98.21,98.21,98.21,99.4,92.86,86.9,79.46,98.21,99.4,100.0,97.62,97.62,97.62,98.21,97.02,94.05,97.02,95.24,95.83,92.86,99.4,100.0,97.32,83.33,88.1,72.02,94.35,95.24,84.52,86.61,8.63,76.79,88.99,73.81,72.92,32.14,86.31,11.31,11.9,11.9,98.21,98.21,98.81,79.76,82.14,98.81,97.62,94.94,98.81,29.46,36.9,19.64,94.05,22.02,40.18,94.05,27.08,79.76,78.57,77.98,92.26,85.71,87.2,97.02,10.12,74.7,36.01,94.64,18.45,28.27,92.86,94.05,77.98,81.85,81.55,100.0,82.14,86.31,98.81
Bayern Munich,43151.0,99.4,95.24,100.0,100.0,100.0,98.81,100.0,99.11,100.0,99.4,100.0,100.0,100.0,92.86,97.62,100.0,98.51,100.0,100.0,100.0,100.0,98.21,96.43,87.5,100.0,92.86,83.63,100.0,100.0,99.4,99.4,96.43,92.26,100.0,98.81,98.81,97.62,97.02,97.62,98.21,86.01,85.71,72.02,93.15,100.0,88.69,88.69,11.01,86.9,89.88,61.9,53.87,2.98,97.62,9.23,12.5,11.31,99.4,100.0,100.0,72.02,80.95,100.0,99.4,100.0,100.0,22.62,88.39,20.24,82.74,16.37,40.18,98.21,72.62,91.07,83.33,85.71,88.69,83.93,82.44,86.31,27.08,34.52,6.85,97.62,91.96,80.95,99.4,83.63,22.32,44.05,11.61,99.4,61.9,84.52,100.0
Başakşehir,5400.0,58.93,2.08,60.12,55.65,65.48,67.86,75.3,62.5,58.04,43.15,62.2,23.81,58.04,64.58,45.54,53.87,46.43,50.6,53.57,43.45,41.37,35.42,76.19,35.42,51.19,70.24,69.94,44.64,45.83,51.79,51.19,71.43,61.9,52.38,54.46,63.39,57.74,57.14,47.62,69.64,32.14,22.62,25.89,33.04,63.1,5.65,2.68,95.83,70.24,52.38,73.81,42.56,93.75,64.29,38.1,64.29,45.83,48.81,41.37,54.76,27.68,25.3,71.43,48.21,61.31,54.76,25.3,88.39,74.11,70.24,72.62,94.35,11.61,72.62,61.9,55.65,60.42,46.43,16.67,6.25,16.37,34.82,68.45,78.27,3.87,44.35,61.31,56.55,6.85,15.48,16.37,61.01,78.57,5.95,26.19,76.79
Benfica,10800.0,72.02,45.24,68.75,71.73,77.38,75.0,88.1,79.76,69.64,70.54,66.07,46.43,61.31,50.3,24.11,61.61,63.39,40.48,40.48,39.29,80.95,76.19,71.73,87.5,39.88,51.49,6.55,43.45,42.86,33.33,30.95,73.81,74.7,61.31,60.71,50.6,60.42,29.17,22.62,40.18,76.19,66.37,78.57,65.48,42.56,73.21,76.79,23.81,73.81,54.76,24.11,32.74,86.01,63.69,60.12,42.26,48.81,42.86,39.29,43.45,53.27,61.01,37.5,38.69,64.29,43.45,49.7,88.39,80.95,2.98,16.37,40.18,87.8,72.62,54.17,19.35,38.39,57.74,7.44,67.56,49.7,51.79,50.89,6.85,60.71,2.08,7.14,9.52,76.19,30.95,38.39,26.49,24.4,80.36,13.1,13.1
Betis,47895.0,85.12,83.93,93.75,92.86,86.01,86.31,75.3,79.76,93.45,84.82,94.05,85.12,89.29,88.69,84.23,84.23,85.71,86.31,87.5,86.31,80.95,97.02,89.58,72.92,86.9,96.43,98.81,89.88,89.88,82.14,81.55,88.1,90.48,86.31,86.31,91.07,91.07,92.26,93.75,91.07,91.67,92.26,89.29,95.24,89.88,96.13,92.86,10.12,97.02,88.99,83.93,96.43,39.88,93.45,3.87,6.55,3.57,86.9,85.12,88.69,83.93,89.29,84.52,91.07,89.88,88.69,13.1,36.9,4.76,98.81,23.21,40.18,75.89,72.62,90.48,94.64,92.26,85.71,86.31,92.26,88.39,22.32,68.45,20.83,84.52,69.05,83.33,82.74,85.12,93.15,91.37,85.71,86.31,94.05,88.69,86.31
Beşiktaş,7200.0,42.56,52.08,53.57,59.52,65.48,54.46,45.24,90.77,62.5,52.08,57.14,61.61,33.63,2.68,9.52,53.87,35.42,68.45,66.67,44.05,86.31,49.4,38.1,13.69,70.24,6.85,38.1,65.48,65.48,65.48,66.07,60.42,46.73,63.69,62.8,73.81,48.81,61.9,75.3,22.62,65.77,59.82,70.83,37.2,69.05,65.77,44.94,76.19,72.92,66.07,70.24,22.62,49.7,72.62,41.07,27.38,30.95,69.64,45.54,67.86,67.86,68.45,61.31,50.6,40.77,67.86,21.13,88.39,82.74,14.29,91.37,72.62,44.94,72.62,15.48,6.85,7.74,64.88,34.52,6.25,61.01,38.69,72.32,93.75,13.99,13.99,27.38,28.87,77.68,69.94,27.68,50.0,4.17,80.95,13.69,7.44
Bochum,30517.0,19.35,36.01,57.44,44.05,39.58,39.29,12.2,32.44,52.98,23.81,52.08,30.65,40.48,50.3,66.37,61.61,46.43,13.69,20.83,36.9,41.37,3.57,73.81,56.25,19.05,32.14,2.68,4.76,7.14,22.32,29.76,54.46,63.69,16.67,7.74,10.71,10.12,2.98,2.38,17.56,47.92,43.75,60.12,27.08,42.56,55.95,43.45,64.29,31.85,72.62,60.12,50.0,49.7,39.88,47.32,94.64,72.62,12.5,36.31,25.0,26.19,10.71,31.55,35.12,43.75,24.7,68.45,62.8,33.33,3.87,44.94,72.62,44.94,72.62,85.12,79.76,83.93,28.27,5.95,67.56,2.98,34.82,8.63,20.83,35.12,98.81,95.83,51.79,6.85,75.6,30.65,11.61,72.62,14.29,74.4,43.45
Bodø/Glimt,14959.0,58.93,78.27,30.06,50.0,58.93,60.71,45.24,32.44,33.33,64.88,38.99,26.19,63.1,3.87,3.27,73.21,71.13,73.81,71.43,57.44,55.95,52.68,53.57,50.89,72.02,27.38,19.05,73.81,72.62,69.35,66.67,20.24,4.17,76.19,74.7,70.83,74.7,76.79,75.3,76.79,65.77,70.54,72.02,44.64,48.51,55.95,52.68,51.49,26.79,59.23,72.02,67.56,93.75,48.51,74.4,40.77,54.46,72.62,58.33,72.02,71.43,73.81,68.45,52.38,69.64,72.02,88.1,36.9,99.4,12.5,58.93,40.18,44.94,27.08,10.71,8.33,6.55,42.56,71.43,0.6,70.54,62.8,61.9,86.9,35.12,44.35,35.71,74.4,58.93,26.19,75.0,38.1,68.75,23.21,23.81,34.82
Bologna,41261.0,78.57,80.65,82.74,79.76,79.76,79.76,75.3,62.5,83.04,79.17,81.25,82.14,80.36,95.24,93.75,79.17,79.17,80.36,80.95,82.74,69.35,96.43,91.07,98.81,80.95,98.81,99.4,79.76,80.36,85.12,85.12,99.4,100.0,83.33,82.44,80.36,83.33,79.76,79.76,79.17,95.24,94.94,91.07,97.02,91.07,93.15,93.45,7.14,85.12,95.24,78.57,83.33,43.75,88.1,5.36,7.14,4.17,80.36,82.74,80.95,80.36,85.71,81.55,82.14,82.14,80.95,1.19,62.8,0.6,100.0,3.27,16.07,75.89,27.08,94.35,98.21,97.02,99.4,89.29,89.29,80.36,24.4,79.17,78.27,84.52,85.42,88.1,97.62,94.64,65.48,75.0,89.58,83.93,85.71,90.48,79.76
Borac Banja Luka,9300.0,8.63,5.36,20.83,28.57,2.68,2.08,45.24,62.5,25.6,13.1,5.95,37.5,8.63,55.65,69.35,22.62,1.79,25.89,30.95,27.68,17.86,30.95,70.24,35.42,29.17,77.98,72.62,16.67,22.02,32.74,40.48,47.32,42.86,36.9,43.45,25.6,20.83,14.88,14.58,27.38,51.49,63.69,17.56,74.11,16.67,60.42,46.43,64.29,35.42,66.07,77.38,52.98,93.75,21.73,27.68,26.79,25.0,29.17,25.89,32.14,32.74,26.79,32.74,45.24,14.29,32.14,41.96,88.39,71.73,72.02,72.62,72.62,44.94,72.62,33.04,51.79,44.64,32.74,19.35,67.56,49.7,97.32,26.79,93.75,76.19,37.8,13.39,4.76,76.79,62.2,32.14,50.0,30.36,93.45,48.81,56.55
Bournemouth,34101.0,58.93,67.26,73.81,69.35,70.24,67.86,75.3,62.5,73.21,56.25,72.92,66.37,63.1,72.62,73.81,53.87,63.39,33.93,37.5,59.52,59.82,30.95,27.68,50.89,37.5,25.89,12.2,37.5,35.12,30.95,31.55,45.83,69.64,42.86,73.21,68.45,74.7,55.95,51.79,36.9,53.87,40.48,20.54,67.56,63.1,27.08,40.18,48.81,44.94,50.3,41.67,51.19,63.1,70.54,41.07,54.46,41.37,35.12,59.52,39.88,18.75,5.36,39.29,69.05,72.02,39.88,34.82,62.8,32.14,25.89,52.08,72.62,75.89,72.62,58.93,63.39,62.8,25.6,76.79,45.24,75.89,90.48,46.73,78.27,35.12,41.37,29.46,25.6,45.24,54.46,14.29,26.49,75.0,54.76,29.76,60.71
Braga,7142.0,27.38,17.86,61.9,67.26,65.48,67.86,45.24,32.44,59.23,8.04,65.48,64.58,56.25,8.63,30.65,44.64,71.13,70.24,73.21,61.31,28.57,81.85,71.73,2.98,72.62,76.49,73.81,54.76,57.74,72.02,75.6,74.4,76.19,72.62,58.63,54.46,60.42,71.13,73.21,69.64,74.4,64.58,58.63,72.02,72.32,67.26,66.07,43.15,63.69,38.69,37.2,28.57,76.49,56.55,64.29,45.54,53.27,71.43,60.12,72.62,21.43,67.86,73.21,51.79,55.36,72.62,62.5,2.08,74.11,57.74,97.32,94.35,11.61,72.62,33.04,49.7,43.15,66.67,6.55,22.02,9.82,62.8,50.89,20.83,60.71,16.96,17.86,53.87,25.6,41.96,52.08,38.1,93.45,17.26,2.98,61.9
Brentford,34150.0,72.02,67.26,38.99,64.88,65.48,67.86,45.24,62.5,42.26,70.54,42.56,49.4,60.71,60.42,49.4,53.87,63.39,33.33,31.55,51.19,66.96,18.45,16.96,35.42,34.52,9.82,2.68,40.18,41.67,27.98,28.57,31.55,27.38,27.68,48.21,27.98,71.43,36.9,33.04,32.44,28.87,29.46,17.56,20.54,72.32,37.5,27.68,78.87,8.93,61.01,80.06,53.87,49.7,49.7,66.37,76.79,75.6,32.14,50.3,32.74,76.79,52.38,10.71,55.36,69.64,32.74,88.1,88.39,100.0,7.14,58.93,94.35,75.89,27.08,69.05,57.14,64.88,38.1,62.5,33.93,61.01,62.8,68.45,36.01,35.12,82.74,76.49,77.38,16.37,41.96,55.95,77.38,36.61,4.76,73.21,8.33
Brest,39535.0,80.95,74.4,83.33,82.74,80.65,80.65,75.3,79.76,83.04,81.25,82.74,79.76,77.98,89.58,89.88,79.17,79.17,79.76,79.17,79.17,66.96,97.62,79.76,77.98,79.17,88.1,93.45,79.17,79.76,79.17,79.17,95.24,98.21,79.17,79.76,79.17,75.6,81.55,83.33,81.55,98.81,98.81,95.83,95.83,99.4,97.62,100.0,0.6,98.21,92.26,91.67,95.83,11.61,94.64,12.2,16.96,16.07,79.17,79.17,79.17,92.26,88.69,80.36,79.76,79.17,79.17,7.74,62.8,5.65,94.64,23.21,6.25,44.94,5.36,98.81,97.02,98.21,91.67,94.05,92.26,80.95,0.89,89.29,3.27,84.52,100.0,100.0,83.93,89.29,94.35,95.24,97.02,97.92,98.81,99.4,92.86
Brighton,34137.0,72.02,67.26,68.75,67.26,65.48,60.71,75.3,62.5,67.56,72.62,63.99,62.8,63.1,55.65,59.82,53.87,63.39,63.1,58.33,63.1,71.73,26.49,25.89,9.23,59.52,49.11,52.38,71.43,69.64,53.57,53.57,41.67,28.87,67.26,77.98,74.4,79.76,76.19,68.75,75.89,59.52,59.82,20.54,65.48,72.32,60.42,66.07,37.8,22.32,38.69,24.11,6.85,49.7,41.37,49.4,56.55,47.92,59.52,63.1,62.5,42.26,35.12,58.33,69.64,75.6,62.5,74.11,62.8,69.35,37.2,91.37,40.18,75.89,27.08,45.24,21.13,33.04,41.67,70.24,12.2,77.98,51.79,8.63,20.83,35.12,19.05,19.35,65.48,16.37,0.6,10.42,38.1,63.99,3.57,55.36,47.62
Cagliari,34113.0,27.38,45.24,35.42,16.96,30.06,39.29,45.24,32.44,36.9,38.99,30.95,25.6,28.57,55.65,66.37,33.63,35.42,21.43,22.62,21.43,12.8,16.37,42.56,44.05,19.64,41.07,36.61,25.0,25.89,23.21,24.11,11.31,20.24,24.7,22.02,13.99,20.83,14.88,12.5,22.62,3.27,2.98,9.52,20.54,5.06,3.87,1.19,98.21,4.46,4.46,37.2,25.0,76.49,23.51,47.32,79.46,64.58,22.02,21.73,16.07,30.06,40.48,14.29,18.45,21.73,16.07,79.17,36.9,40.18,25.89,58.93,40.18,44.94,72.62,64.88,61.31,66.07,20.24,22.92,67.56,26.19,62.8,15.18,51.19,35.12,72.62,58.04,32.74,52.68,76.49,36.9,26.49,36.61,58.93,35.12,40.48
Celta Vigo,34075.0,58.93,67.26,42.86,59.52,53.27,47.32,75.3,62.5,47.32,60.71,49.7,75.6,54.17,17.26,16.37,44.64,55.06,76.19,75.6,72.32,78.27,80.36,58.63,50.89,75.6,58.33,60.42,72.02,71.43,76.79,76.19,70.83,65.48,74.4,67.26,64.29,72.92,39.29,26.19,44.64,5.36,9.82,8.04,17.26,34.52,22.02,23.81,66.96,7.14,5.65,6.55,14.29,39.88,16.67,60.12,79.46,71.13,76.19,72.62,75.6,16.67,51.79,76.19,63.69,53.27,75.6,56.55,36.9,55.65,47.92,52.08,72.62,75.89,27.08,8.93,15.18,8.33,73.21,29.17,22.02,70.54,62.8,8.63,20.83,35.12,2.08,1.79,8.33,74.4,62.2,23.81,26.49,63.99,73.81,10.71,39.88
Celtic,8998.0,52.68,58.33,14.29,37.2,53.27,54.46,45.24,62.5,17.26,56.25,22.02,67.56,33.63,1.49,19.64,53.87,55.06,75.0,74.4,42.86,78.27,2.98,30.36,50.89,75.0,28.57,13.99,69.64,68.45,77.38,77.38,13.99,5.95,72.02,33.93,27.98,41.96,14.88,26.19,24.7,70.54,37.5,58.63,55.65,76.19,72.62,50.0,80.95,53.57,38.69,24.11,36.9,32.14,5.06,92.26,96.13,98.21,75.0,43.45,73.21,70.24,77.38,65.48,43.75,29.17,73.21,100.0,62.8,97.62,1.79,52.08,40.18,75.89,27.08,11.31,4.76,5.06,75.0,4.17,12.2,70.54,45.24,63.69,65.48,60.71,5.36,0.6,57.44,49.11,56.55,54.17,1.79,12.8,14.88,4.17,13.69
Cercle Brugge,7122.0,78.57,26.49,70.24,76.19,65.48,67.86,45.24,32.44,65.48,80.06,69.05,41.67,55.36,37.2,52.08,67.86,71.13,2.38,3.57,34.52,51.79,2.08,4.17,26.49,2.98,47.02,8.93,2.38,4.17,2.38,4.17,9.82,42.86,0.6,3.57,4.76,31.55,67.86,63.69,64.58,67.56,76.79,8.04,77.98,66.67,63.99,60.12,48.81,80.65,76.49,46.43,58.33,99.7,68.45,27.68,33.33,27.38,1.79,30.36,7.14,7.14,1.19,13.69,61.31,66.07,7.14,79.17,5.36,46.73,50.3,72.62,6.25,44.94,72.62,83.33,88.39,85.12,0.6,33.33,78.57,0.6,82.14,19.05,65.48,76.19,84.23,91.37,7.74,0.6,47.32,8.93,17.56,52.68,10.71,80.95,77.38
Chelsea,45843.0,98.81,98.81,97.62,98.81,97.02,97.92,88.1,79.76,97.62,98.51,97.62,96.43,95.54,86.01,81.55,92.86,97.32,97.62,97.62,94.64,96.13,83.93,82.14,84.23,97.62,83.63,91.07,96.43,96.43,98.81,98.81,89.88,87.5,97.62,96.43,92.26,98.81,95.24,92.86,94.94,80.95,83.63,73.81,80.36,97.02,79.17,79.46,20.54,82.74,83.93,82.74,76.19,7.44,85.12,20.24,16.07,20.83,97.62,94.64,97.02,89.58,93.45,98.21,95.24,96.43,97.02,13.1,18.15,18.45,87.5,12.8,72.62,87.8,72.62,73.51,63.39,69.05,95.24,85.12,85.12,94.94,38.69,92.56,93.75,94.64,25.0,58.04,98.21,100.0,34.52,79.17,97.92,92.56,91.67,79.17,83.93
Club Brugge,10674.0,19.35,26.49,23.81,34.52,21.43,12.5,75.3,62.5,27.38,17.86,36.61,43.45,17.86,11.61,3.27,33.63,13.39,62.5,55.36,19.94,69.35,80.36,2.68,6.55,55.36,5.06,10.42,54.17,50.0,75.6,67.86,62.8,50.3,33.93,13.1,6.55,29.17,0.6,0.6,1.19,20.54,16.96,45.54,15.48,20.24,58.63,52.68,53.57,29.46,3.27,13.99,15.48,39.88,13.99,99.4,100.0,100.0,61.9,19.64,44.05,56.55,72.62,46.43,13.69,12.5,44.05,92.86,36.9,98.81,2.38,94.64,16.07,44.94,5.36,3.57,2.08,2.38,78.57,8.93,12.2,26.19,51.79,31.55,36.01,60.71,46.73,21.13,61.9,13.1,10.42,16.37,61.01,24.4,5.36,9.52,16.67
Como,34008.0,42.56,58.33,67.26,66.07,39.58,39.29,12.2,32.44,66.67,45.54,69.64,58.63,49.11,24.11,27.98,33.63,46.43,66.07,61.9,53.87,51.79,49.4,55.65,50.89,57.74,76.49,75.3,72.62,70.24,54.76,51.79,29.76,23.51,69.64,61.9,58.33,68.45,34.82,33.04,30.36,44.94,50.6,31.55,50.0,63.1,30.06,27.68,72.02,7.14,6.55,6.55,9.52,76.49,26.49,51.49,45.54,44.35,65.48,54.17,59.52,17.26,42.26,60.71,56.85,48.81,59.52,49.7,36.9,37.5,73.51,58.93,40.18,11.61,72.62,28.57,30.65,29.46,36.9,24.11,22.02,38.1,74.11,8.63,20.83,35.12,27.38,20.24,59.52,49.11,1.19,10.42,38.1,76.49,24.4,11.31,61.31
Crystal Palace,34125.0,47.62,58.33,63.99,64.88,65.48,67.86,45.24,32.44,61.9,48.81,63.99,21.13,45.24,30.95,32.74,53.87,71.13,20.24,24.4,22.32,66.96,16.37,21.73,61.9,26.19,11.61,23.21,21.43,24.4,21.43,24.11,18.75,33.33,19.64,23.21,20.24,29.17,5.95,5.95,7.44,70.54,64.58,66.37,67.56,55.65,43.45,43.45,55.06,35.42,63.99,51.19,63.39,63.1,61.31,88.39,58.93,81.55,18.45,21.73,27.98,52.38,49.11,19.64,25.0,50.0,27.98,68.45,36.9,78.87,33.63,37.8,72.62,44.94,27.08,42.56,67.56,58.33,22.92,21.73,67.56,38.1,82.14,19.05,51.19,60.71,30.65,58.04,19.05,9.23,65.48,45.54,38.1,52.68,36.31,44.35,55.95
Dinamo Minsk,5390.0,8.63,2.08,38.99,16.96,21.43,12.5,75.3,62.5,30.36,10.71,33.04,25.0,42.86,55.65,75.6,11.9,13.39,9.52,14.29,39.88,12.8,35.42,14.88,35.42,15.48,21.43,4.46,6.55,11.01,13.69,16.07,37.5,66.07,5.95,39.88,27.98,6.25,58.63,63.69,55.06,27.68,50.6,13.69,9.52,77.08,11.31,4.46,97.02,77.98,13.99,5.06,19.05,39.88,13.99,74.4,45.54,58.33,11.01,41.37,13.69,3.27,4.76,21.73,34.52,32.44,13.69,34.82,36.9,21.43,8.04,58.93,0.89,75.89,5.36,71.73,84.23,77.38,14.88,62.5,45.24,38.1,27.08,19.05,12.8,35.12,82.14,55.36,61.9,69.94,54.46,7.74,38.1,87.2,46.73,72.62,41.07
Dinamo Zagreb,7200.0,58.93,74.4,14.29,16.96,6.85,12.5,12.2,6.25,15.18,70.54,18.75,5.36,24.11,19.94,16.37,22.62,13.39,7.74,6.55,5.06,28.57,49.4,51.19,44.05,5.95,5.06,8.93,10.71,8.93,11.31,7.14,5.06,7.14,9.52,38.1,49.11,23.81,46.43,66.67,17.56,69.35,68.15,82.14,20.54,24.11,75.3,75.0,29.46,68.45,54.76,60.12,64.88,76.49,27.38,41.07,29.76,32.74,7.74,4.76,5.36,72.62,43.45,3.57,7.14,13.69,5.36,56.55,88.39,85.12,18.45,44.94,2.98,11.61,72.62,11.9,18.15,11.31,21.43,75.0,45.24,26.19,18.45,50.89,51.19,35.12,60.42,61.31,21.43,4.17,79.76,65.48,6.55,7.44,13.69,44.35,4.76
Djurgården,11083.0,58.93,58.33,63.99,69.35,47.62,47.32,45.24,32.44,60.71,68.15,62.2,53.57,45.24,5.06,14.88,67.86,55.06,48.81,44.64,55.36,46.13,12.2,8.63,56.25,47.02,19.05,47.02,60.12,61.31,39.88,33.63,5.06,8.33,55.95,39.88,72.02,38.99,30.65,35.71,44.64,24.7,22.62,6.85,60.71,42.56,45.54,20.83,88.99,24.7,33.63,51.19,61.61,63.1,51.79,60.12,48.81,51.19,49.4,54.76,47.02,36.01,18.75,55.36,59.52,50.0,47.02,49.7,62.8,32.14,55.36,52.08,94.35,11.61,5.36,15.48,11.61,10.42,12.5,41.37,57.44,16.37,90.48,3.57,12.8,35.12,16.96,24.4,14.88,10.71,58.04,41.96,26.49,58.33,29.76,43.45,64.88
Dortmund,43016.0,97.32,96.43,89.29,89.58,95.24,92.86,99.4,100.0,89.88,97.62,89.88,95.24,93.45,97.02,95.24,94.94,94.94,94.64,94.64,92.26,87.8,93.75,89.58,92.56,94.64,95.24,86.31,94.05,93.45,92.86,92.86,93.45,95.83,92.86,89.58,88.69,92.26,95.83,95.83,94.94,93.45,93.15,93.75,87.5,94.05,94.64,96.43,5.36,90.77,93.75,88.99,88.1,11.61,94.05,6.55,8.33,7.74,94.64,92.26,95.24,91.07,92.26,95.83,90.48,91.67,95.24,10.12,18.15,10.12,83.93,7.74,72.62,100.0,27.08,88.99,85.71,87.5,89.29,81.55,92.26,90.18,8.04,88.39,36.01,90.48,81.55,82.14,95.83,90.18,68.15,88.39,77.38,94.35,74.4,91.07,90.48
Dynamo Kyiv,7107.0,4.46,17.86,6.55,11.31,1.19,2.08,12.2,6.25,13.69,8.04,13.69,56.55,54.17,37.2,22.02,11.9,5.06,67.86,67.26,45.24,6.25,39.88,58.63,56.25,66.67,55.95,58.33,59.52,59.82,64.88,65.48,61.9,39.58,63.1,48.21,67.26,48.81,49.11,33.04,58.63,14.58,26.49,48.21,18.75,2.08,24.11,32.44,59.23,57.74,59.23,70.24,48.81,32.14,57.74,91.07,38.99,71.13,66.67,47.02,63.69,66.67,74.4,53.57,51.19,42.86,64.29,49.7,18.15,85.12,47.92,44.94,6.25,11.61,72.62,14.29,37.8,24.7,58.63,59.23,2.08,49.7,22.32,79.76,78.27,13.99,30.65,41.37,58.33,72.32,20.83,67.56,6.55,36.61,59.52,45.24,33.93
Eint Frankfurt,41385.0,92.56,91.07,86.9,90.77,91.67,90.48,88.1,79.76,86.61,91.67,86.31,88.1,91.67,82.74,80.95,89.88,89.88,88.69,88.69,88.99,87.8,63.1,85.71,82.74,89.29,83.63,81.55,91.67,92.26,82.74,82.74,83.93,85.12,91.67,80.95,83.93,85.12,85.71,84.52,90.18,95.83,93.15,97.62,93.15,93.45,91.96,91.07,9.52,97.62,98.21,96.13,100.0,24.4,88.69,1.79,14.88,4.76,88.69,88.69,91.67,99.11,96.43,93.45,85.71,86.9,91.67,19.05,62.8,16.07,79.17,14.58,40.18,75.89,27.08,99.4,96.43,97.62,80.36,80.36,97.92,81.85,12.8,96.43,65.48,84.52,85.42,94.05,90.48,91.07,94.35,100.0,98.81,88.1,88.1,89.88,83.33
Elfsborg,7195.0,36.01,52.08,1.79,1.79,13.69,4.76,88.1,79.76,1.19,23.81,1.79,2.98,2.38,14.58,1.19,11.9,5.06,0.6,0.6,2.98,17.86,8.33,42.56,35.42,0.6,1.79,0.6,0.6,0.6,1.19,1.19,1.79,10.12,1.19,1.19,4.76,4.17,46.43,28.57,66.37,55.95,56.85,55.06,55.65,27.98,70.24,77.38,19.64,80.65,74.11,88.1,76.79,98.21,69.05,81.25,61.31,75.6,0.6,2.98,1.19,82.14,41.67,0.6,1.19,2.68,1.19,88.1,62.8,49.4,1.19,52.08,72.62,11.61,27.08,13.69,25.89,14.88,7.14,56.55,75.3,1.79,41.67,74.7,51.19,76.19,46.73,90.48,30.95,36.61,81.25,85.71,67.86,18.75,69.05,75.6,27.38
Empoli,34053.0,13.69,26.49,15.48,11.31,6.85,12.5,45.24,32.44,14.29,13.1,14.58,9.82,17.86,37.2,36.61,4.46,13.39,3.57,4.76,11.61,22.32,22.32,27.68,26.49,3.57,77.38,49.4,2.98,3.27,9.52,10.71,14.88,30.06,3.57,8.93,3.57,12.8,7.44,6.55,6.25,53.87,40.48,39.29,63.69,42.56,37.5,14.29,92.26,26.79,20.83,41.67,60.42,76.49,13.1,43.75,54.46,42.86,3.57,11.9,3.57,20.24,5.95,11.9,11.31,11.31,3.57,83.93,36.9,27.38,57.74,72.62,72.62,44.94,72.62,59.82,76.49,70.83,10.42,36.31,67.56,9.82,51.79,15.18,20.83,35.12,56.25,70.83,40.18,13.1,13.69,41.96,61.01,12.8,31.55,57.74,33.33
Espanyol,34189.0,27.38,36.01,11.61,7.14,13.69,12.5,45.24,32.44,13.1,33.33,10.71,8.33,12.2,46.13,35.42,11.9,13.39,4.76,5.36,10.12,46.13,44.64,14.88,35.42,5.36,28.57,30.06,4.17,3.27,12.5,12.5,27.98,45.54,7.74,20.24,22.62,17.26,12.8,8.93,17.56,32.14,40.48,69.05,13.39,5.06,37.5,35.71,61.61,22.32,33.63,57.14,70.54,76.49,3.27,60.12,98.21,88.39,5.95,10.12,4.17,55.06,36.9,5.95,6.55,8.93,4.17,49.7,88.39,43.15,43.15,65.48,40.18,44.94,72.62,29.76,34.82,34.52,42.56,66.67,67.56,70.54,82.14,61.9,78.27,35.12,52.38,39.29,35.42,69.94,38.1,73.81,91.37,36.61,67.86,55.95,16.07
Everton,34174.0,27.38,36.01,27.98,37.2,30.06,39.29,45.24,32.44,26.49,28.57,28.87,29.46,37.8,60.42,54.17,22.62,35.42,11.31,8.93,13.99,17.86,26.49,19.64,61.9,10.12,8.93,1.79,17.26,16.07,8.33,7.74,47.32,41.07,6.85,17.26,24.11,23.81,41.67,47.62,40.18,62.8,59.82,63.1,55.65,59.52,52.98,48.21,55.06,40.18,15.48,41.67,62.5,49.7,26.49,77.38,31.55,52.38,11.9,13.1,8.33,37.2,8.93,8.33,37.5,39.88,8.33,68.45,62.8,74.11,18.45,33.63,72.62,11.61,72.62,66.96,55.65,62.8,38.99,46.13,45.24,26.19,90.48,37.2,65.48,60.71,90.77,87.5,66.96,45.24,44.94,41.96,38.1,72.62,38.69,56.55,53.57
FC Copenhagen,9300.0,47.62,17.86,60.12,44.05,65.48,54.46,95.24,90.77,66.07,46.73,52.08,77.38,56.25,50.3,39.58,61.61,46.43,77.38,77.38,67.26,75.89,54.76,42.56,19.35,77.38,23.21,44.64,70.83,73.21,77.98,77.98,75.0,64.58,75.6,70.54,65.18,64.88,36.9,38.1,44.64,43.15,54.17,3.27,70.54,66.67,27.08,25.6,76.19,29.46,27.08,11.9,2.38,32.14,51.79,94.64,85.71,94.94,77.38,67.86,76.79,5.95,45.83,77.98,66.67,57.14,76.79,49.7,88.39,55.65,43.15,87.8,94.35,94.05,72.62,68.45,65.18,67.26,74.4,33.33,6.25,26.19,62.8,26.79,65.48,13.99,11.31,22.02,58.93,23.21,4.17,2.38,26.49,18.75,17.86,7.74,67.86
FC Noah,5400.0,27.38,5.36,71.43,76.79,39.58,47.32,12.2,6.25,72.62,43.15,74.4,38.39,51.49,11.61,17.26,53.87,46.43,49.4,46.43,55.95,88.99,76.19,56.85,56.25,48.81,19.94,42.56,50.6,48.81,46.73,45.24,52.08,39.58,47.62,74.7,71.43,51.49,74.11,78.57,50.3,36.01,47.92,50.0,24.11,42.56,55.95,67.26,31.85,65.48,66.07,72.02,30.06,32.14,74.4,68.45,91.67,86.01,51.79,56.25,47.62,44.05,70.83,30.95,49.4,46.43,47.92,92.86,88.39,95.83,40.48,37.8,16.07,11.61,72.62,12.8,5.36,5.95,48.81,74.4,57.44,49.7,10.12,86.01,51.19,60.71,16.96,14.29,30.95,66.37,58.04,20.24,3.27,58.33,69.64,3.57,26.79
FCSB,10740.0,47.62,26.49,25.0,37.2,21.43,30.65,12.2,6.25,17.26,43.15,25.0,1.79,12.2,8.63,4.76,33.63,24.4,16.67,16.07,2.38,36.31,76.19,56.85,61.9,17.26,15.18,27.68,29.17,28.57,7.74,8.33,32.74,27.38,22.02,5.95,8.93,31.55,63.39,63.69,64.58,68.45,69.35,73.81,52.38,48.51,72.02,72.62,32.74,75.3,61.01,37.2,55.06,63.1,75.0,66.37,29.76,44.35,17.26,2.08,19.05,32.14,69.05,12.5,8.33,14.88,19.64,25.3,18.15,26.79,45.54,37.8,94.35,11.61,27.08,57.44,46.43,54.76,11.9,0.6,67.56,1.79,74.11,22.62,36.01,76.19,54.17,43.45,10.12,10.71,82.14,50.3,50.0,12.8,42.86,32.14,7.44
FK Rīgas FS,7200.0,4.46,10.71,8.04,14.29,6.85,4.76,12.2,32.44,5.95,2.38,11.9,8.93,27.08,60.42,27.98,11.9,5.06,8.93,7.74,11.61,6.25,22.32,62.2,44.05,7.74,40.48,25.3,12.5,11.9,7.14,6.55,26.19,45.54,21.43,10.12,10.71,10.12,12.8,20.24,13.99,20.54,10.71,60.12,13.39,2.08,16.37,12.2,88.99,76.19,75.3,33.04,61.61,63.1,70.54,26.19,38.99,28.57,8.33,11.01,8.93,50.89,61.01,5.36,7.74,11.31,8.93,98.51,88.39,52.98,30.36,52.08,94.35,44.94,72.62,50.0,34.82,44.64,16.07,8.93,75.3,9.82,51.79,50.89,20.83,13.99,30.65,39.29,15.48,28.87,24.11,61.01,38.1,12.8,67.26,49.4,15.48
Fenerbahçe,11077.0,47.62,67.26,26.19,31.85,47.62,47.32,12.2,32.44,29.17,45.54,38.99,58.63,65.18,78.57,58.33,73.21,63.39,55.36,62.5,67.26,36.31,70.24,77.38,35.42,61.9,62.8,74.4,45.24,47.02,69.35,72.92,65.18,69.05,58.93,17.26,12.5,17.26,20.54,12.5,40.18,55.95,43.75,66.37,52.38,11.31,62.2,61.61,46.43,71.43,33.63,22.02,16.37,18.75,61.31,49.4,96.13,79.46,55.36,66.96,61.9,17.86,46.73,67.86,42.86,47.02,61.9,17.86,18.15,52.98,77.38,65.48,72.62,44.94,72.62,56.25,60.42,60.42,65.48,1.19,33.93,16.37,82.14,72.32,97.02,35.12,62.8,65.18,51.19,63.1,36.31,29.46,72.62,58.33,57.44,40.48,34.82
Ferencváros,9000.0,58.93,58.33,42.86,50.0,39.58,30.65,75.3,62.5,38.69,60.71,47.32,21.13,24.11,55.65,26.49,22.62,35.42,23.21,19.94,32.14,28.57,12.2,38.1,44.05,21.43,16.67,19.05,26.79,23.81,19.64,18.45,17.86,16.37,38.69,26.79,12.5,66.37,50.3,54.46,52.38,46.43,55.36,69.05,13.39,34.52,45.54,55.06,41.37,38.69,66.07,63.1,41.07,63.1,49.7,32.44,51.49,34.52,22.62,33.04,19.64,45.83,33.93,17.86,29.17,42.26,19.05,62.5,88.39,33.93,33.63,58.93,16.07,44.94,72.62,42.56,49.7,47.02,22.92,7.44,57.44,61.01,41.67,37.2,36.01,60.71,58.33,30.65,24.4,9.23,30.95,18.45,6.55,30.36,19.64,29.17,78.57
Feyenoord,10787.0,66.07,58.33,20.83,37.2,30.06,22.02,75.3,79.76,19.05,68.15,30.95,32.14,12.2,8.63,8.33,22.62,24.4,27.38,19.94,28.57,28.57,78.57,11.61,19.35,22.62,14.29,7.44,17.86,14.29,39.29,26.79,43.45,21.73,28.57,41.96,43.15,57.74,55.06,40.77,61.31,18.45,14.29,45.54,9.52,24.11,43.45,48.21,46.43,35.42,44.05,63.1,7.74,63.1,5.06,97.02,85.71,97.32,25.6,31.85,14.88,55.06,24.4,21.73,19.05,25.3,14.88,96.13,36.9,94.94,4.76,58.93,16.07,87.8,1.19,2.38,6.85,3.57,68.15,64.88,6.25,61.01,27.08,65.77,51.19,35.12,27.38,32.74,70.54,28.87,10.42,39.29,50.0,24.4,15.48,46.43,48.21
Fiorentina,45292.0,92.56,83.93,88.39,91.96,89.88,90.48,95.24,90.77,88.69,93.15,88.69,81.55,83.33,91.07,86.61,82.14,89.88,83.33,81.55,82.14,83.04,91.07,81.55,97.62,81.55,89.29,98.21,81.55,80.95,87.5,87.5,98.21,97.62,87.5,88.1,94.05,87.5,88.69,94.64,86.9,82.14,82.14,89.88,82.14,75.6,83.33,83.33,17.26,87.5,82.14,92.86,92.86,18.75,82.14,10.71,17.86,16.67,82.74,82.14,81.55,88.1,89.88,82.14,80.95,83.93,81.55,1.79,62.8,3.57,99.4,1.49,16.07,94.05,72.62,96.73,89.29,94.05,100.0,97.02,90.18,83.04,12.8,86.01,51.19,84.52,98.21,88.69,81.55,78.87,95.83,90.48,17.56,81.25,90.48,86.9,88.69
Freiburg,30571.0,52.68,58.33,45.83,44.05,47.62,47.32,12.2,32.44,47.32,56.25,38.99,50.3,49.11,50.3,42.86,61.61,46.43,46.43,49.4,41.67,28.57,16.37,53.57,50.89,50.6,20.83,11.31,45.83,47.62,50.6,52.38,26.19,36.31,35.71,19.35,21.73,33.63,11.9,17.86,17.56,8.33,12.2,5.36,39.29,24.11,8.63,10.71,87.2,18.15,47.32,28.57,28.57,63.1,18.75,83.63,85.71,89.88,45.83,42.86,45.24,14.29,23.21,56.55,47.62,51.19,45.24,92.86,62.8,97.02,14.29,52.08,72.62,44.94,72.62,73.51,71.13,73.81,26.19,43.45,22.02,38.1,51.79,22.62,36.01,76.19,76.49,69.35,73.81,40.77,30.95,36.9,72.62,52.68,18.45,69.64,17.56
Fulham,34165.0,52.68,67.26,65.48,59.52,47.62,47.32,45.24,32.44,68.75,60.71,67.26,70.83,65.18,72.62,76.19,44.64,55.06,67.26,69.05,65.77,36.31,63.1,44.94,9.23,68.45,35.71,35.12,62.5,63.39,64.29,62.8,69.64,72.92,69.05,76.79,70.24,71.43,44.35,49.7,10.12,49.7,47.92,45.54,47.62,52.08,22.02,16.67,78.87,14.88,11.01,19.94,33.63,39.88,41.37,78.57,89.58,89.88,68.45,64.88,66.67,46.43,56.85,48.81,71.43,66.96,66.67,68.45,62.8,71.73,13.1,92.56,72.62,44.94,27.08,48.21,44.05,47.92,68.15,54.76,22.02,70.54,74.11,22.62,36.01,13.99,22.62,13.39,54.76,52.68,15.48,25.6,17.56,36.61,23.81,30.95,21.43
Galatasaray,8960.0,78.57,74.4,78.57,78.87,78.27,78.57,45.24,32.44,78.57,76.79,78.57,72.02,78.57,89.58,79.17,79.17,77.68,75.6,76.79,78.57,28.57,19.94,68.45,74.7,76.79,68.45,64.88,76.79,77.38,67.26,74.4,68.75,70.24,77.38,66.67,76.19,62.8,44.35,63.69,30.36,64.58,69.35,25.89,74.11,68.45,69.35,52.68,69.05,63.69,50.3,16.67,6.85,76.49,76.19,95.24,71.43,92.56,75.6,78.57,77.38,11.01,13.99,76.79,76.19,76.19,77.38,41.96,36.9,80.06,52.98,27.08,40.18,44.94,72.62,58.33,2.08,22.32,24.4,10.71,33.93,75.89,27.08,42.26,65.48,3.87,25.0,8.93,44.35,36.61,10.42,5.36,26.49,58.33,26.19,5.95,69.64
Genoa,34131.0,19.35,36.01,20.83,19.35,21.43,22.02,12.2,32.44,19.05,23.81,22.02,6.25,12.2,46.13,45.54,11.9,24.4,19.05,21.43,8.04,36.31,12.2,38.1,26.49,20.83,34.23,49.4,10.71,11.01,30.36,32.74,20.24,34.52,17.26,14.88,15.48,20.83,7.44,2.38,13.99,47.92,33.63,15.18,62.8,63.1,19.05,18.45,72.02,18.15,28.87,28.57,36.9,86.01,14.88,43.75,85.71,62.2,20.83,8.63,21.43,34.52,39.29,29.76,12.8,21.73,21.43,79.17,88.39,43.15,52.98,72.62,40.18,11.61,27.08,74.4,74.4,75.0,35.42,50.89,45.24,16.37,82.14,26.79,51.19,60.71,49.7,34.52,25.6,25.6,72.62,32.14,17.56,7.44,41.07,32.74,30.65
Gent,7200.0,36.01,17.86,51.19,47.32,65.48,67.86,45.24,32.44,51.49,43.15,58.33,69.64,65.18,64.58,75.0,44.64,71.13,65.48,69.64,77.38,28.57,83.93,42.56,67.26,69.05,43.45,64.88,51.19,52.38,74.11,75.0,79.17,77.38,53.57,52.38,52.08,41.96,22.32,10.42,36.9,49.7,19.64,61.61,15.48,59.52,67.26,57.74,57.74,50.89,57.14,37.2,28.57,14.58,73.81,29.17,79.46,42.86,66.07,77.38,70.24,38.1,33.33,66.67,67.86,54.76,70.24,92.86,88.39,43.15,33.63,37.8,94.35,11.61,72.62,63.39,25.89,49.4,76.19,61.31,22.02,70.54,74.11,59.23,36.01,76.19,11.31,5.65,14.29,66.37,30.95,10.42,0.89,7.44,71.43,0.6,57.74
Getafe,34058.0,19.35,26.49,38.99,22.32,21.43,22.02,45.24,32.44,32.74,17.86,28.87,26.79,24.11,69.35,61.01,11.9,13.39,1.79,2.38,8.93,9.52,60.71,6.55,72.92,1.79,73.81,55.65,1.79,1.79,1.79,1.79,16.67,61.31,2.38,2.38,7.14,14.88,41.67,33.04,44.64,33.63,35.71,17.56,59.52,34.52,47.92,50.0,46.43,4.46,27.08,3.87,59.52,86.01,10.42,23.21,48.81,24.4,2.38,8.63,2.98,1.49,1.79,9.82,33.93,27.38,2.98,25.3,18.15,22.62,70.24,27.08,40.18,44.94,72.62,81.55,79.17,81.55,2.98,31.85,75.3,9.82,97.32,5.95,65.48,35.12,89.88,86.61,2.38,1.19,74.7,18.45,26.49,44.94,27.98,77.98,50.3
Girona,41346.0,69.64,74.4,79.17,78.87,79.17,78.57,45.24,90.77,79.17,74.11,79.76,89.88,79.76,90.48,94.64,80.95,79.17,89.88,89.29,85.42,76.79,98.81,87.5,92.56,88.69,86.9,91.67,88.69,85.71,94.05,94.64,90.48,89.88,85.71,86.9,83.33,81.55,86.9,88.1,80.36,87.8,88.99,91.67,86.61,78.87,91.96,89.88,11.01,83.33,87.2,90.77,85.42,14.58,80.06,12.2,9.52,10.12,89.88,85.71,85.71,97.62,95.24,85.71,82.74,79.76,85.71,2.68,18.15,2.38,91.67,9.23,0.89,75.89,0.6,65.48,67.56,68.45,97.62,98.21,82.44,86.31,5.06,98.81,36.01,60.71,62.8,73.81,89.88,85.12,93.15,92.86,89.58,58.33,77.98,92.86,96.43
Gladbach,30539.0,66.07,67.26,49.4,62.5,58.93,60.71,45.24,32.44,52.98,64.88,52.08,31.55,58.04,69.35,57.74,53.87,63.39,56.85,60.12,40.77,78.27,22.32,71.73,56.25,61.31,59.82,23.81,66.67,66.67,55.36,58.33,37.5,35.12,52.98,44.94,39.29,41.96,9.52,12.5,11.61,6.25,4.17,36.31,7.44,7.74,11.31,13.39,84.52,44.94,68.15,75.89,74.7,49.7,9.52,93.45,76.79,93.45,57.44,40.48,63.1,73.81,75.0,60.12,27.98,47.92,63.1,88.1,62.8,93.15,15.48,44.94,40.18,44.94,27.08,60.71,43.15,55.65,28.27,27.38,22.02,49.7,45.24,68.45,65.48,35.12,65.18,41.37,76.19,61.01,17.86,72.92,61.01,30.36,16.37,47.62,66.96
HJK,5400.0,2.38,0.6,3.57,16.96,13.69,12.5,12.2,62.5,2.38,2.38,3.27,44.94,6.85,6.55,11.9,4.46,1.79,39.29,39.88,34.52,6.25,26.49,5.06,35.42,39.29,45.54,76.79,32.74,35.71,48.21,50.6,41.67,56.55,48.81,4.17,2.38,12.8,19.05,15.77,34.23,71.73,70.54,48.21,76.19,16.67,60.42,69.05,30.36,63.69,75.3,92.86,24.11,39.88,39.29,23.81,25.0,23.21,39.29,36.31,41.67,63.1,65.48,47.32,14.29,6.55,41.67,49.7,88.39,37.5,75.6,72.62,94.35,11.61,5.36,26.49,51.79,39.88,52.98,24.11,67.56,9.82,62.8,72.32,86.9,35.12,3.87,7.14,38.99,61.01,41.96,55.95,11.61,4.17,39.88,8.33,77.98
Hearts,5400.0,13.69,2.08,33.93,31.85,47.62,39.29,12.2,62.5,37.8,17.86,26.79,36.9,52.68,27.68,74.4,44.64,35.42,50.0,61.01,52.98,0.89,6.25,75.0,6.55,58.93,73.81,25.3,36.9,43.45,63.69,70.83,54.46,75.6,57.74,32.44,50.6,8.33,33.63,56.55,17.56,67.56,74.4,6.85,79.17,63.1,47.92,57.74,37.8,53.57,38.69,19.94,3.57,99.7,66.96,64.29,25.89,38.39,51.19,52.08,61.31,1.49,12.5,73.81,57.74,52.38,61.31,83.93,88.39,69.35,62.5,94.64,40.18,11.61,72.62,86.9,87.5,88.1,31.55,13.99,45.24,5.06,62.8,5.95,36.01,35.12,22.62,45.83,7.14,56.25,69.94,5.95,3.27,12.8,79.46,52.38,44.64
Heidenheim,38089.0,80.36,78.27,85.12,84.82,82.14,83.04,45.24,62.5,85.12,78.57,81.25,79.17,81.85,95.24,90.48,82.14,80.65,79.17,79.76,79.76,62.5,90.48,98.51,89.29,79.76,94.05,87.5,78.57,78.57,80.95,82.14,94.64,99.4,79.76,81.55,80.95,77.38,83.93,85.71,82.14,99.4,97.02,100.0,91.96,82.14,97.02,97.02,3.57,98.81,99.4,94.35,99.4,39.88,90.18,8.33,14.29,10.71,79.76,79.76,80.36,97.02,99.4,79.17,79.17,80.36,80.36,13.1,88.39,4.17,96.43,10.12,16.07,44.94,72.62,100.0,100.0,100.0,91.07,94.64,98.81,88.39,5.06,96.43,65.48,84.52,97.32,97.62,95.24,92.86,100.0,99.4,81.55,81.25,91.07,87.5,80.36
Hellas Verona,33993.0,13.69,17.86,16.07,4.46,13.69,22.02,45.24,32.44,15.18,13.1,16.96,12.5,6.85,24.11,26.49,11.9,24.4,4.17,2.98,10.71,12.8,39.88,14.88,13.69,4.17,5.95,3.57,5.95,4.76,5.95,4.76,6.55,19.05,4.76,11.9,13.99,10.12,8.63,12.5,5.06,49.7,62.2,45.54,58.33,27.98,37.5,30.36,76.19,31.85,17.56,28.57,45.24,63.1,8.63,72.02,96.13,91.07,4.17,11.01,2.38,10.12,2.98,11.31,11.9,7.44,2.38,34.82,9.82,25.0,10.12,72.62,72.62,11.61,72.62,75.6,75.6,75.6,9.23,53.87,45.24,9.82,45.24,22.62,12.8,35.12,65.18,83.33,5.95,5.06,76.49,38.39,38.1,24.4,40.48,76.79,14.88
Hoffenheim,37664.0,82.14,83.93,90.77,84.82,82.14,84.52,45.24,32.44,90.48,83.33,86.9,88.69,85.71,98.81,99.4,84.23,83.04,83.93,85.12,83.33,71.73,58.93,97.02,97.02,84.52,93.45,83.63,82.74,82.74,84.52,86.31,85.71,89.29,82.14,80.36,81.55,82.14,80.36,80.36,79.76,98.21,96.43,98.81,99.11,77.98,100.0,99.4,2.98,92.26,98.81,97.02,98.21,18.75,95.24,9.23,7.74,8.93,83.93,83.33,87.5,92.86,91.67,91.67,83.33,85.71,87.5,10.12,62.8,7.74,88.1,1.49,40.18,44.94,27.08,97.62,98.81,98.81,82.74,80.95,96.73,81.85,0.89,90.48,6.85,60.71,96.43,99.4,91.07,82.44,88.69,97.62,72.62,78.57,86.9,94.05,85.71
Holstein Kiel,30501.0,52.68,52.08,32.74,44.05,30.06,30.65,45.24,32.44,32.14,52.08,28.87,7.74,12.2,42.56,21.13,33.63,35.42,16.07,16.96,8.04,22.32,18.45,38.1,13.69,16.07,37.8,38.1,5.36,5.36,27.38,29.17,41.67,58.33,8.33,5.06,5.95,7.44,3.57,5.36,2.08,20.54,22.62,45.54,6.25,42.56,37.5,30.36,76.19,31.85,50.3,70.24,79.46,63.1,4.17,56.25,93.45,79.46,16.67,7.74,20.24,75.3,73.21,15.48,5.36,20.83,20.24,56.55,36.9,60.12,23.81,87.8,72.62,44.94,27.08,64.29,71.13,69.64,53.87,15.48,67.56,26.19,18.45,55.36,6.85,13.99,76.49,67.56,53.87,66.37,81.25,79.76,72.62,24.4,50.89,54.17,10.71
Inter,47999.0,91.67,91.07,85.71,83.33,91.07,86.31,98.81,99.11,86.61,92.26,85.71,83.93,89.88,94.05,83.33,91.67,89.88,89.29,89.88,83.93,97.02,89.58,82.74,99.7,89.88,79.76,88.39,89.29,87.5,92.26,93.45,92.26,88.69,89.29,82.44,86.9,80.95,77.98,76.79,72.32,80.36,79.76,87.8,73.21,80.06,80.95,82.14,18.15,85.12,90.77,98.21,94.64,18.75,81.55,21.43,21.43,21.43,89.29,83.93,88.1,100.0,100.0,82.74,84.52,86.31,88.1,15.77,62.8,17.26,88.69,0.6,40.18,99.4,72.62,95.83,84.23,90.48,92.86,84.52,85.12,84.82,38.69,93.75,65.48,99.11,86.61,72.92,100.0,90.18,83.63,96.43,77.38,18.75,63.1,81.55,80.95
Ipswich Town,34000.0,19.35,36.01,16.67,22.32,13.69,22.02,45.24,32.44,20.54,17.86,18.75,16.96,3.87,17.26,18.15,11.9,13.39,14.29,10.71,7.14,41.37,12.2,21.73,13.69,12.5,10.71,16.67,19.64,14.88,16.67,15.48,3.27,5.95,8.93,24.11,12.5,43.75,47.92,40.77,32.44,13.1,9.82,25.89,17.26,34.52,16.37,34.52,51.49,14.88,38.69,75.89,65.48,24.4,7.74,72.02,54.46,62.2,15.18,6.85,9.52,77.98,49.11,4.76,16.07,16.37,9.52,41.96,36.9,71.73,30.36,80.95,40.18,44.94,27.08,51.79,44.64,51.79,26.79,73.21,45.24,26.19,27.08,50.89,20.83,13.99,49.7,43.45,37.5,64.58,49.11,61.01,92.86,36.61,58.33,63.1,19.05
Jagiellonia,10799.0,66.07,45.24,30.06,37.2,53.27,54.46,45.24,62.5,34.52,56.25,28.87,16.96,42.86,14.58,8.93,33.63,55.06,34.52,34.52,40.77,17.86,12.2,2.68,80.95,33.93,28.57,60.42,38.1,39.29,28.57,27.38,22.02,19.64,30.36,6.55,18.75,17.26,25.0,35.71,11.61,43.15,26.49,64.58,29.17,7.74,45.54,57.74,35.71,38.1,27.98,55.06,69.64,76.49,46.43,78.57,61.31,72.62,34.52,39.88,36.31,55.95,58.04,38.39,15.18,35.12,36.31,49.7,62.8,47.62,64.29,20.83,94.35,44.94,27.08,44.35,51.79,47.92,17.56,17.26,57.44,70.54,97.32,26.79,78.27,60.71,2.08,4.46,13.69,20.24,26.19,48.81,61.01,30.36,26.79,4.76,48.81
Juventus,43383.0,83.33,83.93,81.85,81.85,80.65,80.65,88.1,79.76,82.14,82.14,83.33,91.07,81.85,85.12,88.69,79.17,80.65,91.96,90.48,85.42,85.71,89.58,84.82,95.24,91.07,80.36,79.76,90.48,90.48,94.64,94.05,94.05,86.9,89.88,92.86,89.88,90.48,93.45,95.24,92.86,91.07,91.37,92.26,89.88,82.14,86.9,84.52,18.15,78.57,96.43,100.0,87.5,1.49,85.71,4.76,15.48,5.36,92.26,86.31,89.88,96.43,97.02,90.48,85.12,81.55,89.88,21.13,18.15,6.55,81.55,6.55,16.07,75.89,72.62,83.93,93.45,86.9,98.21,100.0,82.44,88.39,34.82,89.88,93.75,94.64,87.5,85.12,84.52,96.73,84.52,95.83,87.2,68.75,98.21,95.83,91.67
KV,7198.0,36.01,17.86,3.57,25.89,39.58,30.65,45.24,79.76,4.76,33.33,5.95,15.48,14.58,1.49,13.1,11.9,35.42,19.64,23.51,24.11,51.79,49.4,24.11,1.19,23.21,37.8,39.58,22.62,27.98,18.45,19.05,28.87,36.9,23.21,19.35,20.24,10.12,32.14,56.55,27.38,57.74,66.37,39.29,62.8,55.65,50.6,36.9,76.19,44.94,59.23,28.57,78.57,32.14,28.57,35.12,99.4,69.94,19.05,25.89,28.57,58.93,55.36,22.62,19.64,19.94,28.57,34.82,18.15,24.11,10.12,99.4,72.62,44.94,72.62,66.96,8.33,39.88,30.65,60.12,45.24,9.82,74.11,50.89,86.9,60.71,52.38,47.32,68.15,23.21,20.83,54.17,50.0,89.58,13.1,24.4,41.67
LASK,5318.0,8.63,5.36,27.38,28.57,6.85,12.5,12.2,6.25,28.27,14.88,25.0,41.67,45.24,19.94,44.35,44.64,13.39,60.12,68.45,69.64,55.95,26.49,30.36,61.9,67.26,61.31,66.67,73.21,75.0,52.38,55.95,23.51,28.87,56.55,46.43,45.24,26.19,5.36,20.24,7.44,8.93,1.79,31.55,11.61,16.67,8.63,32.44,44.64,49.11,23.81,33.04,50.0,93.75,30.95,98.51,71.43,96.43,63.1,69.64,64.88,67.26,66.07,69.05,30.36,36.9,64.88,68.45,88.39,76.49,57.74,44.94,16.07,11.61,5.36,24.7,13.69,19.05,13.99,50.89,57.44,77.98,18.45,26.79,12.8,35.12,5.36,2.98,20.24,52.68,24.11,50.3,81.55,58.33,36.9,7.14,54.46
Larne FC,5388.0,0.6,5.36,0.6,1.19,0.6,0.6,12.2,6.25,0.6,1.19,0.89,2.38,0.6,14.58,0.6,1.19,1.79,1.19,1.19,1.19,17.86,4.46,24.11,35.42,1.19,7.74,19.05,1.19,1.19,0.6,0.6,4.17,14.29,1.79,0.6,0.6,2.38,1.19,4.76,0.6,71.73,50.6,82.74,24.11,20.24,76.49,71.43,53.57,10.71,52.38,72.02,85.42,63.1,1.79,81.25,98.21,94.94,1.19,1.19,0.6,63.69,34.52,1.19,0.6,0.6,0.6,56.55,0.89,61.9,69.05,72.62,40.18,11.61,5.36,38.39,74.4,64.29,6.55,37.5,45.24,5.06,34.82,63.69,20.83,35.12,93.75,95.24,40.18,25.6,85.42,89.29,61.01,44.94,42.26,54.76,9.23
Las Palmas,34062.0,27.38,36.01,30.06,31.85,13.69,12.5,45.24,32.44,36.01,33.33,33.04,47.02,36.31,46.13,49.4,22.62,24.4,48.21,48.21,32.74,46.13,60.71,35.42,26.49,46.43,71.13,60.42,49.4,50.6,45.24,49.11,49.4,55.65,33.33,20.83,17.26,20.83,20.54,17.86,30.36,24.7,26.49,34.23,44.64,11.31,33.63,27.68,72.02,26.79,38.69,46.43,41.67,39.88,12.2,68.45,90.48,84.52,48.21,33.93,46.43,39.58,41.07,59.52,28.57,26.49,46.43,25.3,36.9,61.9,57.74,65.48,40.18,11.61,27.08,50.0,55.65,53.57,36.9,25.89,33.93,38.1,51.79,42.26,65.48,13.99,52.38,54.17,60.12,69.94,41.96,45.54,17.56,44.94,50.89,36.31,62.8
Lazio,45115.0,90.18,92.86,89.88,89.58,86.9,88.39,88.1,79.76,89.29,90.77,91.67,92.86,90.48,96.43,98.21,90.77,89.88,88.1,88.1,91.07,88.99,95.24,80.95,87.5,88.1,95.83,90.18,83.93,83.33,90.48,89.88,95.83,93.45,91.07,93.45,97.62,91.67,86.31,83.93,88.69,83.93,84.52,86.9,85.42,78.87,87.5,85.71,15.77,95.83,86.31,78.57,93.45,32.14,84.52,15.48,11.31,14.88,87.5,91.67,85.12,85.12,82.74,88.1,91.96,92.86,85.12,2.68,5.36,5.65,93.45,9.23,72.62,75.89,27.08,87.5,95.24,91.67,96.43,97.62,82.44,84.82,29.46,81.85,73.21,76.19,99.4,98.81,94.05,83.63,69.94,89.88,95.54,92.56,81.55,96.43,97.02
Le Havre,30449.0,36.01,26.49,17.86,14.29,47.62,30.65,88.1,79.76,19.05,33.33,11.9,22.62,24.11,64.58,68.45,33.63,24.4,25.0,26.19,25.89,12.8,39.88,25.89,26.49,27.38,24.4,43.45,14.88,12.8,41.67,39.29,37.5,42.86,25.6,49.4,33.63,12.8,20.54,30.65,17.56,55.95,59.82,63.1,33.04,55.65,52.98,40.18,69.05,50.89,23.81,53.87,66.67,49.7,36.31,84.52,54.46,75.6,26.19,24.7,25.6,45.24,44.05,27.98,17.26,23.21,25.6,92.86,62.8,76.49,52.98,72.62,72.62,75.89,72.62,40.77,29.76,36.61,61.01,63.99,33.93,49.7,31.25,37.2,65.48,13.99,27.38,15.18,18.45,49.11,51.19,61.01,61.01,7.44,57.44,5.36,32.74
Lecce,33952.0,8.63,26.49,45.83,22.32,13.69,12.5,45.24,32.44,43.45,10.71,41.37,16.07,24.11,64.58,37.5,4.46,13.39,17.26,14.88,16.96,28.57,35.42,24.11,13.69,13.69,66.37,41.07,11.9,8.33,17.26,17.26,61.31,64.58,13.1,25.3,20.24,26.19,13.69,17.86,9.23,28.87,29.46,41.96,41.07,14.29,30.06,27.68,72.02,9.82,25.6,51.19,55.95,49.7,19.64,53.57,82.74,68.15,15.18,16.96,14.29,44.64,32.74,19.05,17.86,16.37,14.29,92.86,36.9,52.98,41.67,80.95,40.18,44.94,27.08,75.6,69.64,72.32,55.06,59.23,45.24,26.19,62.8,46.73,36.01,35.12,67.26,71.43,33.33,11.9,17.86,54.17,38.1,12.8,33.04,59.52,25.0
Leganés,34034.0,27.38,36.01,10.12,14.29,13.69,12.5,45.24,62.5,10.12,38.99,5.95,10.71,5.36,11.61,15.48,11.9,13.39,15.48,12.5,13.1,46.13,44.64,5.06,70.54,13.1,9.82,30.06,20.54,16.67,14.29,13.69,13.1,22.62,15.48,7.14,24.11,14.88,39.29,56.55,17.56,30.36,32.14,28.57,41.07,42.56,24.11,33.33,59.23,35.42,38.69,60.12,74.7,76.49,20.24,51.49,71.43,58.33,14.29,13.69,13.1,37.2,21.43,27.38,9.52,4.46,13.1,62.5,62.8,37.5,60.71,31.25,40.18,75.89,27.08,27.68,65.18,52.98,23.81,12.8,33.93,49.7,62.8,42.26,65.48,60.71,76.49,93.45,12.5,20.24,86.9,77.08,84.82,68.75,73.21,82.14,26.19
Legia Warsaw,9299.0,75.0,74.4,57.44,40.18,72.92,72.62,75.3,62.5,54.76,76.79,44.64,9.82,58.04,37.2,38.39,53.87,71.13,8.33,8.33,31.25,28.57,1.19,60.42,61.9,8.33,16.67,19.05,14.29,17.86,10.12,8.93,1.19,1.49,18.45,48.21,21.73,60.42,32.14,30.65,47.32,58.93,54.17,31.55,44.64,77.08,5.65,5.95,85.71,40.18,20.83,68.15,50.0,63.1,51.79,91.07,29.76,66.37,9.52,33.04,7.74,47.62,13.1,2.98,40.48,61.9,7.74,41.96,9.82,66.07,30.36,44.94,72.62,44.94,72.62,36.61,3.57,11.9,3.57,50.89,77.68,61.01,90.48,70.54,93.75,84.52,9.52,7.14,3.87,16.37,27.68,16.37,50.0,12.8,55.95,8.93,6.55
Leicester City,34200.0,19.35,36.01,6.55,11.31,6.85,12.5,45.24,32.44,6.55,17.86,9.82,28.57,19.94,30.95,35.42,11.9,13.39,43.45,39.29,16.96,51.79,4.46,30.36,44.05,40.48,30.95,13.99,55.36,54.17,38.1,32.14,5.95,3.57,47.02,39.88,24.11,38.99,41.67,30.65,40.18,61.31,56.85,60.12,59.52,48.51,50.6,62.8,34.52,29.46,69.35,80.06,44.64,39.88,16.67,85.12,61.31,81.55,42.26,16.96,38.1,69.64,53.27,49.7,15.18,18.45,38.1,56.55,88.39,77.98,25.89,58.93,72.62,44.94,27.08,39.58,58.04,51.79,17.56,29.17,33.93,38.1,31.25,50.89,36.01,13.99,44.35,75.3,61.9,61.01,34.52,57.74,50.0,36.61,39.29,64.29,58.33
Lens,30448.0,42.56,45.24,71.43,59.52,65.48,60.71,45.24,32.44,70.24,38.99,70.24,66.37,73.81,75.89,70.24,67.86,63.39,73.21,75.0,70.24,64.29,35.42,64.88,76.19,73.81,37.8,32.74,75.6,75.6,57.14,57.74,44.94,33.33,68.45,58.63,69.35,35.42,50.3,40.77,55.06,51.49,47.92,22.92,50.0,72.32,50.6,46.43,56.55,47.62,33.63,19.94,10.12,76.49,67.86,30.65,36.31,29.17,73.81,70.24,74.4,13.69,29.17,75.0,74.4,66.96,74.4,34.82,18.15,28.87,33.63,24.7,16.07,44.94,72.62,42.56,21.13,31.85,13.99,20.54,45.24,38.1,90.48,31.55,86.9,76.19,33.33,16.07,28.87,63.1,19.35,8.33,72.62,44.94,61.01,14.88,42.86
Leverkusen,39526.0,90.18,89.29,93.75,94.05,89.88,91.67,75.3,79.76,92.26,88.69,93.45,98.21,88.39,91.96,95.83,95.83,87.2,97.02,97.02,95.24,94.35,93.75,92.86,90.77,97.02,86.01,80.36,98.21,98.21,96.43,96.43,92.86,92.86,93.45,89.58,89.29,89.29,80.95,80.95,84.82,79.76,80.95,80.36,78.57,82.14,78.57,80.95,16.67,85.12,80.95,86.61,86.9,7.44,87.5,17.86,20.24,20.24,97.02,95.24,97.62,85.71,85.12,97.62,98.21,91.07,97.62,6.25,5.36,13.69,81.55,11.31,40.18,44.94,27.08,91.67,92.86,91.07,86.9,79.76,88.69,92.86,15.48,81.85,36.01,97.62,90.77,81.55,83.33,82.44,86.9,82.74,61.01,89.58,83.93,92.26,93.45
Lille,39493.0,86.9,86.31,79.76,80.95,82.14,81.85,95.24,96.13,79.76,86.9,79.17,87.2,86.9,75.89,77.38,84.23,81.85,90.48,91.07,88.1,80.95,81.85,95.24,82.74,90.48,97.02,90.18,85.71,86.31,97.02,97.02,88.69,86.31,92.26,85.71,93.45,84.52,94.05,96.43,92.26,90.18,87.5,86.31,89.29,97.02,89.88,87.5,15.77,90.77,85.71,65.48,88.69,9.52,92.86,2.68,4.46,2.98,90.48,88.1,90.48,88.69,91.07,94.05,89.29,85.12,90.48,3.57,5.36,8.93,89.88,18.45,16.07,87.8,72.62,84.52,81.85,84.52,94.64,91.07,87.2,83.04,18.45,91.37,93.75,76.19,88.1,86.61,89.29,85.12,60.42,87.2,67.86,44.94,84.52,93.45,79.17
Liverpool,43397.0,94.35,96.43,94.94,95.83,97.92,97.02,95.24,96.13,94.64,95.24,94.64,94.64,96.43,75.89,89.29,94.05,97.32,91.96,91.67,97.02,93.45,95.83,84.82,82.74,91.67,90.48,85.71,92.26,91.67,91.67,91.67,91.07,94.64,86.9,92.26,88.1,96.43,89.58,86.61,94.05,85.12,86.61,81.55,91.07,91.07,90.48,95.83,2.38,93.45,92.86,94.35,82.44,2.98,90.18,17.26,13.69,17.56,91.67,97.02,91.07,95.24,87.8,89.88,94.05,98.21,91.07,15.77,36.9,12.8,80.36,18.45,40.18,98.21,27.08,72.62,73.21,74.4,90.48,88.1,94.64,92.86,47.62,93.75,98.21,100.0,83.33,84.52,94.64,88.69,51.19,80.95,61.01,94.35,76.79,85.71,92.26
Ludogorets,7139.0,2.38,10.71,23.81,7.14,21.43,22.02,12.2,32.44,17.26,5.06,26.79,4.46,16.07,80.65,29.76,44.64,24.4,29.76,28.57,1.79,17.86,57.44,11.61,44.05,28.57,51.49,77.38,24.4,25.89,35.71,34.52,43.45,42.86,44.05,30.06,15.48,0.6,73.21,71.43,77.38,43.15,22.62,77.08,2.68,11.31,37.5,69.64,25.0,50.89,44.05,13.99,73.81,49.7,33.93,72.02,42.26,54.46,26.79,2.08,31.55,81.25,77.98,16.07,8.93,7.44,31.55,34.82,62.8,66.07,76.79,65.48,94.35,11.61,72.62,69.64,62.2,67.86,44.35,38.39,22.02,5.06,74.11,81.85,98.21,60.71,72.62,80.06,71.43,36.61,79.76,77.98,67.86,36.61,22.02,50.89,11.9
Lugano,7466.0,76.79,58.33,65.48,72.92,75.6,77.08,12.2,6.25,68.75,72.62,72.92,52.98,75.6,37.2,14.29,79.17,81.85,66.67,58.93,61.9,59.82,63.1,40.48,44.05,62.5,32.74,68.75,58.33,56.55,68.15,64.29,62.8,52.98,59.52,35.42,52.98,36.61,16.37,53.27,3.27,40.77,40.48,56.85,33.04,20.24,41.07,41.96,56.55,44.94,23.81,16.67,11.61,39.88,20.83,88.39,69.05,86.9,67.26,61.9,57.74,23.81,64.29,57.74,43.75,53.27,57.74,25.3,9.82,30.95,75.0,65.48,40.18,11.61,72.62,22.92,43.15,31.85,72.32,55.95,6.25,26.19,74.11,37.2,65.48,76.19,79.17,47.32,78.57,23.21,30.95,20.24,17.56,2.38,1.79,30.36,5.95
Lyon,41668.0,96.43,97.62,92.26,96.43,94.35,94.05,88.1,90.77,92.86,96.43,92.26,86.31,95.54,74.4,84.23,96.73,93.45,95.24,94.05,94.05,91.37,86.61,94.05,95.24,94.05,88.69,92.56,95.24,95.24,86.9,85.71,83.33,80.95,94.05,94.05,92.86,93.45,90.48,90.48,93.45,92.86,89.88,94.94,88.39,86.31,96.13,98.81,1.19,89.29,88.1,92.86,90.48,10.71,92.26,14.29,13.1,13.39,94.05,94.05,94.64,94.64,95.83,91.07,93.45,97.02,94.64,10.12,36.9,7.14,91.07,5.36,16.07,87.8,72.62,78.27,86.31,82.74,82.14,83.33,94.64,92.86,10.12,99.4,93.75,84.52,76.49,85.71,87.8,95.24,89.29,94.05,89.58,72.62,96.43,85.12,88.1
Maccabi Tel Aviv,7198.0,27.38,45.24,44.35,40.18,47.62,47.32,45.24,32.44,44.05,38.99,49.7,18.15,42.86,24.11,5.36,33.63,46.43,41.07,35.71,36.9,36.31,52.68,5.95,61.9,35.71,41.67,47.02,39.29,38.1,49.4,44.05,27.38,11.01,39.88,26.79,49.11,45.83,25.0,30.65,36.9,43.15,47.92,15.18,65.48,34.52,30.06,46.43,41.37,35.42,20.83,37.2,25.6,24.4,62.5,38.99,24.11,27.98,40.48,36.31,33.33,51.79,60.12,29.17,22.62,33.93,33.33,41.96,5.36,91.37,38.69,44.94,6.25,44.94,72.62,20.83,22.32,21.13,60.12,43.45,22.02,61.01,31.25,46.73,86.9,3.87,34.82,29.46,63.69,68.15,15.48,25.0,6.55,12.8,34.82,14.29,23.81
Mainz 05,30363.0,66.07,67.26,51.19,52.68,58.93,60.71,45.24,32.44,51.49,64.88,57.14,55.36,65.18,72.62,63.69,73.21,63.39,45.83,54.17,56.55,46.13,30.95,76.19,70.54,52.38,53.27,16.67,51.79,53.57,43.45,44.64,53.57,68.45,41.67,25.3,26.19,33.63,16.37,17.86,27.38,30.36,19.64,9.52,59.52,55.65,11.31,7.44,90.77,66.96,57.14,51.19,56.55,63.1,61.31,25.3,64.29,31.55,44.64,56.25,55.65,33.33,36.31,57.14,64.88,60.12,55.65,68.45,36.9,58.04,16.07,29.46,72.62,44.94,72.62,77.38,85.12,78.87,16.07,3.57,57.44,5.06,82.14,37.2,65.48,60.71,62.8,75.3,50.0,40.77,38.1,62.8,81.55,83.93,49.11,66.67,36.31
Mallorca,34017.0,19.35,26.49,20.83,11.31,21.43,22.02,45.24,32.44,23.81,23.81,22.02,36.31,30.36,75.89,62.8,33.63,24.4,29.17,29.17,27.68,41.37,44.64,18.15,61.9,29.76,46.43,25.3,32.14,30.95,22.32,22.62,56.55,59.23,27.68,16.07,41.07,5.36,23.51,26.19,13.99,11.9,19.64,34.23,15.48,20.24,6.85,7.44,88.99,29.46,15.48,55.06,72.02,76.49,25.0,54.76,36.31,42.86,27.38,27.38,29.76,48.51,27.98,39.88,23.81,19.94,29.76,62.5,36.9,52.98,45.54,33.63,72.62,44.94,72.62,75.6,64.29,70.24,47.62,39.88,45.24,16.37,90.48,42.26,65.48,35.12,76.49,61.31,35.42,28.87,54.46,69.35,17.56,24.4,52.98,60.12,22.02
Malmö,7199.0,47.62,45.24,58.63,44.05,58.93,54.46,45.24,79.76,60.71,43.15,57.14,56.55,75.0,72.62,42.86,61.61,55.06,56.85,64.29,57.44,55.95,0.6,79.17,35.42,64.29,75.3,47.02,76.19,76.19,17.86,19.64,16.07,13.69,66.07,24.11,33.63,51.49,58.63,56.55,66.37,13.1,7.74,9.52,13.39,74.11,8.63,9.23,87.2,0.6,20.83,8.33,12.5,24.4,28.57,47.32,28.27,35.71,58.93,57.14,60.12,31.25,44.64,44.05,70.83,62.5,60.12,29.46,18.15,74.11,45.54,72.62,16.07,44.94,72.62,20.83,33.33,26.79,1.79,2.68,67.56,38.1,31.25,11.31,2.38,13.99,0.6,15.18,5.36,28.87,62.2,33.63,38.1,12.8,64.88,26.79,76.19
Manchester City,43169.0,94.35,87.5,98.21,97.02,95.83,96.13,95.24,96.13,98.21,93.15,98.81,97.62,99.4,78.57,92.26,98.51,96.13,98.81,98.81,98.81,90.48,74.11,95.24,72.92,98.81,81.85,80.95,99.4,99.4,98.21,97.62,81.25,80.36,98.81,100.0,100.0,99.4,92.86,91.07,86.31,79.17,79.17,39.29,79.76,98.81,80.36,79.46,21.43,72.02,79.76,81.55,47.62,4.17,80.95,20.83,4.46,17.56,98.81,98.81,98.21,79.17,79.17,97.02,100.0,99.4,98.21,34.82,62.8,24.11,79.76,31.25,16.07,94.05,27.08,54.17,40.48,51.79,89.88,98.81,79.17,98.21,5.06,84.23,26.79,94.64,44.35,25.6,88.69,87.8,58.04,57.74,61.01,97.92,75.0,80.36,98.21
Manchester Utd,47849.0,88.69,89.29,94.94,91.96,92.86,92.86,95.24,90.77,95.83,87.5,95.24,84.52,92.56,82.74,86.61,90.77,93.45,91.07,92.26,89.88,97.62,87.8,86.31,85.42,92.86,80.95,82.14,93.45,94.05,88.1,86.9,86.31,85.71,90.48,90.48,85.42,95.24,87.5,86.61,88.1,100.0,100.0,98.21,97.92,94.64,99.4,94.05,12.5,92.86,93.75,86.61,91.07,2.98,95.83,10.12,10.12,9.52,91.07,89.88,93.45,91.67,98.81,88.69,92.86,94.94,93.45,4.76,36.9,16.67,89.29,12.8,16.07,94.05,27.08,96.73,94.05,95.83,85.12,86.9,87.2,94.94,12.8,81.85,51.19,84.52,84.23,94.64,91.67,81.55,77.98,88.39,75.6,78.57,75.6,97.02,95.83
Marseille,30336.0,79.76,80.65,71.43,73.81,75.6,75.0,75.3,79.76,72.02,80.06,71.73,78.57,68.45,42.56,56.25,73.21,75.6,78.57,78.57,77.98,64.29,30.95,60.42,35.42,78.57,45.54,53.57,80.36,79.17,78.57,78.57,24.7,12.2,78.57,72.62,72.92,72.92,59.52,59.82,58.63,24.7,40.48,11.61,47.62,48.51,30.06,12.2,95.83,22.32,1.19,2.38,1.19,32.14,54.76,76.19,51.49,64.58,78.57,77.98,78.57,6.55,46.73,78.57,76.79,67.86,78.57,79.17,18.15,66.07,36.01,65.48,72.62,44.94,27.08,5.65,0.6,1.19,40.77,5.06,6.25,70.54,74.11,15.18,51.19,13.99,8.33,1.19,55.36,33.04,1.79,3.57,38.1,78.57,6.85,6.55,71.13
Midtjylland,8978.0,36.01,52.08,32.74,52.68,53.27,60.71,45.24,32.44,21.73,38.99,38.99,21.13,50.3,64.58,46.43,61.61,63.39,22.02,27.98,46.13,69.35,35.42,64.88,2.98,25.3,71.13,67.56,9.52,12.8,38.69,41.07,30.65,57.14,16.07,43.45,57.74,38.99,79.17,74.11,80.95,36.01,26.49,22.92,44.64,59.52,43.45,57.74,35.71,72.92,17.56,16.67,13.1,24.4,69.64,70.24,51.49,56.25,21.43,45.54,29.17,12.8,27.38,18.45,58.93,58.33,29.17,98.51,62.8,63.1,72.02,94.64,16.07,44.94,72.62,71.73,70.24,72.32,36.9,76.19,57.44,16.37,51.79,63.69,51.19,76.19,74.11,72.02,46.73,56.25,73.81,13.39,38.1,76.49,63.69,50.89,71.13
Milan,42904.0,86.31,86.9,92.86,94.94,87.8,88.39,45.24,62.5,94.05,86.31,92.86,92.26,86.31,84.52,79.76,86.31,87.2,87.5,84.52,93.45,98.21,83.93,78.57,80.95,83.93,87.5,94.64,84.52,84.52,93.45,92.26,85.12,81.55,88.1,97.62,97.02,97.02,98.81,98.51,96.43,82.74,85.12,85.71,83.33,84.52,82.14,83.93,13.69,82.14,79.17,65.48,86.31,14.58,80.06,18.75,19.35,19.64,88.1,93.45,83.93,83.33,83.33,86.9,86.31,90.48,83.93,4.17,2.08,11.31,90.48,18.45,72.62,75.89,27.08,85.71,74.4,83.33,97.02,99.4,82.44,99.11,18.45,97.92,20.83,76.19,70.54,58.04,97.02,91.67,91.67,87.2,81.55,98.81,72.62,88.1,99.4
Mladá Boleslav,5400.0,42.56,17.86,63.1,75.6,53.27,54.46,12.2,62.5,54.17,28.57,61.01,13.99,16.07,6.55,10.42,22.62,35.42,17.86,18.45,31.25,2.38,39.88,40.48,35.42,17.86,18.15,5.95,8.93,9.52,29.76,27.98,26.19,25.6,11.9,13.99,41.07,12.8,53.87,38.1,73.81,1.19,5.95,4.17,2.68,16.67,1.49,10.71,72.02,53.57,78.57,73.81,27.08,93.75,52.98,81.25,40.77,62.2,17.86,30.36,16.67,64.29,45.24,9.82,24.4,16.37,16.67,79.17,88.39,78.87,5.65,58.93,40.18,75.89,5.36,36.61,40.48,41.07,50.3,50.89,67.56,70.54,45.24,81.85,65.48,35.12,15.18,39.29,55.95,74.4,66.96,41.96,72.62,44.94,53.57,60.71,23.21
Molde,9516.0,42.56,5.36,37.2,40.18,39.58,47.32,12.2,6.25,42.26,28.57,47.32,76.79,76.79,24.11,29.17,67.86,46.43,77.98,77.98,76.79,51.79,60.71,66.37,2.98,77.98,44.35,47.02,77.38,76.79,76.19,76.79,59.23,60.42,75.0,52.38,59.23,60.42,52.68,35.71,55.06,36.01,33.63,31.55,37.2,59.52,33.63,30.36,72.02,19.94,57.14,37.2,17.56,93.75,71.43,56.25,51.49,49.7,77.98,76.79,77.98,8.93,39.88,77.38,75.6,73.81,77.98,62.5,5.36,58.04,33.63,97.32,94.35,11.61,72.62,55.36,9.82,30.36,56.55,1.79,22.02,61.01,62.8,1.49,36.01,35.12,13.1,11.31,69.05,33.04,13.69,23.81,50.0,81.25,9.82,10.12,36.9
Monaco,39333.0,90.18,89.29,86.31,88.69,92.86,92.86,88.1,79.76,85.71,89.29,88.1,93.45,84.52,77.38,80.36,92.26,93.45,85.12,86.31,90.48,91.37,87.8,88.69,98.21,85.12,97.62,97.62,86.9,88.1,83.93,84.52,86.9,91.07,81.55,87.5,85.42,88.1,88.1,88.69,87.5,97.02,99.4,96.43,99.11,83.63,94.05,95.24,6.25,100.0,94.64,65.48,91.96,7.44,100.0,0.89,2.98,1.49,84.52,90.48,86.9,82.74,83.93,92.86,88.1,88.69,86.9,6.25,0.89,2.98,97.92,2.38,6.25,75.89,72.62,89.88,95.83,94.64,84.52,95.24,99.4,94.94,8.04,91.37,65.48,84.52,32.74,65.18,79.76,99.4,98.21,86.31,87.2,68.75,99.4,91.67,86.9
Montpellier,29618.0,8.63,10.71,32.74,25.89,21.43,22.02,45.24,32.44,26.49,10.71,26.79,39.88,8.63,55.65,61.01,22.62,24.4,36.31,32.74,29.17,51.79,67.26,33.04,61.9,31.85,49.11,57.44,33.33,32.14,34.52,30.36,65.18,52.98,29.17,52.38,45.24,48.81,63.39,56.55,64.58,61.9,62.2,56.85,69.05,27.98,63.99,66.07,39.58,18.15,30.36,46.43,17.56,39.88,30.95,64.29,57.74,58.33,36.9,30.36,30.95,25.6,15.77,43.45,32.74,17.86,30.95,29.46,18.15,46.73,67.86,37.8,16.07,44.94,27.08,19.05,36.31,27.68,63.69,67.86,22.02,38.1,22.32,50.89,12.8,3.87,71.43,52.38,34.23,40.77,51.19,35.12,50.0,36.61,55.36,33.33,47.02
Monza,34124.0,8.63,17.86,8.04,7.14,6.85,4.76,45.24,32.44,7.74,8.04,8.33,23.81,9.82,37.2,42.86,4.46,5.06,47.62,41.07,18.45,17.86,26.49,19.64,19.35,41.67,58.33,69.94,42.86,38.69,55.95,55.36,52.08,33.33,55.36,30.06,43.15,6.25,8.63,8.93,3.27,6.25,3.57,31.55,9.52,11.31,13.39,7.44,93.45,14.88,12.5,57.14,20.24,24.4,1.19,81.25,61.31,75.6,47.02,18.15,37.5,57.44,61.9,36.01,16.67,4.46,37.5,49.7,62.8,34.52,73.51,80.95,72.62,11.61,27.08,57.44,62.2,61.9,69.05,30.65,6.25,26.19,41.67,31.55,20.83,13.99,65.18,48.21,52.68,40.77,19.35,35.12,26.49,36.61,25.3,42.26,66.07
NK Celje,11100.0,76.79,58.33,47.92,59.52,72.92,67.86,75.3,79.76,58.04,76.79,52.08,54.76,54.17,37.2,19.05,77.08,71.13,53.57,51.19,47.62,74.11,44.64,44.94,19.35,51.79,13.69,64.88,41.67,36.9,63.1,61.31,77.98,71.13,58.33,63.69,66.07,62.8,22.32,44.64,20.83,4.46,1.79,11.61,24.11,7.74,3.87,23.81,44.64,40.18,4.46,6.55,10.71,93.75,7.14,81.25,88.1,88.39,54.76,47.62,42.26,14.88,30.36,42.86,56.85,57.14,42.26,83.93,88.39,43.15,64.29,87.8,40.18,87.8,72.62,16.67,5.95,7.14,77.98,67.26,6.25,70.54,38.69,22.62,6.85,35.12,49.7,25.6,25.6,68.15,63.99,27.68,50.0,24.4,70.24,22.02,45.54
Nantes,30465.0,42.56,45.24,23.81,31.85,39.58,39.29,45.24,32.44,24.4,38.99,22.02,38.39,33.63,64.58,56.25,33.63,35.42,24.4,22.02,25.89,17.86,6.25,27.68,5.06,22.02,39.29,27.68,28.57,25.0,26.79,21.43,23.51,27.38,24.7,35.42,31.55,48.81,26.79,26.19,44.64,60.71,54.17,67.86,41.07,55.65,63.99,41.96,80.95,22.32,47.32,33.04,70.54,93.75,11.31,68.45,69.05,69.05,24.4,26.79,22.02,34.52,16.67,33.33,22.02,36.9,22.02,68.45,62.8,55.65,45.54,97.32,40.18,44.94,27.08,29.76,30.65,30.95,50.3,27.38,57.44,38.1,62.8,26.79,51.19,35.12,39.58,36.9,22.32,40.77,36.31,72.02,61.01,7.44,60.12,58.33,14.29
Napoli,34200.0,58.93,67.26,61.9,44.05,53.27,54.46,45.24,32.44,63.39,60.71,66.67,65.48,59.82,42.56,52.08,44.64,55.06,72.62,70.83,63.69,46.13,39.88,44.94,26.49,70.83,53.27,55.65,67.86,67.26,73.21,69.64,70.24,51.79,60.42,71.43,50.6,69.64,32.14,20.24,27.38,3.27,4.76,2.38,33.04,14.29,6.85,2.68,97.62,2.68,2.38,10.12,11.61,86.01,6.25,93.45,66.07,89.88,73.21,63.69,65.48,11.9,35.71,72.62,54.76,58.93,65.48,98.51,88.39,80.06,50.3,80.95,72.62,44.94,72.62,46.73,20.24,35.71,71.43,49.11,12.2,61.01,99.7,1.49,51.19,84.52,8.33,2.38,48.81,16.37,30.95,10.42,26.49,63.99,9.82,12.5,54.46
Newcastle Utd,34137.0,72.02,78.27,67.26,55.65,70.24,72.62,45.24,62.5,67.56,72.62,68.15,60.71,74.4,30.95,59.82,61.61,71.13,60.71,59.52,68.45,74.11,49.4,53.57,56.25,60.71,37.8,41.67,70.24,69.05,54.17,52.98,28.87,30.06,60.42,74.7,60.71,79.76,51.49,44.64,36.9,18.45,26.49,13.69,29.17,55.65,33.63,34.52,61.61,2.68,25.6,46.43,21.43,32.14,46.43,88.39,22.92,47.02,62.5,68.45,58.93,34.52,42.86,45.54,68.45,75.0,58.93,83.93,88.39,89.58,52.98,44.94,94.35,44.94,27.08,29.76,22.32,27.68,35.42,60.71,45.24,49.7,90.48,31.55,51.19,60.71,5.36,10.12,11.31,78.87,54.46,20.24,77.38,83.93,85.12,39.88,57.14
Nice,37739.0,83.33,83.93,91.67,87.5,88.69,88.39,75.3,79.76,91.67,83.93,90.77,82.74,91.07,93.45,96.43,88.39,89.88,82.74,83.33,84.52,86.9,85.42,90.48,87.5,83.33,89.88,92.56,86.31,86.9,80.36,80.36,80.36,83.93,85.12,95.83,91.67,83.93,98.21,97.02,98.81,96.43,98.21,92.86,100.0,88.99,95.24,90.48,14.88,99.4,97.62,97.62,94.05,0.6,99.4,0.89,1.19,0.6,83.33,84.52,84.52,87.5,87.8,86.31,86.9,87.8,84.52,10.12,5.36,19.05,97.02,16.37,72.62,75.89,27.08,92.86,91.07,92.86,79.17,95.83,97.92,100.0,5.06,100.0,26.79,35.12,70.54,44.94,86.31,98.81,92.26,93.45,95.54,96.13,95.83,77.38,89.88
Nott'ham Forest,34179.0,58.93,67.26,47.92,55.65,39.58,39.29,45.24,32.44,48.21,52.08,44.64,29.46,28.57,27.68,36.61,33.63,35.42,10.71,9.52,19.94,59.82,16.37,11.61,70.54,9.52,11.61,19.05,29.76,27.38,4.76,5.95,3.27,9.23,4.17,57.14,30.06,62.8,23.51,28.57,4.17,57.74,52.68,75.3,20.54,20.24,55.95,55.06,48.81,26.79,30.36,57.14,75.6,49.7,43.75,58.04,67.56,59.82,8.93,20.24,10.71,64.88,10.12,7.14,48.81,47.92,10.71,49.7,62.8,85.12,37.2,27.08,72.62,44.94,72.62,56.25,53.87,56.55,5.36,69.05,67.56,75.89,90.48,37.2,65.48,60.71,79.17,76.49,1.79,3.27,63.99,77.08,11.61,5.36,44.94,72.02,19.64
Olimpija,7117.0,19.35,5.36,40.48,16.96,39.58,39.29,12.2,32.44,39.88,23.81,25.0,48.81,38.99,46.13,58.93,22.62,46.43,39.88,41.67,53.87,46.13,82.74,27.68,19.35,41.07,69.64,71.43,13.1,13.69,58.93,58.93,75.6,77.98,51.79,55.36,47.92,20.83,68.45,67.26,75.89,46.43,56.85,55.06,27.08,52.08,2.98,7.44,83.04,57.74,9.52,65.48,79.46,76.49,47.62,25.3,33.33,26.19,41.07,53.57,49.4,49.7,55.95,52.38,31.55,41.67,49.4,34.82,18.15,25.89,72.02,87.8,16.07,44.94,72.62,66.07,58.04,63.69,75.6,66.07,12.2,49.7,98.81,42.26,98.21,90.48,34.82,16.96,20.24,49.11,51.19,71.43,67.86,30.36,61.01,16.07,69.05
Olympiacos,9000.0,36.01,58.33,73.21,55.65,72.92,67.86,12.2,79.76,73.81,23.81,75.6,74.7,72.62,86.01,77.98,67.86,71.13,35.71,43.45,73.21,59.82,78.57,77.98,90.77,42.86,59.82,40.48,35.71,42.26,31.85,42.86,63.99,66.67,37.5,54.46,67.86,29.17,57.14,38.1,67.86,76.79,78.57,25.89,77.38,83.63,74.11,75.6,27.98,79.76,76.49,16.67,5.95,86.01,77.98,27.68,31.55,26.79,33.93,73.21,51.79,0.6,0.6,70.83,75.0,68.45,51.79,79.17,88.39,48.51,18.45,7.74,72.62,87.8,72.62,82.74,76.49,80.95,20.24,53.87,33.93,49.7,99.7,19.05,86.9,94.64,67.26,69.35,8.93,56.25,13.69,1.49,67.86,97.02,89.88,71.43,70.24
Osasuna,34200.0,42.56,36.01,30.06,22.32,39.58,30.65,75.3,62.5,30.36,46.73,30.95,30.65,42.86,80.65,73.21,44.64,35.42,22.62,27.38,36.9,12.8,70.24,51.19,44.05,23.81,55.95,35.12,18.75,19.05,24.7,26.19,48.21,55.65,22.62,36.9,46.73,33.63,28.27,28.57,24.7,22.02,19.64,22.92,33.04,34.52,33.63,36.9,59.23,1.79,13.99,11.9,27.08,76.49,12.2,76.19,82.74,83.04,23.21,34.52,17.56,11.01,3.57,30.36,45.83,40.77,17.26,56.55,88.39,37.5,18.45,58.93,40.18,75.89,72.62,67.86,36.9,57.14,38.99,39.29,57.44,38.1,74.11,59.23,65.48,35.12,88.99,69.35,27.68,28.87,71.73,36.9,50.0,89.58,54.17,63.69,73.81
PAOK,8954.0,47.62,52.08,58.63,68.45,58.93,60.71,75.3,62.5,59.23,52.08,63.99,67.56,67.56,30.95,30.65,73.21,63.39,64.88,66.07,58.93,84.23,64.88,53.57,50.89,66.07,62.8,67.56,52.38,51.19,72.62,72.92,72.62,72.02,70.24,35.42,66.67,23.81,52.68,49.7,52.38,32.14,14.29,36.31,29.17,48.51,25.3,22.32,80.95,35.42,62.5,24.11,36.9,63.1,46.43,38.99,73.21,51.19,63.69,58.33,69.05,40.48,50.0,67.26,61.9,65.48,69.05,74.11,36.9,87.5,65.48,52.08,94.35,75.89,27.08,24.7,58.93,43.15,73.81,43.45,6.25,26.19,74.11,42.26,86.9,60.71,23.81,34.52,64.58,16.37,10.42,27.68,3.27,30.36,12.2,51.79,65.48
PSV Eindhoven,11059.0,75.0,67.26,76.19,77.38,65.48,67.86,45.24,32.44,76.79,74.11,77.38,76.19,67.56,60.42,65.18,61.61,63.39,74.4,73.81,74.4,6.25,60.71,49.7,13.69,74.4,25.89,38.1,67.26,64.88,74.11,71.43,76.19,71.13,65.48,65.18,54.46,73.81,44.35,35.71,50.3,66.67,72.92,31.55,75.6,63.1,65.77,63.99,44.64,69.35,20.83,28.57,4.46,63.1,64.88,93.45,91.67,95.83,74.4,74.4,73.81,22.62,28.57,74.4,72.02,72.62,73.81,74.11,62.8,89.58,11.9,87.8,72.62,44.94,72.62,30.95,27.98,29.46,70.83,57.74,22.02,49.7,34.82,46.73,36.01,13.99,69.05,34.52,68.15,49.11,30.95,21.43,67.86,36.61,19.05,37.5,20.24
Pafos FC,9000.0,52.68,26.49,74.7,74.7,72.92,75.0,12.2,32.44,75.6,64.88,73.81,74.7,77.38,86.9,76.79,77.08,63.39,55.95,63.1,75.6,6.25,39.88,47.62,26.49,60.12,65.48,49.4,40.18,40.48,66.67,69.05,79.76,78.57,61.9,68.75,56.55,51.49,26.79,35.71,34.23,11.01,19.64,5.36,24.11,66.67,27.08,30.36,66.96,1.19,5.65,2.38,1.79,93.75,57.74,49.4,96.13,79.46,55.95,75.6,57.14,4.76,22.02,54.17,70.24,76.79,57.14,27.38,88.39,35.42,47.92,80.95,16.07,44.94,27.08,40.77,25.89,34.52,76.79,25.0,45.24,61.01,90.48,0.6,51.19,60.71,11.31,9.52,17.86,45.24,10.42,3.57,11.61,44.94,49.11,2.08,52.38
Panathinaikos,8999.0,66.07,17.86,72.62,62.5,70.24,60.71,88.1,90.77,71.43,52.08,68.15,77.98,70.83,17.26,61.9,73.21,63.39,76.79,76.19,76.19,71.73,76.19,47.62,9.23,76.19,61.31,76.19,77.98,77.98,70.24,70.24,59.23,32.14,77.98,65.18,77.98,57.74,66.96,67.86,62.8,10.12,22.62,5.36,37.2,48.51,45.54,15.48,93.45,14.88,1.79,0.89,23.21,86.01,16.67,97.62,38.99,86.01,76.79,76.19,76.19,9.52,13.99,75.6,77.38,73.21,76.19,41.96,36.9,76.49,77.98,92.56,72.62,94.05,72.62,19.64,19.35,17.56,40.77,65.48,22.02,26.19,74.11,46.73,65.48,76.19,2.08,3.57,26.79,28.87,7.14,4.76,26.49,68.75,21.43,1.19,25.6
Paris S-G,46165.0,98.21,99.4,99.4,99.4,99.11,99.7,88.1,79.76,99.4,98.51,99.4,98.81,97.62,78.57,82.14,98.51,100.0,99.4,99.4,99.4,98.81,99.4,91.67,87.5,99.4,84.52,88.39,98.81,98.81,100.0,100.0,100.0,96.43,99.4,99.4,99.4,100.0,100.0,99.4,100.0,97.62,97.62,94.94,96.43,97.02,98.51,97.62,4.76,88.39,91.67,87.5,83.93,9.52,98.81,14.88,3.57,6.55,100.0,99.4,99.4,95.83,94.05,99.4,98.81,98.81,99.4,59.52,62.8,20.83,84.52,12.8,72.62,75.89,27.08,70.54,59.52,66.67,98.81,89.88,79.76,99.11,38.69,76.19,51.19,90.48,46.73,49.11,80.95,86.31,90.18,78.57,81.55,83.93,92.86,82.74,84.52
Parma,33990.0,36.01,45.24,35.42,37.2,30.06,30.65,75.3,62.5,36.01,38.99,38.99,18.15,19.94,24.11,5.95,22.62,35.42,23.81,19.05,14.88,36.31,22.32,3.57,2.98,18.45,36.31,58.93,23.21,22.62,29.17,25.0,22.62,15.18,29.76,41.07,45.24,53.27,26.79,24.4,24.7,2.38,1.79,10.71,9.52,11.31,4.76,5.36,88.99,7.14,38.69,57.14,40.48,63.1,3.27,64.29,76.79,75.6,23.81,15.18,15.48,41.07,15.77,20.24,27.38,24.4,15.48,68.45,36.9,82.74,57.74,98.81,72.62,44.94,27.08,36.61,35.71,37.5,52.38,36.31,33.93,49.7,62.8,19.05,36.01,35.12,60.42,77.68,64.58,66.37,47.32,70.24,92.26,52.68,48.21,67.26,18.45
Petrocub,5400.0,8.63,2.08,1.19,0.6,2.68,1.19,88.1,79.76,1.79,5.06,0.89,4.46,4.76,30.95,11.9,1.19,0.6,20.83,17.86,17.86,6.25,12.2,18.15,35.42,20.24,2.38,51.19,25.89,29.17,16.07,16.67,8.63,1.49,10.12,8.33,8.93,1.19,11.01,22.62,22.62,53.87,52.68,75.3,33.04,3.27,71.13,76.19,23.81,63.69,62.5,46.43,80.65,86.01,66.07,22.32,22.02,22.02,19.94,18.15,23.21,78.57,78.57,4.17,3.57,1.79,23.21,79.17,88.39,55.65,23.81,72.62,40.18,11.61,72.62,6.85,46.43,17.56,10.42,41.37,57.44,16.37,27.08,55.36,20.83,3.87,16.96,39.29,30.95,74.4,62.2,72.92,91.37,12.8,78.57,22.62,45.54
Porto,8960.0,58.93,58.33,61.9,44.05,47.62,47.32,45.24,32.44,64.58,60.71,59.52,61.61,73.21,46.13,54.17,61.61,46.43,58.33,55.95,60.12,36.31,26.49,14.88,35.42,57.14,30.06,62.2,47.62,46.43,66.07,64.88,77.38,73.81,71.43,68.75,75.6,66.37,33.63,44.64,30.36,36.01,45.83,28.57,61.61,11.31,41.07,38.39,66.96,11.61,38.69,28.57,16.37,63.1,18.75,51.49,54.46,47.92,58.33,60.71,55.65,47.02,59.52,45.54,64.29,74.4,55.65,29.46,62.8,60.12,27.98,58.93,94.35,44.94,72.62,33.04,60.42,50.6,77.38,36.31,2.08,49.7,62.8,5.95,12.8,60.71,49.7,31.85,73.21,33.04,24.11,41.96,50.0,63.99,12.2,21.43,66.96
Qarabağ,7112.0,4.46,10.71,17.86,4.46,30.06,22.02,45.24,79.76,30.36,3.57,15.77,73.21,69.35,69.35,56.25,61.61,35.42,70.83,70.24,73.81,80.95,64.88,40.48,44.05,69.64,68.45,78.27,63.1,66.07,70.83,73.81,57.14,48.81,73.21,77.38,77.38,76.49,69.35,72.02,48.81,78.57,75.6,61.61,76.79,80.95,74.11,72.02,43.15,70.83,59.23,46.43,2.98,24.4,76.79,41.07,36.31,36.31,69.05,73.81,70.83,19.64,37.5,64.88,72.62,64.29,70.83,41.96,9.82,93.15,78.57,44.94,72.62,87.8,72.62,8.33,40.48,17.56,62.2,30.65,33.93,38.1,15.48,72.32,78.27,3.87,11.31,23.51,36.9,20.24,16.67,6.55,11.61,44.94,25.3,41.67,29.76
RB Leipzig,37722.0,81.55,81.55,81.85,83.93,84.23,84.52,75.3,62.5,80.36,81.25,82.14,83.33,85.12,82.74,85.71,88.39,85.12,84.52,85.71,80.95,89.88,74.11,98.51,99.7,87.5,81.85,82.74,87.5,89.29,83.33,83.93,81.25,82.14,84.52,79.17,79.76,78.27,82.74,82.14,85.71,92.26,94.94,87.8,91.96,95.83,83.93,91.96,1.79,88.39,100.0,99.4,98.81,9.52,89.29,13.1,5.65,5.95,85.12,80.95,86.31,98.21,98.21,87.5,80.36,80.95,86.31,10.12,36.9,9.52,81.55,3.27,72.62,44.94,27.08,92.26,88.39,89.88,80.95,79.17,100.0,86.31,3.57,94.64,12.8,84.52,42.86,44.94,85.12,96.73,99.4,98.21,89.58,81.25,94.64,79.76,95.24
RB Salzburg,7200.0,4.46,17.86,11.61,11.31,6.85,4.76,12.2,32.44,11.61,5.06,13.1,58.63,33.63,2.68,18.15,22.62,5.06,54.76,54.76,49.4,28.57,22.32,64.88,44.05,54.17,25.89,39.58,56.55,59.82,56.55,54.17,30.65,7.74,76.79,78.57,78.57,55.06,77.38,77.38,67.86,75.6,72.92,79.46,55.65,55.65,76.49,78.27,22.02,40.18,71.73,19.94,5.36,18.75,53.87,62.2,45.54,51.19,54.17,51.19,53.57,61.01,54.17,47.32,62.5,33.33,53.57,74.11,88.39,71.73,22.32,52.08,72.62,44.94,72.62,0.6,13.1,2.98,50.3,75.6,6.25,49.7,2.68,59.23,1.49,3.87,19.94,25.6,20.24,16.37,44.94,22.62,17.56,85.71,30.95,16.67,59.52
Rangers,10122.0,66.07,74.4,60.12,70.54,58.93,67.86,12.2,6.25,52.98,56.25,54.76,13.99,24.11,11.61,4.17,11.9,55.06,13.1,13.1,12.5,55.95,52.68,30.36,19.35,14.88,4.17,13.99,13.69,15.48,11.9,11.9,40.48,48.21,13.69,46.43,27.98,64.88,72.02,74.11,67.86,36.01,30.95,52.98,55.65,0.6,19.05,55.95,28.57,66.96,77.98,85.42,80.65,86.01,75.6,36.61,79.46,49.7,13.69,12.5,18.45,49.7,54.76,23.21,10.12,35.12,18.45,34.82,62.8,40.18,10.12,72.62,40.18,11.61,72.62,48.21,27.98,39.88,22.02,49.11,57.44,26.19,90.48,5.95,51.19,60.71,79.17,72.92,23.81,16.37,79.76,76.19,50.0,24.4,50.0,66.07,22.62
Rapid Wien,9475.0,47.62,45.24,77.38,72.92,75.6,77.08,12.2,6.25,77.38,48.81,75.6,72.02,72.02,55.65,71.43,73.21,75.6,71.43,72.02,71.13,46.13,30.95,66.37,13.69,73.21,51.49,22.02,68.45,72.02,60.12,60.71,63.99,60.42,73.81,74.7,76.79,71.43,64.88,63.69,73.81,73.81,66.37,64.58,65.48,74.11,75.3,63.99,76.19,61.31,70.54,28.57,18.45,32.14,65.48,36.61,71.43,45.83,70.54,71.43,75.0,7.74,17.26,70.24,77.98,77.98,75.0,79.17,36.9,69.35,14.29,87.8,40.18,11.61,72.62,22.92,15.18,15.77,25.0,25.89,45.24,61.01,97.32,31.55,65.48,76.19,6.85,8.33,27.68,36.61,17.86,14.88,17.56,78.57,33.93,41.07,75.6
Rayo Vallecano,34036.0,27.38,36.01,65.48,55.65,39.58,47.32,12.2,6.25,63.39,23.81,63.99,51.49,33.63,50.3,67.86,44.64,46.43,44.64,45.83,51.79,41.37,57.44,68.45,67.26,45.24,68.45,10.42,53.57,52.98,37.5,38.69,52.08,67.86,46.43,44.94,47.92,38.99,46.43,44.64,40.18,26.49,37.5,45.54,18.75,34.52,33.63,50.0,35.71,35.42,46.43,33.04,43.75,63.1,55.95,33.63,66.07,38.39,45.24,52.98,50.0,39.58,48.21,40.48,60.12,35.12,50.0,41.96,62.8,32.14,23.81,33.63,40.18,11.61,72.62,33.04,48.51,42.26,29.46,13.99,57.44,38.1,90.48,22.62,51.19,60.71,58.33,66.67,43.45,36.61,44.94,35.12,61.01,44.94,51.79,64.88,52.98
Real Madrid,46981.0,95.83,94.35,96.43,97.62,96.43,96.13,95.24,98.21,97.02,94.05,97.62,97.02,87.5,50.3,82.74,93.45,96.13,96.43,96.43,96.43,95.24,100.0,83.33,90.77,96.43,91.67,95.83,97.02,97.02,95.83,95.24,98.81,95.24,98.21,97.02,95.24,98.21,96.43,98.51,95.83,89.29,94.05,93.75,80.95,91.07,85.71,82.74,19.05,94.94,80.36,85.42,77.38,43.75,83.33,18.75,18.45,19.05,96.43,96.43,96.43,94.05,92.86,95.24,96.43,93.45,96.43,7.74,36.9,17.86,95.83,12.8,6.25,98.21,72.62,52.38,29.17,41.67,94.05,87.5,82.44,97.02,15.48,95.24,78.27,84.52,22.62,51.49,85.71,98.21,83.63,85.12,94.05,44.94,97.62,83.33,85.12
Real Sociedad,44688.0,83.33,82.14,80.65,81.85,83.33,81.85,95.24,96.13,80.95,82.74,80.36,80.36,79.17,83.93,93.75,84.23,83.04,82.14,82.74,81.55,75.89,92.26,99.4,90.77,82.74,94.64,84.52,83.33,83.93,79.76,79.76,84.52,88.1,82.74,84.52,82.14,86.31,83.33,85.12,83.93,94.05,91.37,97.02,84.23,92.56,91.07,91.96,7.74,86.31,90.77,95.24,97.62,18.75,86.9,7.44,16.96,12.5,82.14,81.55,82.14,86.9,86.31,83.93,83.93,82.74,82.14,0.6,9.82,1.79,86.9,10.71,2.98,94.05,72.62,98.21,99.4,99.4,81.55,88.69,90.18,90.18,12.8,81.85,12.8,90.48,94.94,97.02,86.9,79.76,95.83,94.64,87.2,91.37,79.46,98.21,82.74
Red Star,7200.0,66.07,74.4,41.37,40.18,30.06,30.65,45.24,32.44,34.52,70.54,33.04,35.12,33.63,24.11,72.02,44.64,35.42,28.57,26.79,49.4,74.11,80.36,35.42,72.92,25.3,34.23,66.07,22.02,18.45,41.07,39.88,33.93,18.15,26.19,62.8,54.46,45.83,55.06,72.62,9.23,13.1,5.36,63.1,3.87,3.27,27.08,30.36,64.29,60.12,20.83,24.11,8.93,5.36,23.51,35.12,45.54,34.52,30.95,49.4,20.83,24.7,11.9,28.57,32.14,36.9,20.83,96.13,88.39,96.43,68.45,27.08,72.62,44.94,72.62,6.85,46.43,19.94,57.14,73.81,45.24,26.19,8.93,37.2,6.85,13.99,58.33,50.3,6.55,16.37,86.9,18.45,11.61,2.38,65.48,39.29,9.23
Reims,30430.0,19.35,26.49,41.37,25.89,30.06,30.65,12.2,32.44,42.26,28.57,35.71,35.12,36.9,60.42,56.25,33.63,35.42,35.12,29.76,46.13,36.31,54.76,11.61,44.05,30.95,23.21,27.68,44.05,41.07,23.81,20.83,20.24,17.26,32.14,61.31,59.23,45.83,63.39,59.82,64.58,26.49,43.75,56.85,6.25,34.52,41.07,38.39,64.29,26.79,44.05,63.1,60.42,63.1,33.93,30.65,57.74,34.52,35.71,44.35,30.36,58.33,47.62,25.0,35.71,38.99,30.36,74.11,36.9,66.07,38.69,58.93,72.62,11.61,72.62,17.56,27.98,22.32,34.23,77.38,45.24,61.01,74.11,65.77,93.75,35.12,41.37,43.45,41.07,56.25,54.46,65.48,50.0,58.33,47.62,45.83,35.71
Rennes,30537.0,58.93,52.08,53.57,64.88,53.27,47.32,45.24,62.5,56.85,52.08,54.76,64.58,52.68,30.95,40.77,44.64,35.42,59.52,56.55,69.05,36.31,72.62,47.62,26.49,55.95,55.95,60.42,57.74,57.14,61.9,61.9,55.36,24.4,54.17,72.02,62.2,70.24,65.48,54.46,71.13,44.94,45.83,39.29,50.0,52.08,47.92,18.45,91.67,57.74,15.48,13.99,14.29,86.01,43.75,56.25,34.52,41.37,60.12,69.05,56.55,12.8,17.86,64.29,63.1,57.14,56.55,74.11,62.8,43.15,43.15,80.95,40.18,44.94,27.08,38.39,15.18,25.89,64.29,58.33,22.02,61.01,62.8,15.18,36.01,76.19,19.94,19.35,45.24,33.04,27.68,13.39,26.49,52.68,22.62,17.26,46.43
Roma,44875.0,84.52,85.71,90.77,85.71,86.01,84.52,95.24,90.77,91.07,84.82,90.77,89.29,88.39,91.96,91.07,86.31,84.52,92.86,92.86,86.9,85.12,94.64,83.93,96.43,92.26,91.07,96.43,88.1,88.69,95.24,95.83,97.62,98.81,95.24,85.12,96.43,82.74,84.52,82.14,84.82,86.01,86.61,85.12,85.42,92.56,82.74,81.55,22.62,91.67,83.93,83.93,91.96,24.4,83.93,5.95,19.35,13.39,92.86,86.9,92.86,86.31,86.9,94.64,91.96,89.29,92.86,7.74,9.82,15.18,97.92,4.17,16.07,94.05,27.08,94.35,91.07,93.45,95.83,90.48,87.2,79.17,34.82,87.2,86.9,94.64,88.99,89.88,93.45,93.45,95.83,97.02,94.05,83.93,89.29,94.64,82.14
Saint-Étienne,29603.0,36.01,45.24,30.06,25.89,30.06,30.65,45.24,32.44,31.55,38.99,34.82,62.8,47.02,6.55,10.42,33.63,24.4,54.17,52.38,58.33,59.82,12.2,21.73,19.35,52.98,34.23,32.74,64.58,64.29,51.19,50.0,12.5,9.23,45.83,52.38,31.55,48.81,47.92,40.77,58.63,46.43,56.85,50.0,41.07,42.56,55.95,61.61,41.37,57.74,54.76,57.14,42.56,32.14,48.51,32.44,48.81,32.74,53.57,58.33,52.98,59.52,53.27,49.7,55.95,30.95,52.98,83.93,62.8,35.42,30.36,80.95,2.98,44.94,27.08,12.8,15.18,10.42,27.38,22.92,45.24,49.7,22.32,65.77,36.01,13.99,27.38,49.11,44.35,52.68,47.32,52.08,26.49,44.94,45.83,25.0,37.5
Sevilla,34000.0,27.38,45.24,53.57,44.05,30.06,30.65,45.24,32.44,50.6,33.33,54.76,47.92,16.07,24.11,34.23,11.9,35.42,51.79,50.0,30.06,36.31,70.24,30.36,50.89,50.0,63.69,44.64,57.14,55.36,48.81,48.21,35.12,51.19,31.25,46.43,38.1,51.49,66.96,69.64,50.3,38.69,35.71,41.96,37.2,48.51,37.5,16.07,85.71,53.57,8.04,5.06,35.12,86.01,32.14,35.12,61.31,38.39,50.0,31.85,50.6,20.83,58.93,51.19,39.88,26.49,50.6,34.82,18.15,45.54,30.36,44.94,40.18,11.61,72.62,48.21,16.96,33.04,51.79,46.13,22.02,61.01,62.8,11.31,20.83,60.71,30.65,55.36,42.26,33.04,36.31,27.68,26.49,52.68,41.67,52.98,32.14
Shakhtar,7178.0,27.38,26.49,13.1,4.46,21.43,12.5,45.24,79.76,7.74,17.86,8.33,14.88,21.43,30.95,6.85,22.62,13.39,42.26,36.31,5.95,71.73,78.57,33.04,9.23,38.69,3.57,12.2,48.21,44.94,33.93,25.6,44.94,20.83,39.29,18.45,8.93,45.83,71.13,76.19,55.06,24.7,26.49,66.37,1.19,34.52,19.05,64.88,25.6,66.96,52.38,68.15,26.19,24.4,38.1,96.13,89.58,97.32,41.67,5.95,34.52,75.3,76.79,14.88,12.8,23.21,34.52,88.1,62.8,81.55,5.65,87.8,16.07,87.8,72.62,2.98,31.85,8.93,55.95,44.64,12.2,5.06,34.82,78.27,65.48,60.71,67.26,62.8,75.6,49.11,59.52,75.0,94.05,12.8,20.24,27.38,2.38
Shamrock Rov,7459.0,52.68,26.49,8.93,44.05,30.06,39.29,12.2,6.25,9.52,48.81,22.02,58.63,17.86,11.61,32.14,44.64,55.06,42.86,42.26,24.11,28.57,19.94,55.65,6.55,44.05,13.1,16.67,64.58,63.39,15.48,14.88,13.99,25.6,45.24,28.57,36.01,20.83,17.86,8.93,34.23,16.37,26.49,17.56,24.11,48.51,41.07,44.94,53.57,7.14,17.56,16.67,69.05,14.58,40.48,42.86,38.99,36.9,44.05,24.7,41.07,61.01,62.5,36.9,33.33,8.33,41.07,34.82,36.9,85.12,22.32,94.64,94.35,11.61,72.62,17.56,16.96,13.69,5.95,20.54,75.3,9.82,90.48,3.57,20.83,35.12,8.33,12.2,1.19,58.93,47.32,59.23,11.61,68.75,83.33,28.27,44.05
Slavia Prague,7200.0,19.35,45.24,76.79,74.7,47.62,54.46,12.2,6.25,76.19,33.33,76.79,45.83,80.95,99.4,85.12,67.86,63.39,38.69,47.62,71.13,0.89,35.42,63.1,76.19,43.45,78.57,72.02,42.26,44.94,20.24,35.12,73.21,76.79,12.5,67.86,62.2,38.99,25.0,22.62,42.56,9.52,7.74,3.27,37.2,55.65,19.05,4.46,99.4,63.69,17.56,3.87,0.6,24.4,73.21,24.4,36.31,25.6,38.1,70.83,44.64,5.36,8.33,20.83,78.57,78.57,44.64,25.3,88.39,25.89,66.96,27.08,6.25,11.61,72.62,76.79,80.65,76.79,13.1,78.57,72.92,49.7,74.11,3.57,51.19,13.99,41.37,16.96,72.02,33.04,4.17,0.6,6.55,68.75,6.85,15.48,75.0
Slovan Bratislava,7199.0,19.35,26.49,2.38,2.98,13.69,12.5,45.24,32.44,2.98,17.86,2.38,11.61,1.49,0.6,1.79,1.19,5.06,12.5,10.12,6.55,51.79,57.44,58.63,26.49,11.31,12.5,44.64,27.68,26.79,5.36,3.27,7.44,5.95,19.05,11.9,1.19,33.63,70.24,63.69,75.0,27.68,40.48,70.24,5.36,7.74,30.06,52.68,33.63,77.38,73.21,83.93,82.44,32.14,36.31,88.39,88.1,92.56,16.07,6.85,11.31,84.52,75.6,6.55,1.79,3.57,11.31,62.5,18.15,98.21,64.29,72.62,16.07,44.94,72.62,1.79,2.98,1.79,4.46,55.36,57.44,16.37,2.68,78.27,6.85,3.87,34.82,30.65,3.87,64.58,91.07,83.33,81.55,0.89,86.31,18.45,0.89
Southampton,34118.0,8.63,10.71,9.52,11.31,6.85,12.5,12.2,32.44,12.5,8.04,14.58,33.33,19.94,24.11,22.62,11.9,13.39,58.93,52.98,20.83,36.31,12.2,8.63,9.23,54.76,6.85,25.3,63.69,61.9,60.71,57.14,11.31,0.6,51.19,59.52,56.55,53.27,69.35,59.82,55.06,40.77,30.95,36.31,52.38,27.98,16.37,25.6,61.61,14.88,33.63,81.55,46.73,14.58,10.42,91.07,48.81,77.98,56.55,20.83,51.19,77.38,63.69,48.21,38.1,29.17,51.19,49.7,62.8,58.04,40.48,87.8,40.18,44.94,72.62,27.68,11.61,15.77,55.06,52.68,1.19,61.01,22.32,70.54,36.01,13.99,74.11,78.87,60.71,56.25,41.96,52.08,50.0,24.4,33.04,65.48,58.93
Sparta Prague,7200.0,13.69,10.71,14.29,7.14,6.85,12.5,12.2,6.25,7.74,8.04,4.46,1.19,1.49,11.61,2.38,11.9,13.39,2.98,1.79,4.17,17.86,49.4,14.88,5.06,2.38,2.98,1.19,3.57,2.38,3.57,2.38,7.44,11.01,5.36,2.98,1.79,10.12,6.55,7.44,11.61,7.44,7.74,41.96,1.19,34.52,11.31,36.9,39.58,47.62,66.07,78.57,57.44,18.75,23.51,100.0,93.45,99.4,2.98,4.17,1.79,54.17,11.31,2.38,2.38,9.52,1.79,92.86,88.39,91.37,0.6,94.64,72.62,11.61,27.08,22.02,23.21,23.51,11.31,11.9,22.02,26.19,12.8,84.23,3.27,13.99,54.17,77.68,48.21,63.1,54.46,47.02,50.0,36.61,66.07,73.81,11.31
Sporting CP,9000.0,47.62,52.08,49.4,50.0,39.58,39.29,75.3,62.5,56.85,48.81,59.52,50.3,14.58,5.06,7.74,33.63,46.43,69.64,57.74,44.64,64.29,22.32,33.04,19.35,58.33,51.49,78.27,61.9,62.5,71.43,67.26,46.43,15.18,70.83,65.18,60.71,76.49,74.11,63.69,72.32,40.77,35.71,43.45,55.65,14.29,52.98,43.45,61.61,24.7,8.04,10.12,4.46,24.4,29.76,96.13,36.31,81.55,70.54,44.35,54.17,48.51,71.43,54.76,30.95,27.98,54.17,83.93,88.39,89.58,76.19,87.8,40.18,75.89,27.08,1.19,1.19,0.6,72.32,21.73,33.93,61.01,62.8,59.23,78.27,60.71,3.87,4.46,30.95,40.77,60.42,12.2,26.49,18.75,28.87,19.05,10.12
St. Gallen,5400.0,72.02,45.24,67.26,62.5,58.93,67.86,12.2,6.25,64.58,76.79,61.01,63.69,69.35,42.56,69.35,73.21,75.6,30.36,38.69,65.77,55.95,35.42,76.19,77.98,36.9,73.81,8.93,31.55,34.52,20.83,35.71,66.07,74.7,36.31,56.25,15.48,57.74,44.35,51.79,52.38,22.92,40.48,36.31,44.64,5.06,55.95,62.8,37.8,53.57,62.5,46.43,19.64,32.14,59.23,68.45,67.56,68.15,33.33,65.77,38.69,28.87,29.76,38.39,52.98,71.43,38.69,49.7,88.39,50.3,3.87,24.7,40.18,11.61,5.36,42.56,68.45,58.93,19.05,72.62,75.3,49.7,6.85,88.39,6.85,3.87,39.58,12.2,52.68,56.25,58.04,26.19,61.01,63.99,28.87,2.08,49.4
St. Pauli,30564.0,13.69,26.49,35.42,22.32,21.43,30.65,12.2,32.44,34.52,13.1,34.82,35.12,24.11,46.13,47.32,44.64,35.42,31.55,35.12,30.06,22.32,18.45,44.94,61.9,33.33,55.95,30.06,34.52,33.33,31.85,37.8,18.75,40.48,14.29,13.99,24.11,35.42,4.46,4.17,2.08,16.37,12.2,17.56,37.2,24.11,25.3,20.83,80.95,9.82,38.69,10.12,52.08,63.1,16.67,74.4,82.74,83.04,29.76,29.17,33.93,26.79,32.14,35.12,36.31,38.1,33.93,92.86,62.8,87.5,25.89,44.94,72.62,44.94,72.62,63.39,77.98,71.43,16.07,27.38,45.24,38.1,90.48,22.62,86.9,60.71,49.7,53.27,75.0,13.1,12.5,16.37,26.49,30.36,2.98,20.24,20.83
Strasbourg,30597.0,66.07,78.27,26.19,50.0,58.93,60.71,45.24,32.44,25.0,64.88,33.04,39.88,30.36,19.94,23.21,53.87,63.39,64.29,57.14,49.4,64.29,6.25,11.61,26.49,56.55,47.62,68.75,60.71,58.93,75.0,72.02,9.82,2.38,57.14,56.25,39.88,64.88,63.39,63.69,58.63,16.37,26.49,17.56,33.04,27.98,22.02,10.71,94.64,22.32,28.87,28.57,45.83,63.1,36.31,53.57,82.74,67.26,64.88,48.51,58.33,60.12,76.19,55.95,20.24,29.17,58.33,68.45,62.8,69.35,60.71,80.95,40.18,44.94,27.08,10.12,4.17,4.17,62.2,11.31,22.02,70.54,82.14,61.9,78.27,60.71,21.13,23.51,80.36,52.68,4.17,59.23,77.38,72.62,2.38,47.02,30.65
Sturm Graz,7197.0,2.38,5.36,4.76,16.96,6.85,12.5,12.2,6.25,3.57,2.38,4.46,6.25,12.2,3.87,13.69,4.46,13.39,5.36,4.17,5.06,66.96,8.33,0.6,67.26,4.76,18.15,35.12,18.75,17.26,4.17,3.27,0.6,2.98,20.83,1.79,4.76,4.17,10.12,10.42,13.99,64.58,73.81,77.98,33.04,27.98,67.26,70.54,31.85,50.89,54.76,33.04,66.07,32.14,44.94,72.02,45.54,56.25,4.76,5.36,5.95,65.48,51.19,7.74,4.76,2.68,5.95,62.5,18.15,43.15,27.98,29.46,94.35,11.61,72.62,7.74,48.51,19.94,2.38,5.06,67.56,5.06,41.67,65.77,78.27,60.71,41.37,63.69,36.31,20.24,51.19,70.83,84.82,18.75,34.82,69.05,2.98
Stuttgart,37648.0,87.8,92.86,95.83,93.45,94.35,95.24,45.24,79.76,95.24,89.88,95.83,95.83,98.81,98.21,97.02,99.4,94.94,95.83,95.83,95.83,92.26,76.19,97.62,93.75,95.83,100.0,97.02,95.83,95.83,89.88,90.48,82.74,84.52,94.64,83.93,86.9,89.88,85.12,87.5,83.04,87.8,82.74,84.52,94.35,88.1,93.15,94.64,6.25,94.05,95.83,90.77,89.29,14.58,91.67,16.37,10.71,15.48,95.83,95.83,95.83,90.48,90.48,96.43,94.64,94.05,95.83,13.1,36.9,10.71,95.24,5.36,72.62,75.89,72.62,88.99,89.88,89.29,79.76,82.14,96.73,79.76,1.79,76.19,0.6,60.71,92.86,89.29,98.81,86.9,41.96,83.93,72.62,89.58,68.45,83.93,97.62
TSC Bačka Top,7200.0,58.93,67.26,74.7,67.26,58.93,60.71,12.2,32.44,74.4,60.71,70.83,72.02,50.3,17.26,25.3,44.64,46.43,61.9,64.88,64.58,3.57,57.44,51.19,35.42,65.48,64.58,75.3,66.07,70.83,59.52,59.52,37.5,16.37,66.67,43.45,54.46,62.8,75.3,77.98,62.8,38.69,50.6,0.6,72.02,70.24,50.6,67.86,29.46,69.35,9.52,13.99,8.33,76.49,66.96,30.65,22.92,23.81,60.71,64.29,68.45,16.07,20.24,69.64,67.26,64.29,68.45,23.21,88.39,23.21,62.5,65.48,72.62,44.94,27.08,25.6,18.15,21.13,29.46,15.48,33.93,9.82,18.45,42.26,36.01,3.87,60.42,66.07,76.79,45.24,5.36,3.57,6.55,75.0,16.37,28.27,68.45
The New Saints,5400.0,13.69,36.01,3.57,4.46,13.69,4.76,75.3,62.5,5.36,17.86,3.27,0.6,2.98,72.62,11.9,4.46,5.06,7.14,5.95,0.6,2.38,54.76,1.19,0.6,6.55,0.6,4.46,7.74,6.25,8.93,9.52,24.7,38.69,17.86,17.26,52.08,2.38,17.86,53.27,11.61,73.21,75.0,83.93,47.62,1.19,55.95,52.68,51.49,44.94,74.11,96.13,77.98,63.1,21.73,98.51,79.46,98.81,7.14,0.6,4.76,73.21,72.02,1.79,2.98,5.36,4.76,98.51,88.39,93.15,6.55,100.0,40.18,11.61,72.62,5.65,9.82,5.06,44.35,77.98,22.02,38.1,45.24,85.12,99.4,35.12,56.25,55.36,57.44,1.79,65.48,63.99,38.1,4.17,0.6,36.9,1.79
Torino,34066.0,27.38,26.49,20.83,22.32,13.69,12.5,45.24,32.44,20.54,17.86,15.77,27.98,33.63,55.65,49.4,22.62,13.39,38.1,33.93,19.05,12.8,30.95,9.52,26.49,35.12,15.18,13.99,36.31,33.93,45.83,43.45,39.58,23.51,42.26,28.57,33.63,14.88,1.79,1.19,5.06,0.6,0.6,1.19,3.87,20.24,2.38,0.6,98.81,4.46,3.27,37.2,24.11,76.49,0.6,88.39,91.67,94.05,38.69,19.05,26.79,15.48,6.55,42.26,26.79,16.37,26.79,68.45,62.8,48.51,18.45,72.62,40.18,44.94,27.08,50.0,55.65,54.17,59.52,38.39,6.25,26.19,90.48,55.36,78.27,60.71,72.62,80.06,69.64,69.94,66.96,57.74,61.01,63.99,52.38,62.5,38.69
Tottenham,46685.0,90.18,91.07,84.52,88.1,89.88,90.48,95.24,90.77,84.52,90.77,85.12,87.2,92.56,87.8,92.26,88.39,87.2,85.71,86.9,88.99,83.04,60.71,100.0,85.42,86.31,98.21,94.05,85.12,85.12,89.29,88.1,82.14,83.33,88.69,94.64,90.48,94.05,97.62,91.96,99.4,90.18,90.48,90.48,90.48,87.5,86.31,86.61,12.5,96.43,97.02,98.81,97.02,7.44,97.02,2.68,0.6,1.49,86.31,89.29,89.29,99.11,94.64,83.33,88.69,92.26,89.29,19.94,18.15,8.33,92.26,14.58,40.18,94.05,5.36,86.31,86.9,86.31,86.31,92.86,94.64,83.93,12.8,92.56,78.27,90.48,36.31,31.85,87.8,95.83,90.18,98.81,99.7,87.2,87.5,76.19,81.55
Toulouse,30419.0,42.56,58.33,44.35,55.65,58.93,60.71,45.24,32.44,44.64,48.81,47.32,39.88,59.82,37.2,41.67,61.61,55.06,36.9,36.9,52.38,46.13,55.95,35.42,19.35,36.31,61.31,55.65,38.69,39.88,44.05,42.26,15.48,21.73,43.45,52.38,43.15,55.06,60.71,59.82,61.31,49.7,45.83,25.89,61.61,59.52,62.2,60.12,48.81,22.32,12.5,19.94,21.43,76.49,57.74,45.24,54.46,45.83,37.5,52.08,35.12,22.02,18.75,41.67,41.07,60.71,35.12,92.86,62.8,45.54,60.71,80.95,94.35,44.94,27.08,33.04,33.33,34.52,32.14,18.15,57.44,61.01,82.14,2.38,12.8,60.71,11.31,18.45,11.9,8.04,24.11,22.02,3.27,52.68,20.83,42.86,60.12
Twente,9222.0,36.01,26.49,30.06,31.85,39.58,22.02,88.1,90.77,28.27,33.33,16.96,33.33,38.99,55.65,44.35,33.63,24.4,37.5,38.1,34.52,9.52,30.95,71.73,9.23,38.1,34.23,22.02,33.93,36.31,42.26,41.67,58.33,54.17,40.48,32.44,38.1,55.06,51.49,44.64,58.63,77.38,77.68,77.08,75.0,70.24,77.98,74.4,41.37,44.94,33.63,19.94,46.73,86.01,42.56,86.01,48.81,75.6,36.31,36.31,39.29,61.9,67.26,32.14,29.76,45.24,39.29,41.96,36.9,66.07,16.67,80.95,40.18,75.89,5.36,18.45,40.48,28.57,45.83,47.92,22.02,26.19,62.8,31.55,36.01,35.12,65.18,56.55,42.26,28.87,26.19,23.81,11.61,63.99,35.71,11.9,28.57
Udinese,33972.0,36.01,36.01,38.99,34.52,21.43,22.02,45.24,32.44,39.88,23.81,36.61,33.33,33.63,69.35,54.17,22.62,24.4,32.74,30.36,23.21,12.8,44.64,7.44,13.69,30.36,49.11,42.56,23.81,20.24,35.71,33.63,72.02,72.92,31.25,38.1,46.73,31.55,36.9,44.64,34.23,7.44,11.31,13.69,17.26,20.24,16.37,9.23,93.45,14.88,20.83,46.43,31.55,49.7,6.25,58.04,79.46,69.94,31.55,22.62,27.38,27.68,19.64,36.01,26.19,32.44,27.38,49.7,36.9,30.36,20.83,87.8,40.18,44.94,27.08,54.17,31.85,45.83,69.64,63.99,12.2,26.19,62.8,31.55,36.01,35.12,37.8,26.79,46.73,8.04,8.04,33.63,11.61,44.94,4.17,53.57,39.29
Union Berlin,30546.0,36.01,36.01,49.4,31.85,30.06,30.65,45.24,32.44,45.83,33.33,42.56,19.35,40.48,50.3,52.08,44.64,24.4,10.12,16.96,25.0,6.25,12.2,61.31,50.89,16.67,30.06,5.36,16.07,19.64,6.55,10.12,32.74,54.76,14.88,9.52,2.98,26.19,2.38,3.57,6.25,16.37,14.29,25.89,41.07,7.74,30.06,18.45,83.04,42.26,50.3,24.11,71.43,86.01,25.6,76.19,69.05,75.6,11.01,23.81,17.56,41.67,20.83,24.4,25.6,45.24,17.86,62.5,88.39,52.98,10.12,37.8,40.18,44.94,72.62,79.17,81.85,79.76,4.46,10.12,75.3,9.82,62.8,11.31,51.19,35.12,49.7,39.29,30.95,61.01,39.58,68.45,72.62,52.68,64.29,68.45,51.79
Union SG,9272.0,27.38,36.01,75.6,71.73,75.6,75.0,45.24,62.5,75.0,28.57,75.6,70.24,61.9,30.95,65.18,73.21,75.6,41.67,50.6,72.32,59.82,2.08,53.57,70.54,48.21,67.26,51.19,46.43,51.79,40.48,46.43,37.5,49.4,50.6,69.64,75.0,78.27,78.57,79.17,78.57,77.98,76.19,20.54,81.55,86.31,79.76,78.27,26.19,57.74,68.15,28.57,34.52,98.21,78.57,22.32,24.11,22.62,39.88,72.02,60.71,2.38,7.74,61.9,73.81,77.38,60.71,17.86,5.36,27.98,50.3,31.25,72.62,44.94,27.08,80.36,72.02,76.19,8.33,40.48,72.92,38.1,95.54,15.18,78.27,35.12,86.61,69.35,47.62,5.06,2.98,7.14,38.1,12.8,11.31,25.6,72.62
Valencia,34178.0,36.01,36.01,20.83,19.35,30.06,30.65,45.24,32.44,21.73,33.33,18.75,54.17,37.8,60.42,67.26,44.64,35.42,45.24,45.24,48.21,28.57,67.26,68.45,56.25,44.64,64.58,57.44,50.0,48.21,44.64,45.83,39.58,50.3,38.1,38.1,43.15,26.19,36.9,15.77,50.3,36.01,50.6,51.19,24.11,34.52,41.07,20.83,85.71,12.5,7.14,8.33,39.29,76.49,30.95,72.02,57.74,66.37,46.43,48.51,42.86,18.75,31.25,50.6,46.73,23.21,42.86,56.55,88.39,66.07,50.3,44.94,40.18,44.94,27.08,23.81,46.43,36.61,39.88,46.13,22.02,70.54,74.11,11.31,36.01,35.12,30.65,36.9,23.21,45.24,49.11,30.65,50.0,68.75,62.5,58.93,72.02
Valladolid,34095.0,8.63,10.71,6.55,7.14,13.69,12.5,45.24,32.44,8.93,8.04,11.9,7.14,3.87,64.58,47.32,22.62,13.39,18.45,15.48,9.52,28.57,67.26,7.44,50.89,14.29,42.56,55.65,10.71,7.74,25.6,23.21,50.3,52.98,11.31,15.48,7.74,26.19,36.9,49.7,17.56,14.58,14.29,52.98,11.61,5.06,14.58,18.45,69.05,19.94,48.51,60.12,36.9,49.7,2.38,81.25,93.45,91.67,19.94,9.52,12.5,43.45,58.04,13.1,5.95,5.95,12.5,41.96,36.9,58.04,66.07,52.08,40.18,44.94,72.62,52.98,40.48,49.4,66.67,70.24,33.93,49.7,18.45,31.55,6.85,13.99,56.25,46.43,42.26,52.68,69.94,48.81,61.01,44.94,46.73,57.14,55.36
Venezia,34181.0,13.69,10.71,17.86,22.32,13.69,12.5,45.24,32.44,22.62,13.1,18.75,13.1,19.94,19.94,20.24,11.9,13.39,14.88,13.69,15.48,22.32,39.88,21.73,26.49,10.71,75.3,62.2,20.54,20.83,14.88,14.29,2.38,4.76,20.24,22.02,30.06,29.17,29.76,22.62,30.36,18.45,16.96,41.96,9.52,42.56,19.05,22.32,72.02,4.46,44.05,51.19,31.55,49.7,8.63,37.5,28.27,29.76,13.1,15.18,11.9,36.01,14.88,17.26,21.43,19.05,11.9,74.11,62.8,40.18,55.36,72.62,16.07,44.94,27.08,35.12,66.07,55.65,9.23,57.14,57.44,38.1,62.8,55.36,51.19,35.12,21.13,36.9,49.4,45.24,20.83,52.08,38.1,18.75,38.1,33.93,5.36
Viktoria Plzeň,10777.0,58.93,78.27,55.95,55.65,47.62,47.32,12.2,32.44,41.07,60.71,54.76,23.81,30.36,17.26,31.55,33.63,46.43,5.95,11.9,34.52,12.8,12.2,68.45,74.7,11.9,25.89,27.68,15.48,23.21,2.98,5.36,21.43,44.64,2.98,5.06,17.26,29.17,41.67,51.79,42.56,69.35,71.73,36.31,72.02,75.0,68.45,73.21,27.08,75.3,77.38,51.19,68.45,49.7,72.02,30.65,43.45,30.36,5.36,28.27,22.62,28.87,7.14,16.67,60.71,50.0,22.62,83.93,18.15,51.19,20.83,27.08,72.62,44.94,72.62,82.14,80.65,82.14,1.19,42.26,77.68,1.79,82.14,55.36,93.75,60.71,69.05,67.56,16.37,5.95,38.1,41.96,38.1,52.68,37.5,70.24,74.4
Villarreal,34056.0,75.0,78.27,69.64,62.5,70.24,72.62,45.24,62.5,70.83,76.79,71.73,60.12,70.83,69.35,49.4,73.21,75.6,52.38,48.81,62.5,74.11,67.26,33.04,67.26,49.4,44.35,63.39,47.02,44.05,57.74,56.55,67.86,62.5,48.21,65.18,65.18,68.45,39.29,44.64,24.7,38.69,37.5,48.21,29.17,34.52,50.6,40.18,66.96,7.14,31.55,37.2,33.63,63.1,28.57,60.12,85.71,72.62,52.38,62.5,48.21,57.44,56.85,34.23,58.33,69.64,47.92,41.96,62.8,63.69,59.52,37.8,40.18,75.89,72.62,36.61,8.33,17.56,70.24,46.13,57.44,77.98,82.14,26.79,20.83,35.12,15.18,10.71,16.37,74.4,30.95,48.81,50.0,44.94,72.02,23.21,29.17
Vitória,7200.0,76.79,67.26,77.98,77.98,78.27,78.57,45.24,32.44,77.98,75.0,77.98,73.81,76.19,50.3,52.08,61.61,77.68,69.05,67.86,75.0,28.57,35.42,24.11,2.98,67.86,31.55,51.19,69.05,67.86,58.33,60.12,67.26,59.23,67.86,76.19,69.35,67.26,30.65,22.62,55.06,72.62,77.68,73.81,55.65,66.67,77.38,70.54,59.23,47.62,9.52,2.38,14.29,93.75,77.38,51.49,74.4,59.82,67.86,75.0,69.64,4.17,22.62,72.02,66.07,70.83,69.64,29.46,88.39,60.12,43.15,97.32,94.35,44.94,72.62,39.58,12.5,24.7,50.3,47.92,67.56,75.89,62.8,11.31,36.01,3.87,6.85,5.65,22.32,2.38,8.04,1.49,6.55,7.44,1.19,20.83,3.87
Werder Bremen,30558.0,66.07,67.26,53.57,50.0,58.93,54.46,45.24,32.44,60.71,64.88,59.52,47.92,70.83,69.35,64.29,73.21,63.39,57.74,65.48,60.71,64.29,44.64,68.45,67.26,64.88,72.32,53.57,52.98,54.76,61.31,62.8,68.75,67.26,64.88,33.33,31.55,36.61,11.01,7.44,20.83,22.92,16.96,12.5,55.65,24.11,33.63,25.6,80.95,42.26,69.35,60.12,39.88,49.7,44.94,64.29,88.1,79.46,57.44,61.31,67.26,50.89,69.64,58.93,54.17,63.1,67.26,56.55,36.9,94.94,52.98,33.63,72.62,44.94,27.08,46.73,40.48,46.43,47.62,2.68,45.24,16.37,45.24,31.55,36.01,60.71,25.0,21.13,66.07,74.4,2.38,29.46,61.01,44.94,44.94,17.86,50.3
West Ham,34138.0,36.01,45.24,53.57,34.52,39.58,47.32,45.24,32.44,49.7,33.33,44.64,51.49,42.86,37.2,34.23,44.64,46.43,52.98,51.79,38.1,51.79,70.24,47.62,56.25,53.57,8.33,15.48,61.31,60.71,47.62,47.02,35.71,25.6,41.07,57.74,36.01,55.06,75.3,70.24,69.64,40.77,33.63,39.29,44.64,42.56,22.02,13.39,90.77,31.85,44.05,68.15,55.06,49.7,32.74,86.01,31.55,62.2,52.98,38.69,52.38,69.05,63.1,51.79,41.67,54.17,52.38,62.5,62.8,66.07,27.98,44.94,94.35,44.94,27.08,61.9,53.87,59.52,44.35,33.33,22.02,38.1,51.79,46.73,36.01,35.12,62.8,60.12,50.6,58.93,73.21,62.8,26.49,52.68,43.45,38.1,51.19
Wolfsburg,30509.0,66.07,67.26,55.95,47.32,53.27,54.46,45.24,32.44,55.65,68.15,54.76,52.38,47.02,24.11,38.39,61.61,55.06,30.95,33.33,50.6,46.13,72.62,62.2,19.35,32.74,55.95,36.61,25.89,30.36,35.71,36.9,60.42,63.1,32.74,31.55,27.98,41.96,20.54,14.58,36.9,4.46,7.74,20.54,7.44,16.67,14.58,34.52,48.81,42.26,63.99,53.87,64.29,63.1,16.67,56.25,98.21,87.5,30.36,50.3,35.71,42.86,25.3,34.23,46.73,51.79,35.71,56.55,62.8,89.58,36.01,80.95,72.62,44.94,72.62,59.82,66.67,65.48,53.87,15.48,45.24,16.37,51.79,37.2,65.48,35.12,80.95,74.4,63.1,45.24,34.52,47.62,26.49,18.75,32.14,67.86,17.56
Wolves,34178.0,52.68,67.26,37.2,50.0,30.06,39.29,12.2,6.25,37.8,56.25,38.99,41.67,47.02,37.2,27.98,22.62,46.43,51.19,47.02,26.79,51.79,64.88,38.1,35.42,47.62,39.88,47.02,58.93,58.33,42.86,36.31,34.52,30.95,50.0,50.3,56.55,38.99,66.07,63.69,47.32,75.0,71.73,76.19,69.05,42.56,69.35,52.68,64.29,11.61,38.69,41.67,36.9,49.7,50.6,45.24,42.26,38.39,50.6,28.27,48.81,53.27,50.6,52.98,36.9,38.99,48.81,68.45,62.8,50.3,40.48,65.48,72.62,11.61,27.08,20.83,24.11,23.51,34.23,52.68,22.02,49.7,41.67,15.18,12.8,35.12,27.38,42.26,38.1,40.77,22.32,45.54,67.86,72.62,44.05,31.55,31.55
Young Boys,7200.0,1.19,10.71,20.83,2.38,2.68,4.76,12.2,6.25,16.07,0.6,8.33,11.61,9.82,42.56,25.3,4.46,5.06,11.9,7.14,13.99,9.52,72.62,1.79,44.05,7.14,19.94,20.83,7.14,6.25,13.1,11.31,55.95,42.86,10.71,26.79,10.71,43.75,49.11,68.75,20.83,11.01,43.75,52.98,1.19,27.98,1.49,48.21,23.81,61.31,70.54,88.99,38.69,18.75,33.93,78.57,75.6,84.52,10.12,14.29,6.55,76.19,26.19,8.93,10.71,11.31,6.55,22.02,88.39,29.76,10.12,44.94,40.18,11.61,5.36,15.48,10.71,9.52,66.67,72.02,22.02,70.54,6.85,59.23,1.49,3.87,37.8,51.49,70.54,20.24,10.42,69.35,0.89,30.36,8.93,48.21,73.21
