Player,Nation,Position,Team,Age,Born,Matches Played,Starts,Minutes Played,Goals Against,Shots on Target Against,Saves,Clean Sheets,Penalty Kicks Attempted,Penalty Kicks Allowed,Penalty Kicks Saved,Penalty Kicks Missed,Post-Shot Expected Goals,Launched Passes Completed,Launched Passes Attempted,Passes Attempted (GK),Through Balls,Goal Kicks Attempted,Crosses Opposed,Crosses Stopped,Sweeper Actions,Penalties Winner,Efficiency,% Saves,% Long Passes,% Crosses Stopped
AJ Marcucci,us USA,GK,NY Red Bulls,25-353,1999,1,1,90,1.0,2.0,1.0,0.0,0.0,0.0,0.0,0.0,0.7,4.0,16.0,27.0,3.0,4.0,8.0,1.0,2.0,0.0,-0.3,50.0,25.0,12.5
Adam Beaudry,us USA,GK,Colorado Rapids,19-092,2006,1,1,90,3.0,5.0,3.0,0.0,0.0,0.0,0.0,0.0,2.3,4.0,18.0,21.0,6.0,6.0,4.0,0.0,0.0,0.0,-0.7,60.0,22.22,0.0
Adam Davies,wls WAL,GK,Sheffield Utd,32,1992,3,3,270,1.0,2.33,1.33,0.33,0.0,0.0,0.0,0.0,0.9,5.33,12.67,26.33,5.33,5.67,16.33,1.33,0.0,0.0,-0.1,57.08,42.07,8.14
Adrian Šemper,hr CRO,GK,Pisa,26,1998,36,36,3240,0.92,3.36,2.47,0.31,0.03,0.03,0.0,0.0,1.04,7.33,17.28,28.17,2.36,4.92,14.08,1.06,0.61,0.0,0.12,73.51,42.42,7.53
Agustín Marchesín,ar ARG,GK,Boca Juniors,37-125,1988,16,16,1440,0.69,3.06,2.38,0.5,0.0,0.0,0.0,0.0,0.82,3.31,9.0,20.81,4.38,8.44,14.19,0.75,0.44,0.0,0.14,77.78,36.78,5.29
Agustín Rossi,ar ARG,GK,Flamengo,29-332,1995,19,19,1710,0.42,2.58,2.05,0.68,0.16,0.05,0.11,0.0,0.51,2.68,7.58,25.53,3.11,3.79,10.74,0.79,0.84,0.11,0.09,79.46,35.36,7.36
Alan Aguerre,ar ARG,GK,ar Cen. Córdoba–SdE,34-330,1990,22,22,1980,1.23,3.18,2.0,0.32,0.09,0.09,0.0,0.0,0.98,2.82,10.82,14.68,2.45,7.73,12.82,0.41,0.36,0.0,-0.25,62.89,26.06,3.2
Aldair Quintana,co COL,GK,co CA Bucaramanga,31-008,1994,6,6,540,1.67,5.67,3.83,0.17,0.33,0.17,0.17,0.0,1.75,4.33,10.67,21.0,5.5,7.17,13.33,0.67,1.0,0.17,0.08,67.55,40.58,5.03
Alec Smir,us USA,GK,Minnesota Utd,26-097,1999,2,1,161,1.68,5.03,3.35,0.0,0.0,0.0,0.0,0.0,1.68,5.59,21.24,22.36,1.68,6.15,17.89,0.0,1.12,0.0,0.0,66.6,26.32,0.0
Alessandro Micai,it ITA,GK,Cosenza,31,1993,37,37,3296,1.45,4.26,2.92,0.19,0.08,0.05,0.0,0.03,1.26,7.1,18.38,32.44,3.58,5.41,15.05,1.5,2.32,0.03,-0.18,68.54,38.63,9.97
Alessandro Russo,it ITA,GK,Sassuolo,23,2001,1,1,90,1.0,5.0,4.0,0.0,1.0,1.0,0.0,0.0,1.5,1.0,3.0,28.0,12.0,4.0,8.0,2.0,1.0,0.0,0.5,80.0,33.33,25.0
Alessandro Sorrentino,it ITA,GK,Frosinone,22,2002,2,2,180,3.5,7.5,4.0,0.0,0.5,0.5,0.0,0.0,2.85,4.0,10.0,24.0,4.5,4.5,13.5,0.5,0.0,0.0,-0.65,53.33,40.0,3.7
Alessio Cragno,it ITA,GK,Sampdoria,30,1994,14,14,1260,1.0,2.71,1.71,0.43,0.07,0.07,0.0,0.0,1.06,6.64,16.43,23.29,3.79,7.57,14.5,1.5,1.29,0.0,0.06,63.1,40.41,10.34
Alex Muralha,br BRA,GK,Mirassol,35-251,1989,6,6,540,1.5,4.17,2.67,0.0,0.17,0.17,0.0,0.0,1.3,2.17,8.83,20.5,3.17,5.67,18.83,0.5,2.33,0.0,-0.2,64.03,24.58,2.66
Alex Padilla,es ESP,GK,UNAM,20,2003,10,10,900,1.7,3.9,2.2,0.2,0.1,0.1,0.0,0.0,1.35,4.8,13.1,26.4,4.0,6.7,12.4,0.9,0.6,0.0,-0.35,56.41,36.64,7.26
Alex Palmer,eng ENG,GK,West Brom,27,1996,30,30,2700,0.9,3.37,2.57,0.37,0.03,0.03,0.0,0.0,0.9,4.57,14.77,35.67,4.77,5.27,15.47,1.1,1.4,0.0,0.0,76.26,30.94,7.11
Alexis Martin Arias,ar ARG,GK,py Cerro Porteño,33-015,1992,3,3,270,2.0,7.0,5.0,0.33,0.0,0.0,0.0,0.0,1.9,11.0,21.0,16.33,2.67,12.33,19.33,0.33,0.67,0.0,-0.1,71.43,52.38,1.71
Alexis Villa,ec ECU,GK,ec LDU de Quito,23-300,2001,1,0,14,0.0,0.0,0.0,6.43,0.0,0.0,0.0,0.0,0.0,12.86,38.57,25.71,0.0,12.86,12.86,0.0,0.0,0.0,0.0,,33.34,0.0
Alfonso Blanco Antúnez,mx MEX,GK,León,37,1987,26,26,2340,1.27,4.96,3.77,0.27,0.15,0.12,0.0,0.04,1.36,4.92,12.65,26.73,4.92,9.27,14.04,0.42,0.77,0.04,0.09,76.01,38.89,2.99
Alfred Gomis,sn SEN,GK,Palermo,30,1993,1,1,36,0.0,5.0,5.0,0.0,0.0,0.0,0.0,0.0,0.0,2.5,2.5,40.0,5.0,2.5,7.5,0.0,0.0,0.0,0.0,100.0,100.0,0.0
Aljaž Ivačič,si SVN,GK,NE Revolution,31-202,1993,22,22,1980,1.36,4.14,2.77,0.36,0.18,0.18,0.0,0.0,1.25,3.64,12.27,18.41,2.45,8.45,12.59,0.41,0.36,0.0,-0.11,66.91,29.67,3.26
Anatolii Trubin,ua UKR,GK,Benfica,22,2001,32,32,2880,0.88,3.16,2.25,0.41,0.09,0.06,0.03,0.0,1.05,2.28,6.12,21.75,4.28,5.09,8.97,0.69,0.56,0.03,0.17,71.2,37.25,7.69
Andre Blake,jm JAM,GK,Philadelphia Union,34-240,1990,14,14,1260,0.93,3.29,2.36,0.36,0.14,0.14,0.0,0.0,1.07,5.36,11.71,23.36,3.21,5.5,10.64,0.5,1.64,0.0,0.14,71.73,45.77,4.7
Andrea Fulignati,it ITA,GK,Cremonese,29,1994,38,38,3420,1.16,3.05,1.95,0.21,0.16,0.13,0.0,0.03,1.07,4.21,10.53,38.11,3.66,3.61,12.18,0.89,1.11,0.03,-0.09,63.93,39.98,7.31
Andreas Jungdal,dk DEN,GK,Westerlo,22,2002,8,8,720,1.25,3.38,2.12,0.25,0.25,0.12,0.12,0.0,1.15,6.0,17.62,32.88,5.0,6.75,16.25,1.0,1.25,0.12,-0.1,62.72,34.05,6.15
Andrew,br BRA,GK,Gil Vicente FC,23,2001,33,33,2970,1.39,3.79,2.42,0.21,0.21,0.18,0.0,0.03,1.3,3.91,10.82,29.36,4.79,8.42,14.79,1.09,1.03,0.03,-0.09,63.85,36.14,7.37
Andrew Rick,us USA,GK,Philadelphia Union,19-170,2006,9,9,810,1.0,2.22,1.22,0.44,0.0,0.0,0.0,0.0,0.99,5.44,14.89,17.11,3.11,7.0,9.22,0.33,0.67,0.0,-0.01,54.95,36.53,3.58
Andrew Tarbell,us USA,GK,Houston Dynamo,31-285,1993,4,4,306,2.06,4.41,2.35,0.29,0.0,0.0,0.0,0.0,1.79,3.53,9.71,24.71,4.41,3.82,9.12,0.29,1.18,0.0,-0.26,53.29,36.35,3.18
Andrew Thomas,ru RUS,GK,Seattle Sounders,26-321,1998,4,4,360,2.75,6.25,3.5,0.0,1.0,1.0,0.0,0.0,2.38,0.75,6.25,16.75,5.0,5.25,13.0,1.5,0.25,0.0,-0.38,56.0,12.0,11.54
Andries Noppert,nl NED,GK,Heerenveen,30,1994,16,16,1365,1.58,4.42,2.9,0.2,0.07,0.07,0.0,0.0,1.6,4.29,14.97,35.54,3.82,6.07,12.66,0.86,1.58,0.0,0.02,65.61,28.66,6.79
Andrés Gudiño,mx MEX,GK,Cruz Azul,27,1997,1,1,90,1.0,3.0,2.0,0.0,0.0,0.0,0.0,0.0,0.5,2.0,3.0,32.0,4.0,5.0,5.0,0.0,0.0,0.0,-0.5,66.67,66.67,0.0
Andrés Sánchez,mx MEX,GK,Atlético,26,1997,30,30,2624,1.54,4.53,2.95,0.1,0.07,0.03,0.03,0.0,1.39,3.16,9.33,29.7,4.63,9.23,13.65,0.79,1.68,0.03,-0.15,65.12,33.87,5.79
Angus Gunn,sct SCO,GK,Norwich City,28,1996,35,35,3104,1.22,3.57,2.41,0.2,0.12,0.12,0.0,0.0,1.06,2.06,8.61,35.14,4.99,4.44,13.6,0.7,1.74,0.0,-0.16,67.51,23.93,5.15
Anthoni,br BRA,GK,Internacional,23-177,2002,18,17,1575,1.49,3.83,2.46,0.23,0.06,0.06,0.0,0.0,1.09,2.57,8.23,15.94,2.74,7.49,11.14,0.57,1.09,0.0,-0.39,64.23,31.23,5.12
Anthony Moris,lu LUX,GK,Union SG,34,1990,30,30,2700,0.83,3.3,2.47,0.43,0.07,0.03,0.0,0.03,1.12,6.47,14.8,29.13,3.3,3.33,13.7,0.63,0.83,0.03,0.29,74.85,43.72,4.6
Anthony Patterson,eng ENG,GK,Sunderland,24,2000,42,42,3780,1.0,3.05,2.14,0.33,0.12,0.1,0.02,0.0,0.93,3.69,12.38,29.1,4.5,6.5,13.12,0.55,0.64,0.02,-0.07,70.16,29.81,4.19
Arnaud Bodart,be BEL,GK,Standard Liège,26,1998,2,2,180,0.5,3.0,2.5,0.5,0.0,0.0,0.0,0.0,1.3,9.0,28.0,23.5,2.0,8.0,20.0,4.0,4.5,0.0,0.8,83.33,32.14,20.0
Arturo Delgado,mx MEX,GK,FC Juárez,22,2002,2,2,180,0.5,5.5,5.0,0.5,0.0,0.0,0.0,0.0,1.0,5.5,16.0,30.0,4.0,9.5,8.0,1.0,0.0,0.0,0.5,90.91,34.38,12.5
Axel Werner,ar ARG,GK,Rosario Central,29-141,1996,2,2,180,0.0,1.5,1.5,1.0,0.0,0.0,0.0,0.0,0.75,3.0,9.5,14.0,3.5,7.5,15.0,0.5,0.0,0.0,0.75,100.0,31.58,3.33
Aynsley Pears,eng ENG,GK,Blackburn,26,1998,40,40,3600,1.08,3.82,2.72,0.32,0.1,0.08,0.02,0.0,1.14,4.35,14.85,26.78,3.18,4.82,15.0,0.5,0.38,0.02,0.06,71.2,29.29,3.33
Balázs Tóth,hu HUN,GK,Blackburn,26,1997,6,6,540,0.83,3.5,2.67,0.33,0.0,0.0,0.0,0.0,1.23,3.0,18.0,24.5,3.17,7.83,15.83,1.0,0.83,0.0,0.4,76.29,16.67,6.32
Ben Killip,eng ENG,GK,Portsmouth,28,1995,2,2,180,1.0,4.5,3.5,0.0,0.0,0.0,0.0,0.0,1.25,10.0,26.0,38.0,4.0,7.0,15.0,0.0,0.5,0.0,0.25,77.78,38.46,0.0
Ben Wilson,eng ENG,GK,Coventry City,31,1992,4,4,360,1.25,5.5,4.25,0.5,0.0,0.0,0.0,0.0,1.2,4.0,18.0,29.5,4.25,4.5,11.75,0.75,2.5,0.0,-0.05,77.27,22.22,6.38
Benjamin Lundt,de GER,GK,St. Louis,29-298,1995,9,9,810,1.56,5.11,3.44,0.22,0.22,0.11,0.11,0.0,1.57,5.56,12.67,23.33,4.78,9.0,14.0,0.67,0.67,0.11,0.01,67.32,43.88,4.79
Benny Díaz,mx MEX,GK,FC Juárez,25,1998,11,11,990,2.36,5.73,3.36,0.18,0.45,0.45,0.0,0.0,1.99,4.27,12.82,27.18,5.0,9.36,15.82,0.73,1.73,0.0,-0.37,58.64,33.31,4.61
Blake Gillingham,us USA,GK,Houston Dynamo,22-281,2002,4,3,294,1.22,4.59,3.37,0.61,0.0,0.0,0.0,0.0,1.87,2.45,11.94,25.41,5.51,5.2,13.47,0.61,1.22,0.0,0.64,73.42,20.52,4.53
Boris Radunović,rs SRB,GK,Bari,28,1996,37,37,3311,1.01,4.49,3.48,0.33,0.16,0.14,0.0,0.03,1.15,3.7,9.43,20.88,5.3,6.47,15.11,0.92,0.63,0.03,0.14,77.51,39.24,6.09
Brad Guzan,us USA,GK,Atlanta Utd,40-313,1984,21,21,1890,1.86,5.62,3.76,0.1,0.24,0.24,0.0,0.0,1.75,4.52,10.86,25.62,4.71,7.19,11.29,0.29,1.24,0.0,-0.1,66.9,41.62,2.57
Brad Stuver,us USA,GK,Austin,34-094,1991,22,22,1980,1.09,4.5,3.45,0.36,0.09,0.05,0.05,0.0,1.21,5.73,16.05,30.27,4.41,7.41,15.0,1.05,0.91,0.05,0.12,76.67,35.7,7.0
Bradley Collins,eng ENG,GK,Coventry City,27,1997,15,14,1313,1.58,3.63,2.06,0.21,0.0,0.0,0.0,0.0,1.17,5.35,15.08,28.45,3.08,6.17,12.13,0.34,1.51,0.0,-0.41,56.75,35.48,2.8
Brayan Cortés,cl CHI,GK,cl Colo-Colo,30-130,1995,5,5,450,3.0,6.4,3.4,0.0,0.0,0.0,0.0,0.0,1.86,3.0,11.6,14.4,2.6,6.4,11.2,1.0,0.4,0.0,-1.14,53.12,25.86,8.93
Brenno,br BRA,GK,Fortaleza,26-109,1999,1,1,90,1.0,3.0,2.0,0.0,0.0,0.0,0.0,0.0,2.0,3.0,9.0,21.0,5.0,10.0,8.0,0.0,0.0,0.0,1.0,66.67,33.33,0.0
Brian Araújo,fr FRA,GK,Gil Vicente FC,24,2000,1,1,90,1.0,3.0,2.0,0.0,0.0,0.0,0.0,0.0,1.0,5.0,9.0,28.0,3.0,3.0,14.0,0.0,2.0,0.0,0.0,66.67,55.56,0.0
Bruno Brigido,br BRA,GK,Estrela,33,1991,18,18,1575,1.71,4.74,3.09,0.06,0.11,0.11,0.0,0.0,1.56,3.77,13.89,24.29,5.14,7.54,14.69,0.51,0.86,0.0,-0.15,65.19,27.14,3.47
Bruno Ferreira,br BRA,GK,Ceará,31-125,1994,6,6,513,0.88,2.63,1.75,0.35,0.0,0.0,0.0,0.0,0.98,5.79,20.0,20.18,2.28,9.47,17.02,0.7,0.7,0.0,0.11,66.54,28.95,4.11
Bruno Varela,cv CPV,GK,Vitória,29,1994,34,34,3060,1.09,2.94,1.85,0.38,0.21,0.15,0.0,0.06,0.97,3.38,9.15,25.74,3.53,6.91,11.44,0.62,1.03,0.06,-0.12,62.93,36.94,5.42
C.J. dos Santos,us USA,GK,San Diego FC,24-329,2000,21,21,1890,1.38,4.29,2.9,0.33,0.24,0.19,0.05,0.0,1.33,1.29,3.1,28.1,4.33,4.05,8.95,0.57,1.52,0.05,-0.05,67.6,41.61,6.37
Caio Secco,br BRA,GK,Moreirense,33,1990,5,5,447,1.61,4.63,3.02,0.0,0.4,0.4,0.0,0.0,1.49,2.42,13.29,22.75,4.23,8.05,18.52,1.01,2.21,0.0,-0.12,65.23,18.21,5.45
Camilo Vargas,co COL,GK,Atlas,35,1989,31,31,2790,1.68,4.87,3.19,0.23,0.13,0.1,0.03,0.0,1.36,4.06,13.03,27.94,4.42,8.03,13.84,0.35,1.03,0.03,-0.31,65.5,31.16,2.53
Carl Rushworth,eng ENG,GK,Hull City,23,2001,2,2,180,1.0,2.0,1.0,0.5,0.0,0.0,0.0,0.0,0.8,3.5,10.5,29.5,4.5,2.0,15.5,0.5,1.0,0.0,-0.2,50.0,33.33,3.23
Carlos Acevedo,mx MEX,GK,Santos,28,1996,33,33,2970,1.97,5.67,3.79,0.09,0.09,0.06,0.03,0.0,1.68,4.97,13.0,24.94,4.58,9.36,15.82,0.48,0.85,0.03,-0.29,66.84,38.23,3.03
Carlos Coronel,py PAR,GK,NY Red Bulls,28-202,1996,22,22,1980,1.32,4.59,3.36,0.32,0.05,0.05,0.0,0.0,1.45,2.95,12.41,26.18,4.73,5.27,12.41,0.77,2.05,0.0,0.13,73.2,23.77,6.2
Carlos Felipe Rodríguez,mx MEX,GK,UANL,35,1989,3,3,270,0.33,3.33,3.0,0.67,0.0,0.0,0.0,0.0,0.53,2.0,7.67,18.67,4.0,6.33,13.67,0.33,0.33,0.0,0.2,90.09,26.08,2.41
Carlos Lampe,bo BOL,GK,bo Bolívar,38-124,1987,1,1,90,0.0,3.0,3.0,1.0,0.0,0.0,0.0,0.0,0.6,1.0,2.0,48.0,8.0,5.0,5.0,0.0,3.0,0.0,0.6,100.0,50.0,0.0
Carlos Moreno,mx MEX,GK,Pachuca,26,1998,32,32,2880,1.5,4.44,2.91,0.19,0.16,0.12,0.03,0.0,1.2,5.62,11.66,20.19,5.53,8.62,12.66,0.84,1.31,0.03,-0.3,65.54,48.2,6.64
Caíque França,br BRA,GK,Sport Recife,30-046,1995,11,11,990,1.64,4.45,2.91,0.18,0.36,0.27,0.0,0.09,1.43,3.18,8.27,17.82,4.18,8.18,12.82,0.82,0.91,0.09,-0.21,65.39,38.45,6.4
Cesar López,mx MEX,GK,Atlético,24,2000,5,4,436,1.44,4.54,3.1,0.41,0.0,0.0,0.0,0.0,1.11,3.51,13.21,31.38,4.33,9.5,12.59,0.21,2.89,0.0,-0.33,68.28,26.57,1.67
Cezary Miszta,pl POL,GK,Rio Ave,22,2001,26,26,2325,1.63,4.88,3.45,0.12,0.12,0.12,0.0,0.0,1.58,4.06,13.51,26.94,4.8,8.71,15.72,0.74,0.93,0.0,-0.05,70.7,30.05,4.71
Chris Brady,us USA,GK,Chicago Fire,21-138,2004,16,16,1385,2.01,5.26,3.25,0.06,0.39,0.26,0.06,0.06,1.98,1.69,6.24,26.45,4.74,4.94,13.0,0.65,0.97,0.13,-0.03,61.79,27.08,5.0
Cleiton Schwengber,br BRA,GK,RB Bragantino,27-334,1997,12,12,1080,1.08,4.0,3.0,0.42,0.0,0.0,0.0,0.0,1.08,3.17,8.0,23.0,5.08,7.0,17.67,0.75,0.58,0.0,0.0,75.0,39.62,4.24
Cláudio Ramos,pt POR,GK,Porto,32,1991,2,2,180,1.5,4.0,2.5,0.0,0.5,0.5,0.0,0.0,1.65,2.0,5.0,22.0,3.0,3.5,7.0,1.0,1.0,0.0,0.15,62.5,40.0,14.29
Colin Coosemans,be BEL,GK,Anderlecht,31,1992,28,28,2520,0.89,4.57,3.61,0.5,0.07,0.0,0.07,0.0,1.39,5.75,14.14,43.82,3.75,3.32,13.68,0.75,1.25,0.07,0.5,78.99,40.66,5.48
Conor Hazard,nir NIR,GK,Plymouth Argyle,26,1998,25,25,2250,1.56,4.88,3.4,0.08,0.04,0.04,0.0,0.0,1.82,6.72,24.6,27.32,3.72,9.48,18.64,0.84,0.64,0.0,0.26,69.67,27.32,4.51
Cássio,br BRA,GK,Cruzeiro,38-043,1987,14,14,1260,0.64,4.07,3.36,0.5,0.07,0.0,0.07,0.0,0.95,3.0,8.07,13.0,2.5,7.57,16.64,0.36,0.64,0.07,0.31,82.56,37.17,2.16
César,br BRA,GK,Boavista,32,1992,16,16,1440,1.88,4.94,3.19,0.12,0.19,0.19,0.0,0.0,1.79,4.69,13.69,15.69,3.75,7.81,13.31,1.12,0.62,0.0,-0.09,64.57,34.26,8.41
Daniel,br BRA,GK,SJ Earthquakes,31-074,1994,19,19,1595,1.52,5.42,3.89,0.11,0.06,0.06,0.0,0.0,1.77,3.84,11.29,25.62,4.4,5.7,12.81,0.73,1.97,0.0,0.24,71.77,34.01,5.7
Daniel Azevedo,pt POR,GK,Casa Pia,26,1998,1,1,90,2.0,4.0,2.0,0.0,0.0,0.0,0.0,0.0,2.1,1.0,10.0,19.0,1.0,9.0,20.0,1.0,1.0,0.0,0.1,50.0,10.0,5.0
Daniel Bachmann,at AUT,GK,Watford,30,1994,22,22,1902,1.32,4.12,2.79,0.24,0.05,0.0,0.05,0.0,1.28,4.21,14.01,25.98,4.73,6.58,14.91,0.43,0.71,0.05,-0.04,67.72,30.05,2.88
Daniel Bielica,pl POL,GK,NAC Breda,25,1999,32,32,2880,1.62,5.09,3.5,0.16,0.19,0.19,0.0,0.0,1.63,5.69,12.69,27.31,4.53,8.22,16.03,0.72,0.81,0.0,0.01,68.76,44.84,4.49
Daniel Figueira,pt POR,GK,Estoril,26,1998,1,1,90,4.0,7.0,3.0,0.0,1.0,1.0,0.0,0.0,2.4,2.0,6.0,19.0,6.0,5.0,16.0,1.0,0.0,0.0,-1.6,42.86,33.33,6.25
Daniel Grimshaw,eng ENG,GK,Plymouth Argyle,26,1998,21,21,1890,2.33,5.9,3.57,0.05,0.14,0.14,0.0,0.0,2.26,4.48,21.14,43.38,4.48,7.38,15.19,0.29,1.24,0.0,-0.07,60.51,21.19,1.91
Daniel Schmidt,jp JPN,GK,Gent,32,1992,1,1,90,0.0,5.0,5.0,1.0,0.0,0.0,0.0,0.0,2.1,2.0,11.0,37.0,5.0,2.0,7.0,1.0,0.0,0.0,2.1,100.0,18.18,14.29
David Bingham,us USA,GK,Charlotte,35-273,1989,2,2,180,1.0,5.5,4.5,0.5,0.0,0.0,0.0,0.0,1.2,1.5,9.0,24.0,4.0,7.0,18.5,2.0,0.5,0.0,0.2,81.82,16.67,10.81
David Cornell,wls WAL,GK,Preston,33,1991,10,9,811,1.78,4.0,2.22,0.11,0.33,0.33,0.0,0.0,1.48,6.44,17.87,28.96,4.77,8.32,13.87,0.89,1.11,0.0,-0.3,55.5,36.04,6.42
David Ochoa,us USA,GK,LAFC,24-184,2001,1,1,90,1.0,1.0,0.0,0.0,0.0,0.0,0.0,0.0,0.9,0.0,1.0,18.0,7.0,5.0,13.0,0.0,0.0,0.0,-0.1,0.0,0.0,0.0
David Ospina,co COL,GK,co Nacional,36-322,1988,5,5,450,1.2,4.4,3.2,0.2,0.6,0.6,0.0,0.0,1.34,5.0,11.2,35.8,5.2,2.6,12.6,0.6,0.6,0.0,0.14,72.73,44.64,4.76
Davor Matijas,hr CRO,GK,Beerschot,24,1999,10,9,852,2.32,4.75,2.32,0.21,0.74,0.63,0.11,0.0,2.13,2.64,9.82,31.37,3.91,4.54,13.2,0.42,1.58,0.11,-0.19,48.84,26.88,3.18
Davy Roef,be BEL,GK,Gent,30,1994,26,26,2340,1.15,5.5,4.38,0.42,0.04,0.04,0.0,0.0,1.76,4.0,10.19,26.62,6.38,8.27,16.58,1.12,0.54,0.0,0.6,79.64,39.25,6.76
Dayne St. Clair,ca CAN,GK,Minnesota Utd,28-071,1997,19,19,1710,0.89,3.63,2.84,0.42,0.11,0.05,0.0,0.05,0.99,5.42,18.16,27.63,2.95,6.0,18.21,0.63,0.37,0.05,0.09,78.24,29.85,3.46
Demba Thiam,sn SEN,GK,Juve Stabia,26,1998,38,38,3420,1.08,3.89,2.79,0.32,0.18,0.13,0.03,0.03,1.23,5.74,19.03,32.68,3.76,5.13,15.03,1.66,0.71,0.05,0.15,71.72,30.16,11.04
Diant Ramaj,de GER,GK,Ajax,22,2001,1,1,90,0.0,2.0,2.0,1.0,0.0,0.0,0.0,0.0,0.2,1.0,10.0,47.0,3.0,5.0,5.0,0.0,1.0,0.0,0.2,100.0,10.0,0.0
Diego Enriquez,pe PER,GK,pe Sporting Cristal,23-176,2002,6,6,540,2.67,7.17,4.5,0.0,0.33,0.33,0.0,0.0,2.15,3.17,9.33,21.83,3.0,8.0,14.17,0.67,1.0,0.0,-0.52,62.76,33.98,4.73
Diego Matías Rodríguez,ar ARG,GK,Arg Juniors,36-024,1989,17,17,1530,0.53,2.82,2.35,0.59,0.0,0.0,0.0,0.0,0.62,5.88,12.76,26.41,2.0,5.41,10.71,0.29,0.12,0.0,0.09,83.33,46.08,2.71
Diogo Costa,pt POR,GK,Porto,24,1999,32,32,2880,0.84,2.66,1.78,0.5,0.22,0.16,0.06,0.0,0.91,4.12,9.53,33.5,4.34,4.56,9.69,0.59,1.59,0.06,0.07,66.92,43.23,6.09
Drake Callender,us USA,GK,Inter Miami,27-285,1997,3,2,185,2.43,6.32,3.89,0.0,0.0,0.0,0.0,0.0,2.29,4.86,8.27,27.73,4.86,4.38,7.3,0.0,1.46,0.0,-0.15,61.55,58.77,0.0
Earl Edwards Jr.,us USA,GK,SJ Earthquakes,33-176,1992,6,4,475,2.27,4.36,2.08,0.38,0.19,0.19,0.0,0.0,1.65,4.17,12.13,22.74,5.68,5.31,11.37,0.19,1.14,0.0,-0.63,47.71,34.38,1.67
Edoardo Motta,it ITA,GK,Reggiana,19,2005,2,2,180,1.5,3.5,2.0,0.0,0.0,0.0,0.0,0.0,1.3,8.0,19.0,16.0,2.5,11.0,22.5,1.0,0.0,0.0,-0.2,57.14,42.11,4.44
Eduardo García,mx MEX,GK,Guadalajara,22,2002,2,2,180,1.5,4.5,3.0,0.5,0.0,0.0,0.0,0.0,1.0,4.5,11.0,23.0,3.5,9.5,17.5,1.0,0.5,0.0,-0.5,66.67,40.91,5.71
Egil Selvik,no NOR,GK,Watford,27,1997,16,16,1440,1.19,4.44,3.25,0.38,0.0,0.0,0.0,0.0,1.52,4.94,16.31,31.56,3.75,6.25,14.56,0.81,1.0,0.0,0.34,73.2,30.29,5.56
Elhan Kastrati,al ALB,GK,Cittadella,27,1997,29,29,2565,1.4,4.18,2.88,0.28,0.18,0.14,0.04,0.0,1.36,3.16,10.81,18.35,3.65,7.89,15.4,0.74,0.6,0.04,-0.05,68.9,29.23,4.81
Emil Audero,id IDN,GK,Palermo,27,1997,14,14,1260,1.43,4.57,3.14,0.21,0.07,0.07,0.0,0.0,1.55,6.14,17.36,30.14,4.79,7.57,18.79,1.79,0.79,0.0,0.12,68.71,35.37,9.53
Enrique Bologna,ar ARG,GK,Defensa y Just,43-156,1982,17,17,1530,1.29,4.59,3.29,0.35,0.06,0.06,0.0,0.0,1.36,7.47,15.24,24.0,3.53,7.35,16.65,0.71,0.59,0.0,0.07,71.68,49.02,4.26
Esteban Andrada,ar ARG,GK,Monterrey,33,1991,24,24,2160,1.21,4.08,2.88,0.33,0.17,0.17,0.0,0.0,1.15,4.88,12.33,33.08,5.75,6.17,12.38,1.25,1.12,0.0,-0.05,70.59,39.58,10.1
Ethan Horvath,us USA,GK,Cardiff City,29,1995,17,17,1530,1.65,3.94,2.47,0.18,0.0,0.0,0.0,0.0,1.27,4.18,15.76,24.18,2.65,6.41,10.82,0.41,0.94,0.0,-0.38,62.69,26.52,3.79
Etienne Vaessen,sr SUR,GK,Groningen,29,1995,32,32,2880,1.56,4.38,2.84,0.22,0.19,0.16,0.03,0.0,1.58,7.5,22.41,33.53,3.22,6.12,14.0,1.28,1.28,0.03,0.01,64.84,33.47,9.14
Evan Bush,us USA,GK,Columbus Crew,39-135,1986,5,5,450,0.6,1.4,0.8,0.4,0.0,0.0,0.0,0.0,0.54,1.2,4.4,28.4,3.8,6.4,7.6,0.6,2.4,0.0,-0.06,57.14,27.27,7.89
Ezequiel Centurión,ar ARG,GK,Ind. Rivadavia,28-060,1997,17,17,1530,1.12,4.24,3.12,0.35,0.24,0.18,0.06,0.0,1.18,5.65,17.76,20.29,3.53,9.0,18.24,1.0,0.47,0.06,0.06,73.58,31.81,5.48
Ezequiel Unsain,ar ARG,GK,Necaxa,29,1995,34,34,3060,1.62,4.85,3.24,0.26,0.15,0.15,0.0,0.0,1.53,5.97,16.21,25.26,3.38,8.44,15.62,0.97,0.85,0.0,-0.09,66.8,36.83,6.21
Fabian de Keijzer,nl NED,GK,Heracles Almelo,24,2000,34,34,3060,1.85,5.44,3.71,0.18,0.18,0.18,0.0,0.0,1.71,7.76,20.88,30.88,2.44,7.35,14.94,0.35,0.68,0.0,-0.14,68.2,37.16,2.34
Facundo Cambeses,ar ARG,GK,Racing Club,28-101,1997,5,4,421,1.5,5.99,4.49,0.21,0.0,0.0,0.0,0.0,1.22,3.85,14.11,16.67,2.78,10.69,17.74,0.21,0.64,0.0,-0.28,74.96,27.29,1.18
Facundo Sanguinetti,ar ARG,GK,Banfield,24-140,2001,17,17,1530,1.12,4.24,3.0,0.29,0.29,0.18,0.12,0.0,1.29,5.53,15.71,18.82,2.88,7.47,15.76,0.53,0.65,0.12,0.17,70.75,35.2,3.36
Federico Lanzillota,ar ARG,GK,bo Bolívar,32-230,1992,3,3,270,2.33,4.0,1.67,0.33,0.0,0.0,0.0,0.0,1.7,0.33,3.0,43.67,7.33,10.0,8.33,1.0,3.33,0.0,-0.63,41.75,11.0,12.0
Felipe Zenobio,ar ARG,GK,Tigre,25-058,2000,17,17,1530,0.82,3.24,2.41,0.41,0.18,0.12,0.0,0.06,1.01,4.18,11.29,17.76,3.71,6.65,14.53,1.18,0.35,0.06,0.18,74.38,37.02,8.12
Fernando Miguel,br BRA,GK,Ceará,40-167,1985,8,7,657,0.96,4.52,3.56,0.41,0.27,0.27,0.0,0.0,1.19,5.21,15.89,23.01,3.42,8.08,20.27,1.23,1.23,0.0,0.23,78.76,32.79,6.07
Fernando Muslera,uy URU,GK,Estudiantes–LP,39-033,1986,1,1,90,1.0,8.0,7.0,0.0,0.0,0.0,0.0,0.0,2.6,4.0,7.0,14.0,5.0,12.0,15.0,1.0,0.0,0.0,1.6,87.5,57.14,6.67
Fernando Tapia,mx MEX,GK,UANL,23,2001,3,3,270,0.67,5.67,5.0,0.33,0.0,0.0,0.0,0.0,1.0,4.0,11.67,22.67,4.67,12.0,17.33,0.67,1.67,0.0,0.33,88.18,34.28,3.87
Fernando de Paul,cl CHI,GK,cl Colo-Colo,34-085,1991,1,1,90,0.0,4.0,4.0,1.0,0.0,0.0,0.0,0.0,0.2,3.0,6.0,21.0,9.0,4.0,9.0,0.0,0.0,0.0,0.2,100.0,50.0,0.0
Francesco Bardi,it ITA,GK,Reggiana,32,1992,36,36,3240,1.36,3.86,2.61,0.22,0.06,0.06,0.0,0.0,1.25,3.89,11.72,18.42,3.19,7.19,16.97,0.67,0.11,0.0,-0.11,67.62,33.19,3.95
Francesco Corriere,it ITA,GK,Salernitana,18,2006,1,0,47,1.91,1.91,0.0,0.0,0.0,0.0,0.0,0.0,1.53,17.23,32.55,32.55,1.91,9.57,17.23,0.0,0.0,0.0,-0.38,0.0,52.93,0.0
Francisco Meixedo,pt POR,GK,Estrela,23,2001,1,0,45,0.0,6.0,6.0,2.0,0.0,0.0,0.0,0.0,0.4,8.0,18.0,28.0,8.0,14.0,12.0,0.0,0.0,0.0,0.4,100.0,44.44,0.0
Franco Armani,ar ARG,GK,ar River Plate,38-276,1986,23,23,2070,0.74,2.83,2.13,0.48,0.0,0.0,0.0,0.0,0.85,3.0,7.22,16.87,4.61,6.61,9.74,0.39,1.09,0.0,0.11,75.27,41.55,4.0
Franco Israel,uy URU,GK,Sporting CP,24,2000,11,11,990,0.82,2.27,1.45,0.64,0.0,0.0,0.0,0.0,0.64,1.18,3.0,19.45,4.09,4.55,9.0,0.18,0.36,0.0,-0.18,63.88,39.33,2.0
Franco Petroli,ar ARG,GK,Godoy Cruz,27-038,1998,17,17,1530,1.12,4.0,2.88,0.41,0.12,0.06,0.06,0.0,1.15,8.35,20.24,29.71,3.82,6.0,15.82,1.59,0.94,0.06,0.03,72.0,41.25,10.05
Freddie Woodman,eng ENG,GK,Preston,27,1997,37,37,3329,1.16,3.51,2.33,0.32,0.11,0.08,0.03,0.0,1.04,6.76,17.14,33.31,5.57,6.22,14.57,0.87,1.65,0.03,-0.13,66.38,39.44,5.97
Fábio,br BRA,GK,Fluminense,44-292,1980,12,12,1080,1.17,3.58,2.42,0.25,0.0,0.0,0.0,0.0,1.05,1.67,4.92,15.17,4.25,6.25,13.33,0.83,0.42,0.0,-0.12,67.6,33.94,6.23
Gabriel,br BRA,GK,Vitória,32-295,1992,2,2,180,2.0,3.5,1.5,0.0,0.0,0.0,0.0,0.0,0.9,1.0,9.0,23.5,3.0,5.0,11.0,0.0,0.0,0.0,-1.1,42.86,11.11,0.0
Gabriel Arias,cl CHI,GK,Racing Club,37-309,1987,19,19,1646,0.71,3.17,2.41,0.49,0.11,0.05,0.05,0.0,0.78,4.1,12.36,21.54,3.12,7.87,11.59,0.49,1.42,0.05,0.07,76.03,33.17,4.23
Gabriel Batista,br BRA,GK,Santa Clara,26,1998,34,34,3060,0.94,3.35,2.38,0.32,0.18,0.12,0.03,0.03,0.86,4.82,15.24,21.71,3.47,8.32,13.32,1.15,0.79,0.06,-0.09,71.04,31.63,8.63
Gabriel Brazão,br BRA,GK,Santos,24-287,2000,13,13,1170,1.08,4.69,3.62,0.31,0.15,0.15,0.0,0.0,1.06,3.69,10.92,17.15,2.85,8.31,15.62,0.23,0.69,0.0,-0.02,77.19,33.79,1.47
Gabriel Castellón,cl CHI,GK,cl U de Chile,31-314,1993,6,6,540,1.0,3.83,2.83,0.33,0.17,0.17,0.0,0.0,1.02,3.67,9.17,17.67,3.17,6.0,13.83,0.33,1.0,0.0,0.02,73.89,40.02,2.39
Gabriel Delfim,br BRA,GK,Atlético Mineiro,23-009,2002,1,1,90,2.0,5.0,3.0,0.0,0.0,0.0,0.0,0.0,0.9,2.0,10.0,27.0,4.0,6.0,12.0,3.0,4.0,0.0,-1.1,60.0,20.0,25.0
Gastón Olveira,uy URU,GK,py Olimpia,32-089,1993,3,3,270,1.33,4.33,3.0,0.33,0.0,0.0,0.0,0.0,0.93,5.0,13.0,21.33,1.67,6.67,11.67,0.0,0.33,0.0,-0.4,69.28,38.46,0.0
Gatito Fernández,py PAR,GK,py Cerro Porteño,37-112,1988,3,3,270,1.67,5.0,3.33,0.0,0.0,0.0,0.0,0.0,1.77,4.33,10.33,18.67,3.67,9.0,13.0,0.33,1.67,0.0,0.1,66.6,41.92,2.54
Gavin Bazunu,ie IRL,GK,Standard Liège,22,2002,6,6,540,2.0,4.17,2.17,0.17,0.0,0.0,0.0,0.0,1.92,4.17,15.33,29.67,4.17,4.67,12.83,0.0,2.5,0.0,-0.08,52.04,27.2,0.0
George Evans,eng ENG,GK,Millwall,19,2005,4,4,360,2.0,4.75,2.75,0.25,0.0,0.0,0.0,0.0,1.12,9.25,22.25,20.25,2.0,7.75,17.5,1.0,1.5,0.0,-0.88,57.89,41.57,5.71
George Long,eng ENG,GK,Norwich City,30,1993,9,8,765,2.24,5.18,2.82,0.12,0.35,0.24,0.12,0.0,1.79,2.12,8.47,31.41,5.65,4.59,15.06,0.47,1.18,0.12,-0.45,54.44,25.03,3.12
Giacomo Drago,it ITA,GK,Südtirol,23,2001,5,5,450,2.0,5.2,3.2,0.0,0.2,0.2,0.0,0.0,1.74,2.8,8.6,21.2,6.6,5.6,12.8,1.0,1.6,0.0,-0.26,61.54,32.56,7.81
Giacomo Poluzzi,it ITA,GK,Südtirol,36,1988,18,18,1620,1.61,3.94,2.33,0.22,0.22,0.11,0.06,0.06,1.41,7.67,17.67,22.89,3.78,8.28,17.94,0.94,1.11,0.11,-0.2,59.14,43.41,5.24
Giacomo Satalino,it ITA,GK,Sassuolo,25,1999,10,10,900,1.0,3.9,2.9,0.4,0.0,0.0,0.0,0.0,1.14,4.6,11.8,20.6,3.6,5.2,17.1,1.0,0.2,0.0,0.14,74.36,38.98,5.85
Gil Alcalá,mx MEX,GK,UNAM,32,1992,4,4,360,0.5,1.75,1.25,0.75,0.0,0.0,0.0,0.0,0.45,4.75,10.0,32.25,7.75,4.5,10.75,0.25,1.5,0.0,-0.05,71.43,47.5,2.33
Gonzalo Valle,ec ECU,GK,ec LDU de Quito,29-141,1996,6,6,526,0.68,4.79,4.11,0.51,0.0,0.0,0.0,0.0,1.28,4.96,13.69,28.23,3.94,10.61,18.99,0.86,0.34,0.0,0.6,85.8,36.23,4.53
Guido Herrera,ar ARG,GK,ar Talleres,33-140,1992,19,19,1665,1.19,3.14,2.05,0.27,0.05,0.05,0.0,0.0,1.1,5.24,12.86,26.65,3.08,4.86,12.38,0.76,0.54,0.0,-0.09,65.29,40.75,6.14
Guido Villar,ar ARG,GK,ec Independiente,27-154,1998,6,6,540,1.83,4.83,3.0,0.17,0.33,0.17,0.17,0.0,1.47,3.17,7.67,18.33,3.0,6.5,14.17,0.33,0.83,0.17,-0.37,62.11,41.33,2.33
Guillaume Dietsch,fr FRA,GK,Dender,23,2001,1,0,49,1.84,3.67,1.84,0.0,0.0,0.0,0.0,0.0,1.47,0.0,1.84,9.18,3.67,0.0,3.67,0.0,0.0,0.0,-0.37,50.14,0.0,0.0
Guillermo Allison,mx MEX,GK,Querétaro,33,1990,25,25,2250,1.68,5.24,3.48,0.2,0.28,0.2,0.08,0.0,1.59,5.8,16.92,19.08,3.36,10.52,16.56,0.92,1.04,0.08,-0.09,66.41,34.28,5.56
Guillermo Ochoa,mx MEX,GK,AVS Futebol,39,1985,23,23,2070,1.96,5.13,3.22,0.26,0.04,0.04,0.0,0.0,1.71,5.57,12.74,21.13,3.91,9.52,16.43,0.35,0.7,0.0,-0.24,62.77,43.72,2.13
Guillermo Vizcarra,bo BOL,GK,pe Alianza Lima,32-162,1993,6,6,540,1.83,4.83,3.0,0.0,0.33,0.33,0.0,0.0,1.13,6.0,14.5,19.67,5.5,9.17,14.67,0.83,0.5,0.0,-0.7,62.11,41.38,5.66
Guillermo de Amores,uy URU,GK,uy Peñarol,30-273,1994,3,3,270,0.67,3.33,2.67,0.67,0.0,0.0,0.0,0.0,0.6,3.67,13.33,23.0,6.33,6.67,9.67,0.33,0.0,0.0,-0.07,80.18,27.53,3.41
Gustavo,br BRA,GK,Juventude,32-131,1993,7,7,585,2.15,5.85,3.54,0.15,0.31,0.15,0.15,0.0,1.78,2.92,8.77,24.31,4.92,6.15,13.85,0.77,0.15,0.15,-0.37,60.51,33.3,5.56
Harlen Castillo,co COL,GK,co Nacional,31-336,1993,1,1,90,0.0,2.0,2.0,1.0,0.0,0.0,0.0,0.0,0.1,4.0,13.0,32.0,2.0,0.0,8.0,0.0,0.0,0.0,0.1,100.0,30.77,0.0
Hendrik Van Crombrugge,be BEL,GK,Genk,31,1993,19,19,1710,1.26,3.74,2.47,0.42,0.05,0.0,0.0,0.05,1.22,5.42,12.47,35.42,3.32,4.21,13.32,0.32,0.47,0.05,-0.04,66.04,43.46,2.4
Hernán Galíndez,ec ECU,GK,Huracán,38-111,1987,16,16,1440,0.75,2.75,2.0,0.5,0.19,0.12,0.06,0.0,0.93,4.44,13.56,21.56,2.69,6.81,14.12,0.81,0.38,0.06,0.18,72.73,32.74,5.74
Hidde Jurjus,nl NED,GK,Groningen,30,1994,2,2,180,1.5,3.5,2.0,0.0,0.0,0.0,0.0,0.0,1.1,7.0,19.5,36.5,2.0,6.5,9.0,0.0,3.5,0.0,-0.4,57.14,35.9,0.0
Horaţiu Moldovan,ro ROU,GK,Sassuolo,26,1998,27,27,2430,1.0,3.93,2.96,0.41,0.04,0.04,0.0,0.0,1.03,3.59,11.33,21.63,3.78,5.81,14.59,1.07,0.3,0.0,0.03,75.32,31.69,7.33
Hugo González Durán,mx MEX,GK,Mazatlán,33,1990,34,34,3015,1.34,4.42,3.1,0.27,0.24,0.18,0.0,0.06,1.27,5.58,13.91,24.66,4.63,8.57,14.27,0.81,0.9,0.06,-0.07,70.14,40.12,5.68
Hugo Lloris,fr FRA,GK,LAFC,38-205,1986,18,18,1620,1.0,3.06,2.11,0.44,0.11,0.11,0.0,0.0,0.93,4.89,11.11,22.67,3.5,5.22,11.83,0.44,1.17,0.0,-0.07,68.95,44.01,3.72
Hugo Souza,br BRA,GK,Corinthians,26-169,1999,9,9,810,1.22,3.56,2.33,0.44,0.22,0.22,0.0,0.0,1.31,3.44,7.33,19.44,3.67,6.67,10.78,0.22,0.22,0.0,0.09,65.45,46.93,2.04
Héctor Holguín,mx MEX,GK,Santos,23,2001,1,1,90,1.0,5.0,4.0,0.0,1.0,1.0,0.0,0.0,1.6,2.0,7.0,36.0,5.0,10.0,22.0,0.0,0.0,0.0,0.6,80.0,28.57,0.0
Ignacio Arce,ar ARG,GK,Deportivo Riestra,33-102,1992,17,17,1530,0.41,3.41,3.12,0.76,0.12,0.12,0.0,0.0,0.85,11.0,27.94,24.71,0.76,9.06,22.47,2.12,1.53,0.0,0.44,91.5,39.37,9.43
Ignacio De Arruabarrena,uy URU,GK,ec Barcelona,28-184,1997,2,1,144,1.88,5.62,3.75,0.0,0.0,0.0,0.0,0.0,1.31,3.12,8.75,14.38,3.12,12.5,11.88,0.62,1.88,0.0,-0.56,66.73,35.66,5.22
Illan Meslier,fr FRA,GK,Leeds United,24,2000,39,39,3510,0.69,2.26,1.62,0.54,0.1,0.08,0.03,0.0,0.61,1.85,7.79,30.79,4.46,3.05,8.92,0.82,0.9,0.03,-0.09,71.68,23.75,9.19
Ivan Zlobin,ru RUS,GK,Famalicão,27,1997,15,15,1350,1.2,4.2,3.0,0.33,0.07,0.07,0.0,0.0,1.53,3.2,10.53,23.53,4.07,6.13,14.13,1.07,0.47,0.0,0.33,71.43,30.39,7.57
Ivor Pandur,hr CRO,GK,Hull City,24,2000,44,44,3960,1.18,3.82,2.66,0.14,0.14,0.09,0.02,0.02,1.18,2.82,10.2,39.68,4.2,6.32,15.59,0.84,1.43,0.05,-0.0,69.63,27.65,5.39
Jacob Widell Zetterström,se SWE,GK,Derby County,26,1998,40,40,3600,1.25,3.75,2.48,0.22,0.08,0.02,0.05,0.0,1.25,5.5,19.35,24.68,4.3,6.32,13.75,1.1,0.75,0.05,0.0,66.13,28.42,8.0
Jacopo Sassi,it ITA,GK,Modena,21,2003,1,1,90,3.0,5.0,3.0,0.0,0.0,0.0,0.0,0.0,1.1,6.0,14.0,28.0,4.0,8.0,16.0,0.0,2.0,0.0,-1.9,60.0,42.86,0.0
Jak Alnwick,eng ENG,GK,Cardiff City,31,1993,29,29,2610,1.55,4.34,2.79,0.17,0.14,0.1,0.03,0.0,1.5,4.55,15.17,24.76,3.14,6.28,13.24,0.52,1.45,0.03,-0.05,64.29,29.99,3.93
James Beadle,eng ENG,GK,Sheffield Weds,20,2004,38,38,3420,1.55,3.68,2.11,0.24,0.13,0.11,0.03,0.0,1.43,4.66,14.76,30.34,3.21,5.39,12.92,0.61,0.92,0.03,-0.12,57.34,31.57,4.72
James Pantemis,ca CAN,GK,Portland Timbers,28-148,1997,12,12,1080,1.33,5.33,3.83,0.25,0.42,0.17,0.25,0.0,1.45,5.0,11.58,31.67,4.08,7.42,15.58,0.58,1.25,0.25,0.12,71.86,43.18,3.72
James Shea,eng ENG,GK,Luton Town,33,1991,2,1,147,0.61,3.06,2.45,0.61,0.0,0.0,0.0,0.0,1.22,7.35,26.33,37.35,3.67,9.18,12.86,2.45,2.45,0.0,0.61,80.07,27.91,19.05
James Trafford,eng ENG,GK,Burnley,21,2002,45,45,4050,0.36,2.29,1.89,0.64,0.04,0.0,0.04,0.0,0.62,3.29,12.76,33.16,4.31,5.47,11.71,0.67,1.11,0.04,0.26,82.53,25.78,5.72
Jamie Cumming,eng ENG,GK,Oxford United,24,1999,45,45,4050,1.38,4.47,3.09,0.29,0.09,0.04,0.04,0.0,1.59,6.2,19.36,33.33,4.22,7.24,17.58,0.84,1.13,0.04,0.21,69.13,32.02,4.78
Jari De Busser,be BEL,GK,Go Ahead Eag,24,1999,16,16,1440,1.44,5.5,4.12,0.31,0.06,0.06,0.0,0.0,1.31,4.25,14.62,41.38,5.19,5.31,19.44,0.94,1.19,0.0,-0.12,74.91,29.07,4.84
Jasper Schendelaar,nl NED,GK,Zwolle,23,2000,30,30,2700,1.5,4.8,3.33,0.2,0.17,0.1,0.0,0.07,1.65,5.07,17.53,33.03,5.33,6.2,15.67,1.27,0.77,0.07,0.15,69.38,28.92,8.1
Javier Burrai,ec ECU,GK,ar Talleres,34-283,1990,5,4,405,0.67,3.11,2.22,0.67,0.22,0.0,0.22,0.0,0.73,4.89,10.22,24.89,5.78,7.78,16.22,1.11,0.89,0.22,0.07,71.38,47.85,6.84
Javier Otero,ve VEN,GK,Orlando City,22-243,2002,2,2,180,1.0,3.5,2.5,0.0,0.5,0.5,0.0,0.0,1.3,2.5,4.5,16.0,5.0,5.5,19.5,2.0,0.5,0.0,0.3,71.43,55.56,10.26
Jayden Hibbert,jm JAM,GK,Atlanta Utd,20-348,2004,1,1,90,1.0,5.0,4.0,0.0,0.0,0.0,0.0,0.0,0.8,0.0,7.0,43.0,4.0,5.0,11.0,1.0,2.0,0.0,-0.2,80.0,0.0,9.09
Jeffrey Gal,us USA,GK,Chicago Fire,32-104,1993,7,6,591,1.37,2.89,1.68,0.15,0.15,0.15,0.0,0.0,0.94,2.89,7.92,22.69,4.11,6.24,11.12,1.07,0.46,0.0,-0.43,58.13,36.49,9.62
Jeroen Houwen,nl NED,GK,RKC Waalwijk,28,1996,24,24,2160,2.0,5.54,3.62,0.17,0.08,0.08,0.0,0.0,1.89,7.42,18.04,30.62,3.96,7.96,15.83,0.71,0.88,0.0,-0.11,65.34,41.13,4.49
Jeroen Zoet,nl NED,GK,AZ Alkmaar,33,1991,6,6,540,0.5,2.0,1.67,0.5,0.0,0.0,0.0,0.0,0.25,6.17,19.5,30.0,2.0,7.5,10.83,0.67,0.67,0.0,-0.25,83.5,31.64,6.19
Jesús Camargo,ve VEN,GK,ve Dep Táchira,27-219,1997,6,6,540,1.83,6.17,4.33,0.0,0.0,0.0,0.0,0.0,1.85,3.67,10.83,22.67,5.0,9.17,18.0,0.67,2.5,0.0,0.02,70.18,33.89,3.72
Jesús Rodríguez,mx MEX,GK,Puebla,31,1993,4,4,360,2.0,5.0,3.0,0.25,0.0,0.0,0.0,0.0,2.0,5.25,10.25,30.75,4.5,9.5,12.0,1.0,1.0,0.0,0.0,60.0,51.22,8.33
Jhonatan,br BRA,GK,Rio Ave,33,1991,8,8,720,1.62,5.38,3.75,0.25,0.0,0.0,0.0,0.0,1.54,3.75,12.75,28.88,5.0,9.75,15.75,0.38,0.62,0.0,-0.09,69.7,29.41,2.41
Jimmy Maurer,us USA,GK,Houston Dynamo,36-278,1988,2,1,120,0.75,3.75,3.0,0.0,0.0,0.0,0.0,0.0,0.6,4.5,15.0,27.0,3.0,4.5,12.0,0.75,0.75,0.0,-0.15,80.0,30.0,6.25
Jo Coppens,be BEL,GK,Sint-Truiden,33,1990,3,3,270,3.67,6.0,2.33,0.0,0.33,0.33,0.0,0.0,3.0,4.0,15.67,32.0,3.0,3.33,16.67,0.33,0.0,0.0,-0.67,38.83,25.53,1.98
Joe Walsh,eng ENG,GK,QPR,22,2002,1,1,90,0.0,4.0,4.0,1.0,0.0,0.0,0.0,0.0,1.7,7.0,24.0,37.0,2.0,5.0,30.0,1.0,0.0,0.0,1.7,100.0,29.17,3.33
Joe Wildsmith,eng ENG,GK,West Brom,28,1995,10,10,900,0.9,2.8,1.9,0.2,0.0,0.0,0.0,0.0,0.9,5.4,17.5,30.3,4.5,6.5,11.8,0.7,0.7,0.0,0.0,67.86,30.86,5.93
Joe Willis,us USA,GK,Nashville SC,36-343,1988,23,23,2070,1.09,3.83,2.74,0.35,0.13,0.09,0.04,0.0,1.17,3.26,8.91,28.35,5.48,5.17,12.39,1.09,0.52,0.04,0.08,71.54,36.59,8.8
Joel Drommel,nl NED,GK,PSV Eindhoven,27,1996,1,0,45,0.0,0.0,0.0,0.0,0.0,0.0,0.0,0.0,0.0,10.0,22.0,42.0,2.0,10.0,12.0,0.0,0.0,0.0,0.0,,45.45,0.0
Joel Robles,es ESP,GK,Estoril,34,1990,29,29,2610,1.59,4.55,2.93,0.17,0.21,0.17,0.03,0.0,1.72,5.48,17.69,22.72,3.83,7.66,13.97,0.59,1.48,0.03,0.14,64.4,30.98,4.22
Joey Kesting,nl NED,GK,RKC Waalwijk,23,2001,3,3,270,1.67,4.33,2.67,0.0,1.0,1.0,0.0,0.0,1.7,8.33,17.67,28.67,2.33,5.67,17.0,0.0,0.67,0.0,0.03,61.66,47.14,0.0
John,br BRA,GK,Botafogo (RJ),29-156,1996,19,19,1710,0.63,3.26,2.58,0.53,0.05,0.05,0.0,0.0,0.83,4.32,10.32,28.84,3.47,5.42,14.42,0.74,0.84,0.0,0.2,79.14,41.86,5.13
John McCarthy,us USA,GK,LA Galaxy,33-015,1992,11,11,990,2.36,5.09,2.82,0.0,0.36,0.27,0.09,0.0,1.82,2.45,11.18,22.27,4.18,4.91,12.27,0.73,0.82,0.09,-0.55,55.4,21.91,5.95
John Pulskamp,us USA,GK,Sporting KC,24-091,2001,22,22,1980,1.86,5.32,3.55,0.14,0.32,0.27,0.0,0.05,1.77,4.36,16.68,21.86,3.55,8.45,13.23,0.64,0.77,0.05,-0.09,66.73,26.14,4.84
Jonas Wendlinger,at AUT,GK,Almere City,24,2000,1,0,10,0.0,0.0,0.0,0.0,0.0,0.0,0.0,0.0,0.0,9.0,45.0,36.0,0.0,9.0,9.0,9.0,0.0,0.0,0.0,,20.0,100.0
Jonathan Bond,eng ENG,GK,Houston Dynamo,32-061,1993,24,23,2148,1.68,4.48,2.77,0.25,0.08,0.04,0.04,0.0,1.57,3.56,9.59,25.43,4.15,5.24,12.4,0.42,1.55,0.04,-0.1,61.83,37.12,3.39
Jonathan Klinsmann,us USA,GK,Cesena,27,1997,27,27,2430,1.11,3.48,2.37,0.26,0.11,0.04,0.07,0.0,1.12,1.59,9.74,20.48,5.11,6.59,12.78,0.78,0.7,0.07,0.01,68.1,16.32,6.1
Jonathan Sirois,ca CAN,GK,CF Montréal,24-022,2001,20,20,1800,1.7,5.1,3.4,0.2,0.0,0.0,0.0,0.0,1.52,3.7,10.1,35.5,4.25,4.0,9.25,0.7,1.1,0.0,-0.18,66.67,36.63,7.57
Jordan Archer,sct SCO,GK,Portsmouth,31,1993,2,1,150,1.2,6.6,5.4,0.0,0.0,0.0,0.0,0.0,1.74,4.2,15.6,30.0,3.0,4.2,19.2,0.0,1.8,0.0,0.54,81.82,26.92,0.0
Jorge Broun,ar ARG,GK,Rosario Central,39-054,1986,15,15,1350,0.6,3.2,2.67,0.47,0.0,0.0,0.0,0.0,0.65,5.6,11.73,17.93,4.4,9.67,17.13,0.47,0.07,0.0,0.05,83.44,47.74,2.74
Jorge Carranza,ar ARG,GK,Aldosivi,44-073,1981,13,13,1170,1.54,4.31,2.77,0.23,0.23,0.23,0.0,0.0,1.09,5.23,12.08,19.46,4.31,6.31,16.23,0.77,0.62,0.0,-0.45,64.27,43.29,4.74
Jorge Hernández,mx MEX,GK,Querétaro,25,1998,9,9,810,1.44,4.56,3.11,0.22,0.22,0.11,0.0,0.11,1.42,3.44,13.89,15.22,2.33,9.44,21.11,0.44,0.0,0.11,-0.02,68.2,24.77,2.08
Josh Vickers,eng ENG,GK,Derby County,28,1995,6,6,540,1.0,2.83,1.83,0.5,0.0,0.0,0.0,0.0,1.12,6.33,21.17,20.33,2.67,9.17,15.33,1.5,0.5,0.0,0.12,64.66,29.9,9.78
Joshua Griffiths,eng ENG,GK,West Brom,22,2001,6,6,540,1.83,4.33,2.5,0.17,0.0,0.0,0.0,0.0,1.47,3.83,12.33,28.5,4.83,4.33,17.17,0.33,1.0,0.0,-0.37,57.74,31.06,1.92
Josue Reinatti,ar ARG,GK,Newell's OB,22-047,2003,2,2,180,2.0,7.0,5.0,0.0,0.5,0.5,0.0,0.0,2.3,3.5,5.5,27.5,10.0,3.0,16.5,1.5,0.5,0.0,0.3,71.43,63.64,9.09
José Antonio Rodríguez,mx MEX,GK,Tijuana,32,1992,21,21,1880,1.72,5.41,3.78,0.14,0.14,0.14,0.0,0.0,1.62,5.65,14.27,41.65,4.16,5.84,13.16,0.77,1.1,0.0,-0.1,69.87,39.59,5.85
José Contreras Verna,ve VEN,GK,ec Barcelona,30-272,1994,5,5,396,0.91,4.77,3.64,0.45,0.23,0.0,0.23,0.0,1.34,3.64,14.32,17.5,3.41,10.0,14.09,1.59,0.0,0.23,0.43,76.31,25.42,11.28
José Corona,mx MEX,GK,Tijuana,43,1981,11,10,910,1.78,5.24,3.36,0.1,0.3,0.2,0.1,0.0,1.98,2.67,6.92,33.43,4.15,4.35,10.78,0.2,0.79,0.1,0.2,64.12,38.58,1.86
José Eulogio,mx MEX,GK,Pachuca,20,2004,2,2,180,2.0,4.0,2.0,0.0,0.0,0.0,0.0,0.0,1.25,4.0,8.0,13.5,3.5,8.0,7.5,0.0,0.0,0.0,-0.75,50.0,50.0,0.0
José Rangel Aguilar,mx MEX,GK,Guadalajara,24,2000,32,32,2879,1.0,3.78,2.72,0.34,0.09,0.03,0.06,0.0,1.01,4.6,12.22,28.73,4.69,6.72,11.97,1.0,1.13,0.06,0.01,71.96,37.64,8.35
José Santiago Hernández,mx MEX,GK,Atlas,27,1997,3,3,270,1.0,2.0,1.0,0.33,0.33,0.33,0.0,0.0,0.83,3.33,9.0,22.0,3.0,4.67,8.0,0.33,0.67,0.0,-0.17,50.0,37.0,4.12
João Gonçalves,pt POR,GK,Boavista,23,2000,4,4,360,0.5,2.0,1.5,0.5,0.0,0.0,0.0,0.0,0.82,7.75,22.0,18.5,0.75,9.0,14.75,0.25,0.25,0.0,0.32,75.0,35.23,1.69
João Paulo Santos Costa,pt POR,GK,Estrela,28,1996,14,14,1260,1.21,3.86,2.57,0.29,0.29,0.21,0.07,0.0,1.36,6.71,17.43,22.29,2.64,8.57,12.93,0.14,1.0,0.07,0.14,66.58,38.5,1.08
João Ricardo Riedi,br BRA,GK,Fortaleza,36-316,1988,18,18,1620,1.28,5.11,3.83,0.44,0.11,0.06,0.06,0.0,1.55,4.5,11.67,19.78,4.56,6.83,12.39,0.94,1.06,0.06,0.27,74.95,38.56,7.59
João Valido,pt POR,GK,Arouca,24,2000,5,5,450,1.2,4.0,2.8,0.2,0.2,0.2,0.0,0.0,1.1,3.4,6.4,21.0,4.4,10.0,14.0,1.8,1.6,0.0,-0.1,70.0,53.12,12.86
Juan Cozzani,ar ARG,GK,Platense,26-283,1998,17,17,1530,0.82,3.71,3.0,0.35,0.12,0.12,0.0,0.0,1.12,5.06,20.24,19.29,1.41,6.76,15.12,0.59,1.12,0.0,0.3,80.86,25.0,3.9
Juan Espínola,py PAR,GK,Belgrano,30-259,1994,11,11,990,1.64,3.73,2.09,0.27,0.09,0.09,0.0,0.0,1.09,5.91,18.55,26.27,3.55,6.45,16.55,1.18,0.73,0.0,-0.55,56.03,31.86,7.13
Juan González,uy URU,GK,Atlé Tucumán,32-009,1993,6,6,540,0.83,3.67,3.0,0.33,0.17,0.17,0.0,0.0,0.83,6.5,15.33,22.83,2.83,7.0,14.5,1.5,1.0,0.0,0.0,81.74,42.4,10.34
Juan Zozaya,ar ARG,GK,Cen. Córdoba–SdE,24-038,2001,2,2,180,1.5,4.0,2.5,0.0,0.0,0.0,0.0,0.0,1.95,3.0,7.0,14.0,3.0,6.0,14.5,0.0,0.0,0.0,0.45,62.5,42.86,0.0
Julien Devriendt,be BEL,GK,Dender,25,1998,4,3,315,2.57,7.43,4.86,0.0,0.29,0.29,0.0,0.0,2.06,3.71,12.0,22.0,6.57,4.57,14.0,0.57,2.0,0.0,-0.51,65.41,30.92,4.07
Julio José González,mx MEX,GK,UNAM,33,1991,19,19,1710,1.0,3.89,2.95,0.37,0.16,0.16,0.0,0.0,0.89,4.58,13.11,22.63,4.58,9.58,11.89,0.47,1.84,0.0,-0.11,75.84,34.94,3.95
Justin Bijlow,nl NED,GK,Feyenoord,26,1998,4,4,360,2.0,4.0,2.0,0.0,0.0,0.0,0.0,0.0,1.5,3.0,7.5,51.25,4.0,5.25,6.5,0.5,1.5,0.0,-0.5,50.0,40.0,7.69
Kaique,br BRA,GK,Farense,21,2003,6,6,540,1.0,3.5,2.33,0.17,0.17,0.0,0.17,0.0,1.18,5.17,17.33,28.33,5.5,8.83,19.17,0.83,0.17,0.17,0.18,66.57,29.83,4.33
Karl Darlow,wls WAL,GK,Leeds United,33,1990,7,7,630,0.43,1.57,1.29,0.57,0.0,0.0,0.0,0.0,0.36,3.57,10.71,28.14,3.86,4.71,9.43,1.0,0.86,0.0,-0.07,82.17,33.33,10.6
Kevin Chamorro,cr CRC,GK,Estoril,24,2000,4,4,360,0.75,3.0,2.25,0.5,0.25,0.25,0.0,0.0,0.92,3.0,14.25,20.25,2.75,5.5,11.5,1.0,3.25,0.0,0.18,75.0,21.05,8.7
Kevin Mier,co COL,GK,Cruz Azul,24,2000,33,33,2970,0.82,2.67,1.85,0.42,0.12,0.09,0.03,0.0,0.76,3.48,8.64,38.0,2.97,6.58,11.3,0.42,1.3,0.03,-0.05,69.29,40.28,3.72
Kewin,br BRA,GK,Moreirense,28,1995,29,29,2610,1.45,3.93,2.48,0.21,0.1,0.1,0.0,0.0,1.36,5.31,15.17,27.21,4.34,7.9,16.28,1.24,0.66,0.0,-0.09,63.1,35.0,7.62
Keylor Navas,cr CRC,GK,Newell's OB,38-216,1986,14,14,1260,0.79,4.57,3.86,0.43,0.07,0.0,0.0,0.07,1.19,7.57,15.86,17.64,3.43,9.43,19.43,0.71,0.21,0.07,0.41,84.46,47.73,3.65
Kim Joonhong,kr KOR,GK,D.C. United,22-046,2003,7,7,630,2.43,5.57,3.14,0.14,0.29,0.29,0.0,0.0,2.23,7.29,16.86,24.86,3.71,7.14,10.71,0.71,1.86,0.0,-0.2,56.37,43.24,6.63
Koen Van Langendonck,be BEL,GK,Westerlo,35,1989,10,10,900,1.6,4.1,2.4,0.2,0.3,0.2,0.1,0.0,1.64,5.3,11.7,27.8,3.8,8.0,14.4,0.7,1.7,0.1,0.04,58.54,45.3,4.86
Kostas Lamprou,gr GRE,GK,NAC Breda,32,1991,1,1,90,3.0,5.0,2.0,0.0,0.0,0.0,0.0,0.0,2.3,8.0,20.0,53.0,4.0,3.0,16.0,0.0,1.0,0.0,-0.7,40.0,40.0,0.0
Kristijan Kahlina,hr CRO,GK,Charlotte,32-360,1992,21,21,1890,1.67,5.19,3.52,0.24,0.29,0.29,0.0,0.0,1.58,2.81,7.29,26.19,5.52,5.05,13.57,0.57,0.71,0.0,-0.09,67.82,38.55,4.2
Lars Unnerstall,de GER,GK,Twente,34,1990,31,31,2790,1.26,3.26,2.0,0.35,0.06,0.06,0.0,0.0,1.15,3.52,10.71,28.77,4.74,5.58,13.0,0.74,1.16,0.0,-0.1,61.35,32.87,5.69
Laurent Henkinet,be BEL,GK,Standard Liège,31,1992,4,4,315,0.29,3.71,3.43,0.57,0.0,0.0,0.0,0.0,0.71,5.43,20.57,21.71,3.43,7.71,26.57,2.57,0.57,0.0,0.43,92.45,26.4,9.67
Lautaro Morales,ar ARG,GK,Lanús,25-215,1999,1,1,90,1.0,2.0,1.0,0.0,0.0,0.0,0.0,0.0,1.0,3.0,6.0,16.0,2.0,6.0,7.0,0.0,0.0,0.0,0.0,50.0,50.0,0.0
Lawrence Vigouroux,cl CHI,GK,Swansea City,30,1993,46,46,4140,1.22,3.61,2.46,0.3,0.09,0.09,0.0,0.0,1.18,6.74,20.98,38.52,4.09,4.98,13.04,0.87,0.83,0.0,-0.03,68.14,32.13,6.67
Lazar Carević,me MNE,GK,Famalicão,25,1999,18,18,1620,1.17,4.06,2.89,0.39,0.22,0.17,0.06,0.0,1.32,3.94,10.17,23.89,3.94,5.39,13.72,0.33,1.0,0.06,0.15,71.18,38.74,2.41
Leandro Brey,ar ARG,GK,Boca Juniors,22-301,2002,2,2,180,0.5,2.0,1.5,0.5,0.0,0.0,0.0,0.0,0.5,3.0,10.0,22.0,5.0,8.0,20.0,0.0,1.0,0.0,0.0,75.0,30.0,0.0
Leandro Chichizola,ar ARG,GK,Spezia,34,1990,11,11,990,0.91,3.27,2.45,0.27,0.0,0.0,0.0,0.0,0.77,7.09,18.82,30.09,4.0,4.55,10.91,1.27,2.36,0.0,-0.14,74.92,37.67,11.64
Leo Kokubo,jp JPN,GK,Sint-Truiden,23,2001,27,27,2430,1.67,4.48,2.85,0.15,0.37,0.33,0.04,0.0,1.67,4.19,11.78,27.74,3.81,6.37,17.96,0.78,1.33,0.04,0.0,63.62,35.57,4.34
Leonardo Loria,it ITA,GK,Pisa,25,1999,1,1,90,3.0,5.0,2.0,0.0,1.0,1.0,0.0,0.0,1.8,3.0,9.0,18.0,3.0,2.0,14.0,0.0,5.0,0.0,-1.2,40.0,33.33,0.0
Liam Roberts,eng ENG,GK,Millwall,29,1994,2,1,91,0.0,2.97,2.97,1.98,0.0,0.0,0.0,0.0,0.3,3.96,31.65,21.76,1.98,12.86,35.6,2.97,1.98,0.0,0.3,100.0,12.51,8.34
Lorenzo Andrenacci,it ITA,GK,Brescia,29,1995,1,1,90,0.0,2.0,2.0,1.0,0.0,0.0,0.0,0.0,0.1,5.0,10.0,20.0,4.0,6.0,8.0,3.0,0.0,0.0,0.1,100.0,50.0,37.5
Luca Lezzerini,it ITA,GK,Brescia,29,1995,37,37,3330,1.3,4.51,3.22,0.27,0.24,0.14,0.03,0.08,1.28,5.19,12.41,23.92,3.89,5.84,16.27,1.08,0.65,0.11,-0.02,71.4,41.82,6.64
Luca Maniero,it ITA,GK,Cittadella,29,1995,10,9,855,1.47,5.47,4.11,0.42,0.32,0.32,0.0,0.0,1.55,5.05,14.21,20.21,4.63,7.68,14.21,0.84,0.95,0.0,0.07,75.14,35.54,5.91
Luca Plogmann,de GER,GK,Go Ahead Eag,24,2000,18,18,1620,1.78,4.5,2.72,0.22,0.17,0.17,0.0,0.0,1.42,3.06,11.06,35.56,3.94,4.94,17.33,0.67,0.72,0.0,-0.36,60.44,27.67,3.87
Lucas Acosta,ar ARG,GK,Sarmiento,30-129,1995,17,17,1530,1.24,5.12,4.0,0.24,0.12,0.06,0.0,0.06,1.58,5.41,15.18,21.06,2.29,7.65,17.76,0.82,1.0,0.06,0.34,78.12,35.64,4.62
Lucas Arcanjo,br BRA,GK,Vitória,26-345,1998,13,13,1170,1.0,5.08,4.08,0.23,0.0,0.0,0.0,0.0,1.27,3.77,12.0,22.92,4.62,8.38,18.0,1.08,0.46,0.0,0.27,80.31,31.42,6.0
Lucas Bruera,ar ARG,GK,ve Carabobo,27-273,1997,6,6,540,2.17,6.5,4.33,0.0,0.5,0.5,0.0,0.0,1.87,1.83,9.0,11.17,3.0,10.0,15.83,0.5,0.67,0.0,-0.3,66.62,20.33,3.16
Lucas França,br BRA,GK,Nacional,28,1996,33,33,2925,1.42,4.58,3.17,0.25,0.28,0.22,0.0,0.06,1.5,5.14,14.83,20.4,3.32,9.48,15.66,1.02,0.74,0.06,0.09,69.21,34.66,6.51
Lucas Pirard,be BEL,GK,Kortrijk,29,1995,7,5,543,1.66,4.64,2.98,0.17,0.17,0.17,0.0,0.0,2.44,5.97,14.59,22.87,5.14,6.13,14.59,0.66,1.99,0.0,0.78,64.22,40.92,4.52
Lucas Verza,py PAR,GK,py Olimpia,24-096,2001,1,1,90,0.0,3.0,2.0,1.0,1.0,0.0,1.0,0.0,1.3,4.0,13.0,21.0,7.0,9.0,11.0,1.0,0.0,1.0,1.3,66.67,30.77,9.09
Lucão,br BRA,GK,RB Bragantino,24-143,2001,2,2,180,0.5,5.0,4.5,0.5,0.0,0.0,0.0,0.0,1.8,1.0,6.5,23.0,5.5,8.5,21.5,0.5,0.0,0.0,1.3,90.0,15.38,2.33
Luigi Sepe,it ITA,GK,Salernitana,33,1991,18,18,1575,1.26,3.89,2.63,0.23,0.17,0.17,0.0,0.0,1.31,3.37,11.66,25.94,3.89,6.74,11.2,0.69,0.51,0.0,0.06,67.61,28.9,6.16
Luis Barraza,us USA,GK,D.C. United,28-253,1996,16,16,1440,1.62,5.0,3.44,0.19,0.06,0.06,0.0,0.0,1.56,4.69,17.06,26.5,4.75,7.31,12.19,0.88,1.12,0.0,-0.06,68.8,27.49,7.22
Luis Cárdenas,mx MEX,GK,Monterrey,30,1993,10,10,900,1.3,4.1,2.8,0.1,0.1,0.1,0.0,0.0,1.2,3.8,7.5,26.3,6.4,7.3,12.3,0.5,1.5,0.0,-0.1,68.29,50.67,4.07
Luis Ingolotti,ar ARG,GK,Gimnasia–LP,25-186,2000,3,3,270,2.33,4.67,2.33,0.0,0.67,0.67,0.0,0.0,2.37,3.67,10.33,18.33,4.0,7.0,18.0,0.33,0.0,0.0,0.03,49.89,35.53,1.83
Luis Manuel García,mx MEX,GK,Toluca,31,1992,5,5,450,1.2,3.0,1.8,0.2,0.0,0.0,0.0,0.0,0.92,3.4,10.6,26.8,3.4,5.4,12.8,0.6,0.4,0.0,-0.28,60.0,32.08,4.69
Luis Mejía,pa PAN,GK,uy Nacional,34-125,1991,6,6,540,1.67,5.17,3.5,0.17,0.17,0.17,0.0,0.0,1.78,2.33,9.0,14.17,2.0,5.83,14.17,1.0,0.5,0.0,0.12,67.7,25.89,7.06
Luis Ángel Malagón,mx MEX,GK,América,27,1997,29,29,2565,0.95,3.4,2.46,0.35,0.07,0.07,0.0,0.0,0.83,4.0,10.14,24.81,2.81,7.86,10.84,0.42,0.81,0.0,-0.12,72.35,39.45,3.87
Luiz Lúcio Reis Júnior,br BRA,GK,Famalicão,23,2001,1,1,90,0.0,2.0,2.0,1.0,0.0,0.0,0.0,0.0,0.3,11.0,24.0,32.0,7.0,6.0,17.0,3.0,2.0,0.0,0.3,100.0,45.83,17.65
Lukas Jensen,dk DEN,GK,Millwall,25,1999,41,41,3689,1.0,3.22,2.29,0.32,0.07,0.02,0.02,0.02,1.03,4.61,19.27,21.52,2.34,6.44,13.39,0.61,0.93,0.05,0.03,71.12,23.92,4.56
Lukáš Horníček,cz CZE,GK,Braga,22,2002,17,17,1530,0.65,3.41,2.76,0.47,0.06,0.06,0.0,0.0,0.79,3.65,12.29,31.65,5.35,5.41,11.88,0.94,2.0,0.0,0.14,80.94,29.7,7.91
Luuk Koopmans,nl NED,GK,Fortuna Sittard,30,1993,6,6,540,2.5,5.83,3.17,0.0,0.33,0.17,0.17,0.0,2.2,8.0,23.5,21.67,2.0,9.0,17.17,0.67,0.0,0.17,-0.3,54.37,34.04,3.9
Léo Jardim,br BRA,GK,Vasco da Gama,30-121,1995,13,13,1170,1.38,3.54,2.38,0.15,0.0,0.0,0.0,0.0,1.15,2.08,7.54,22.54,4.0,7.62,16.77,1.15,0.62,0.0,-0.23,67.23,27.59,6.86
Maarten Paes,id IDN,GK,FC Dallas,27-066,1998,20,20,1800,1.95,4.9,2.95,0.1,0.35,0.35,0.0,0.0,1.9,5.35,12.25,24.85,3.95,6.5,17.45,0.8,1.25,0.0,-0.05,60.2,43.67,4.58
Mads Kikkenborg,dk DEN,GK,Anderlecht,24,1999,2,2,180,1.0,5.0,4.0,0.0,0.0,0.0,0.0,0.0,2.1,4.5,15.0,35.5,5.0,3.0,18.5,0.5,1.5,0.0,1.1,80.0,30.0,2.7
Manuel Roffo,ar ARG,GK,Instituto,25-106,2000,17,17,1530,1.18,3.82,2.65,0.35,0.12,0.12,0.0,0.0,1.11,5.06,12.88,19.47,2.94,7.0,13.47,1.0,0.71,0.0,-0.06,69.37,39.29,7.42
Manuel Vicentini,ar ARG,GK,Belgrano,35-091,1990,5,5,450,1.0,3.6,2.4,0.4,0.2,0.0,0.2,0.0,1.76,4.8,18.6,22.6,3.6,8.2,21.4,0.6,2.8,0.2,0.76,66.67,25.81,2.8
Marcelo Lomba,br BRA,GK,br Palmeiras,38-213,1986,1,1,90,0.0,1.0,1.0,1.0,0.0,0.0,0.0,0.0,0.0,1.0,1.0,24.0,8.0,5.0,8.0,2.0,0.0,0.0,0.0,100.0,100.0,25.0
Marco Bleve,it ITA,GK,Carrarese,28,1995,24,24,2092,1.08,4.6,3.48,0.52,0.26,0.22,0.04,0.0,1.42,5.98,14.33,33.77,3.4,5.81,14.28,1.16,0.95,0.04,0.35,75.65,41.73,8.12
Marco Festa,it ITA,GK,Mantova,32,1992,38,38,3420,1.47,4.55,3.11,0.21,0.05,0.05,0.0,0.0,1.48,2.97,8.21,37.97,2.89,4.87,15.26,0.55,0.95,0.0,0.01,68.35,36.18,3.6
Marco Pissardo,it ITA,GK,Bari,26,1998,2,1,109,2.48,8.26,5.78,0.83,0.0,0.0,0.0,0.0,2.23,10.73,27.25,19.82,4.13,13.21,18.99,1.65,0.0,0.0,-0.25,69.98,39.38,8.69
Marco Silvestri,it ITA,GK,Sampdoria,33,1991,7,7,630,1.71,4.71,3.0,0.14,0.14,0.14,0.0,0.0,1.24,3.0,10.14,25.29,3.57,5.71,12.71,0.86,0.0,0.0,-0.47,63.69,29.59,6.77
Marcos Felipe,br BRA,GK,Bahia,29-097,1996,14,13,1242,1.01,3.91,2.9,0.36,0.14,0.14,0.0,0.0,1.09,3.99,9.71,29.93,5.0,7.97,15.8,0.58,1.96,0.0,0.08,74.17,41.09,3.67
Marcos Ignacio Ledesma,ar ARG,GK,Barracas Central,28-307,1996,17,17,1530,1.06,3.88,2.94,0.35,0.0,0.0,0.0,0.0,0.94,6.06,16.35,16.71,3.47,6.47,18.35,1.59,0.41,0.0,-0.12,75.77,37.06,8.66
Marcão,br BRA,GK,Juventude,33-135,1992,6,5,495,1.82,7.45,5.82,0.18,0.18,0.18,0.0,0.0,2.09,2.18,10.18,23.64,5.27,4.36,14.18,0.73,0.73,0.0,0.27,78.12,21.41,5.15
Marino Arzamendia,py PAR,GK,py Olimpia,27-181,1998,2,2,180,3.5,6.0,2.5,0.0,1.0,1.0,0.0,0.0,2.5,6.5,13.0,21.0,3.5,7.0,9.5,0.5,2.0,0.0,-1.0,41.67,50.0,5.26
Marius Adamonis,lt LTU,GK,Südtirol,27,1997,15,15,1350,1.2,4.2,3.0,0.27,0.0,0.0,0.0,0.0,1.31,7.87,19.53,16.33,3.0,8.07,17.07,0.6,0.53,0.0,0.11,71.43,40.3,3.51
Mark Spenkelink,nl NED,GK,RKC Waalwijk,27,1997,4,4,360,3.0,6.0,3.0,0.0,0.5,0.5,0.0,0.0,2.5,5.5,16.5,38.75,2.5,3.5,14.75,0.25,0.25,0.0,-0.5,50.0,33.33,1.69
Mark Travers,ie IRL,GK,Middlesbrough,25,1999,17,17,1530,1.18,4.88,3.76,0.24,0.0,0.0,0.0,0.0,1.36,2.18,12.65,24.65,4.18,6.82,13.12,0.88,1.41,0.0,0.18,77.05,17.23,6.71
Marko Gudžulić,rs SRB,GK,Estrela,22,2002,2,2,180,1.5,4.5,3.0,0.5,0.5,0.0,0.5,0.0,1.25,7.5,24.0,27.0,3.5,9.5,18.5,2.0,0.5,0.5,-0.25,66.67,31.25,10.81
Marko Ilić,rs SRB,GK,Kortrijk,26,1998,5,5,425,1.91,5.72,4.02,0.0,0.0,0.0,0.0,0.0,2.14,5.93,13.55,18.0,5.08,5.51,13.13,0.85,0.85,0.0,0.23,70.28,43.76,6.47
Martin Delavallée,be BEL,GK,Charleroi,20,2004,8,8,720,1.62,5.88,4.25,0.12,0.0,0.0,0.0,0.0,1.8,6.25,14.5,28.88,7.25,5.75,12.0,0.62,1.38,0.0,0.18,72.28,43.1,5.17
Martín Campaña,uy URU,GK,uy Peñarol,36-051,1989,3,3,270,0.67,4.33,3.67,0.67,0.0,0.0,0.0,0.0,0.67,5.67,16.67,13.33,1.33,7.67,18.33,1.33,0.0,0.0,0.0,84.76,34.01,7.26
Martín Silva,uy URU,GK,py Libertad,42-116,1983,1,1,90,2.0,4.0,2.0,0.0,0.0,0.0,0.0,0.0,2.1,3.0,7.0,18.0,2.0,12.0,10.0,0.0,2.0,0.0,0.1,50.0,42.86,0.0
Matheus,br BRA,GK,Ajax,32,1992,26,26,2340,1.08,3.38,2.35,0.42,0.08,0.08,0.0,0.0,0.96,3.08,10.65,31.65,4.85,6.04,11.08,1.0,1.35,0.0,-0.12,69.53,28.92,9.03
Matheus Donelli,br BRA,GK,Corinthians,23-063,2002,5,5,450,1.2,3.8,2.6,0.2,0.2,0.2,0.0,0.0,1.14,2.6,6.6,19.4,3.8,7.0,10.6,0.6,0.4,0.0,-0.06,68.42,39.39,5.66
Matheus Teixeira,br BRA,GK,Rio Ave,25,1999,1,0,15,0.0,0.0,0.0,0.0,0.0,0.0,0.0,0.0,0.0,0.0,18.0,48.0,0.0,12.0,6.0,0.0,0.0,0.0,0.0,,0.0,0.0
Matt Freese,us USA,GK,NYCFC,26-320,1998,19,19,1710,1.21,4.26,3.21,0.32,0.05,0.05,0.0,0.0,1.29,1.79,6.58,25.58,6.16,4.74,12.21,0.79,1.26,0.0,0.08,75.35,27.2,6.47
Matt Ingram,eng ENG,GK,Oxford United,30,1993,1,1,90,3.0,5.0,2.0,0.0,0.0,0.0,0.0,0.0,2.7,3.0,15.0,31.0,7.0,9.0,19.0,0.0,0.0,0.0,-0.3,40.0,20.0,0.0
Matteo Pisseri,it ITA,GK,Cesena,32,1991,11,11,990,1.55,4.0,2.55,0.36,0.09,0.0,0.09,0.0,1.35,2.73,9.36,21.18,5.73,7.36,14.73,0.73,1.27,0.09,-0.19,63.75,29.17,4.96
Matthieu Epolo,be BEL,GK,Standard Liège,20,2004,19,18,1665,1.14,5.03,3.89,0.43,0.05,0.0,0.05,0.0,1.42,6.16,18.43,21.57,3.14,7.73,15.08,0.97,0.92,0.05,0.28,77.34,33.42,6.43
Mattijs Branderhorst,nl NED,GK,Fortuna Sittard,30,1993,28,28,2520,1.39,4.68,3.29,0.36,0.07,0.07,0.0,0.0,1.44,5.32,17.82,21.64,4.61,7.68,15.68,1.96,0.86,0.0,0.04,70.3,29.85,12.5
Matías Borgogno,ar ARG,GK,San Martín de San Juan,26-332,1998,17,17,1530,1.18,3.76,2.59,0.18,0.06,0.06,0.0,0.0,1.18,7.65,19.59,22.82,1.82,8.35,13.88,1.24,0.76,0.0,0.0,68.88,39.05,8.93
Matías Mansilla,ar ARG,GK,ar Estudiantes–LP,29-154,1996,23,23,2070,1.09,3.35,2.22,0.39,0.13,0.09,0.04,0.0,1.02,4.57,12.17,17.87,4.17,8.09,15.0,0.83,0.96,0.04,-0.07,66.27,37.55,5.53
Matías Tagliamonte,ar ARG,GK,Unión,27-150,1998,4,4,360,0.5,2.75,2.0,0.5,0.25,0.0,0.25,0.0,0.55,4.75,14.5,17.25,4.25,7.0,17.0,1.0,0.0,0.25,0.05,72.73,32.76,5.88
Max O'Leary,ie IRL,GK,Bristol City,27,1996,46,46,4140,1.2,3.74,2.54,0.22,0.04,0.04,0.0,0.0,1.19,5.13,16.74,26.46,4.74,4.76,12.07,0.8,1.72,0.0,-0.01,67.91,30.65,6.63
Maxence Prevot,fr FRA,GK,OH Leuven,27,1997,1,1,90,1.0,5.0,4.0,0.0,0.0,0.0,0.0,0.0,2.4,14.0,26.0,36.0,5.0,8.0,29.0,2.0,1.0,0.0,1.4,80.0,53.85,6.9
Maxime Crépeau,ca CAN,GK,Portland Timbers,31-069,1994,10,10,900,1.5,5.3,3.8,0.2,0.0,0.0,0.0,0.0,1.44,4.7,12.3,29.2,4.7,5.8,11.1,0.5,0.9,0.0,-0.06,71.7,38.21,4.5
Maxime Delanghe,be BEL,GK,Cercle Brugge,23,2001,21,21,1881,1.29,4.16,2.82,0.33,0.14,0.1,0.05,0.0,1.39,5.02,19.76,20.43,1.87,6.17,12.58,0.29,1.63,0.05,0.1,67.79,25.4,2.31
Michael Brouwer,nl NED,GK,Utrecht,31,1993,3,3,270,0.33,3.33,3.0,0.67,0.33,0.33,0.0,0.0,1.1,5.67,19.33,27.33,3.67,8.0,21.33,0.0,1.33,0.0,0.77,90.09,29.33,0.0
Michael Collodi,us USA,GK,FC Dallas,24-055,2001,2,2,180,1.0,3.0,2.0,0.5,0.0,0.0,0.0,0.0,1.25,2.5,9.0,29.5,5.5,4.0,13.5,0.5,3.0,0.0,0.25,66.67,27.78,3.7
Michael Cooper,eng ENG,GK,Sheffield Utd,24,1999,43,43,3870,0.77,3.3,2.53,0.49,0.12,0.09,0.02,0.0,0.9,5.77,15.4,33.14,4.23,5.19,14.35,1.37,0.86,0.02,0.13,76.67,37.47,9.55
Michael Verrips,nl NED,GK,Dender,27,1996,27,27,2336,1.58,4.97,3.47,0.27,0.27,0.27,0.0,0.0,1.73,5.66,15.87,21.04,2.47,6.74,16.76,0.73,0.15,0.0,0.15,69.82,35.66,4.36
Michele Cerofolini,it ITA,GK,Frosinone,25,1999,36,36,3240,1.19,4.03,2.78,0.22,0.17,0.11,0.06,0.0,1.27,4.31,15.17,28.5,3.67,6.53,16.06,0.75,0.56,0.06,0.08,68.98,28.41,4.67
Mickey van der Hart,nl NED,GK,Heerenveen,30,1994,19,18,1695,1.75,5.52,3.82,0.16,0.16,0.16,0.0,0.0,1.96,4.35,13.54,42.16,4.14,3.08,11.36,0.58,1.59,0.0,0.21,69.2,32.13,5.11
Miguel Jiménez Ponce,mx MEX,GK,Puebla,34,1990,24,24,2160,1.67,4.88,3.12,0.17,0.25,0.12,0.12,0.0,1.52,5.21,18.29,17.25,2.54,10.62,19.92,0.71,0.38,0.12,-0.15,63.93,28.49,3.56
Miguel Ortega,mx MEX,GK,Tijuana,29,1995,3,3,270,2.0,4.33,2.33,0.0,0.33,0.33,0.0,0.0,1.93,4.67,10.33,35.67,3.33,4.0,10.67,0.67,1.33,0.0,-0.07,53.81,45.21,6.28
Mika,pt POR,GK,Moreirense,33,1991,1,0,3,0.0,0.0,0.0,30.0,0.0,0.0,0.0,0.0,0.0,0.0,0.0,60.0,0.0,0.0,0.0,0.0,0.0,0.0,0.0,,,
Mike Hauptmeijer,nl NED,GK,Zwolle,27,1997,4,4,360,1.5,4.0,2.5,0.0,0.25,0.0,0.0,0.25,1.3,6.0,16.75,28.0,5.25,8.25,20.0,1.75,0.25,0.25,-0.2,62.5,35.82,8.75
Mike Penders,be BEL,GK,Genk,19,2005,11,11,989,0.73,2.91,2.18,0.36,0.09,0.09,0.0,0.0,0.93,5.46,11.74,35.13,3.37,4.46,11.01,1.18,0.27,0.0,0.2,74.91,46.51,10.72
Mirko Pigliacelli,it ITA,GK,Catanzaro,31,1993,38,38,3420,1.18,3.95,2.82,0.34,0.13,0.11,0.0,0.03,1.23,5.24,12.29,41.21,2.84,3.42,15.82,0.97,1.05,0.03,0.04,71.39,42.64,6.13
Mohamed Koné,ci CIV,GK,Charleroi,22,2002,21,21,1890,1.0,3.52,2.52,0.29,0.19,0.14,0.05,0.0,1.13,5.62,13.76,31.05,4.05,3.9,11.71,1.33,1.57,0.05,0.13,71.59,40.84,11.36
Mouhamadou Sarr,sn SEN,GK,Spezia,27,1997,4,4,360,1.0,3.75,2.75,0.25,0.0,0.0,0.0,0.0,0.92,5.75,16.0,20.0,2.5,6.25,11.75,1.5,1.5,0.0,-0.07,73.33,35.94,12.77
Nahuel Guzmán,ar ARG,GK,UANL,38,1986,28,28,2519,0.93,3.72,2.79,0.32,0.18,0.14,0.0,0.04,1.08,5.5,11.18,30.26,3.36,6.57,11.25,0.57,1.46,0.04,0.15,75.0,49.19,5.07
Nahuel Losada,ar ARG,GK,Lanús,32-093,1993,16,16,1440,0.69,3.44,2.69,0.44,0.19,0.06,0.06,0.06,0.93,4.25,11.44,25.0,5.56,4.5,14.62,1.56,1.19,0.12,0.24,78.2,37.15,10.67
Nelson Insfrán,ar ARG,GK,Gimnasia–LP,30-056,1995,14,14,1260,0.86,3.79,2.79,0.43,0.21,0.07,0.14,0.0,1.21,5.79,15.93,22.29,3.0,6.93,16.71,1.07,0.21,0.14,0.36,73.61,36.35,6.4
Niccolò Chiorra,it ITA,GK,Carrarese,23,2001,2,1,158,2.85,4.56,1.71,0.0,0.0,0.0,0.0,0.0,2.22,1.14,6.27,23.92,2.85,6.27,9.11,0.0,0.57,0.0,-0.63,37.5,18.18,0.0
Nicholas Hagen,gt GUA,GK,Columbus Crew,28-351,1996,3,3,270,3.33,7.67,4.33,0.0,0.0,0.0,0.0,0.0,3.1,0.0,0.67,17.33,4.33,5.33,7.67,0.67,1.33,0.0,-0.23,56.45,0.0,8.74
Nicholas Hansen,dk DEN,GK,Colorado Rapids,24-009,2001,10,10,900,1.4,4.6,3.3,0.3,0.3,0.2,0.1,0.0,1.42,4.8,18.2,24.9,3.5,7.2,12.7,1.6,2.3,0.1,0.02,71.74,26.37,12.6
Nick Gillekens,be BEL,GK,Westerlo,29,1995,1,1,90,3.0,11.0,8.0,0.0,0.0,0.0,0.0,0.0,4.3,8.0,19.0,34.0,7.0,9.0,22.0,0.0,1.0,0.0,1.3,72.73,42.11,0.0
Nick Olij,nl NED,GK,Sparta R'dam,28,1995,34,34,3060,1.26,4.41,3.18,0.18,0.15,0.12,0.03,0.0,1.32,7.15,15.85,39.44,4.21,4.53,16.71,1.35,0.71,0.03,0.05,72.11,45.11,8.08
Nick Shinton,be BEL,GK,Beerschot,23,2001,21,21,1845,1.8,5.8,4.05,0.15,0.2,0.2,0.0,0.0,1.96,4.1,15.71,32.29,3.8,5.17,17.61,0.54,1.32,0.0,0.16,69.83,26.1,3.07
Nico Mantl,de GER,GK,Arouca,24,2000,29,29,2610,1.48,4.14,2.72,0.24,0.28,0.28,0.0,0.0,1.4,3.97,9.79,25.72,4.38,6.97,15.34,0.76,1.45,0.0,-0.08,65.7,40.55,4.95
Nicola Ravaglia,it ITA,GK,Carrarese,35,1988,2,1,158,1.71,4.56,2.85,0.0,0.57,0.57,0.0,0.0,2.22,6.84,19.94,20.51,1.71,8.54,13.1,0.57,0.57,0.0,0.51,62.5,34.3,4.35
Nicolas Schmid,at AUT,GK,Portsmouth,27,1997,35,35,3090,1.4,4.19,2.91,0.23,0.03,0.03,0.0,0.0,1.37,8.04,26.8,30.73,1.75,5.91,13.22,0.35,2.85,0.0,-0.03,69.45,30.0,2.65
Nordin Bakker,nl NED,GK,Almere City,26,1997,34,34,3050,1.89,5.25,3.48,0.21,0.0,0.0,0.0,0.0,1.62,7.58,24.73,29.45,3.78,7.44,16.08,1.3,1.98,0.0,-0.27,66.29,30.65,8.08
Nordin Jackers,be BEL,GK,Club Brugge,26,1997,1,0,31,2.9,8.71,5.81,0.0,0.0,0.0,0.0,0.0,2.32,8.71,11.61,81.29,11.61,0.0,5.81,5.81,0.0,0.0,-0.58,66.7,75.02,100.0
Novak Mićović,rs SRB,GK,LA Galaxy,23-267,2001,12,12,1080,1.58,4.0,2.42,0.17,0.0,0.0,0.0,0.0,1.57,2.42,11.75,26.25,3.75,6.08,12.17,1.08,0.33,0.0,-0.02,60.5,20.6,8.87
Nícolas Andrade,br BRA,GK,Pisa,36,1988,1,1,90,1.0,4.0,3.0,0.0,0.0,0.0,0.0,0.0,0.8,5.0,16.0,22.0,0.0,4.0,7.0,0.0,2.0,0.0,-0.2,75.0,31.25,0.0
Oliver Christensen,dk DEN,GK,Salernitana,25,1999,16,16,1440,0.94,3.19,2.25,0.38,0.0,0.0,0.0,0.0,1.03,5.62,16.12,25.0,4.0,6.75,15.75,1.25,1.19,0.0,0.09,70.53,34.86,7.94
Oliver Dovin,se SWE,GK,Coventry City,22,2002,28,28,2467,1.09,3.47,2.48,0.29,0.04,0.04,0.0,0.0,1.13,3.68,11.6,29.08,2.92,5.47,12.88,0.4,1.35,0.0,0.04,71.47,31.72,3.11
Orlando Gil,py PAR,GK,San Lorenzo,25-038,2000,17,17,1530,0.65,3.06,2.47,0.53,0.0,0.0,0.0,0.0,0.71,5.24,16.0,17.41,2.41,8.53,14.35,0.53,0.06,0.0,0.06,80.72,32.75,3.69
Ortwin De Wolf,be BEL,GK,Mechelen,27,1997,30,30,2700,1.33,4.73,3.53,0.3,0.17,0.17,0.0,0.0,1.51,4.33,12.4,31.23,5.0,7.5,15.77,1.07,0.77,0.0,0.18,74.63,34.92,6.79
Oscar Jiménez,mx MEX,GK,León,35,1988,8,8,720,1.38,5.12,3.75,0.12,0.0,0.0,0.0,0.0,1.32,5.38,12.62,24.5,4.62,8.62,11.88,1.0,0.62,0.0,-0.05,73.24,42.63,8.42
Pablo Lara,mx MEX,GK,UNAM,19,2005,7,7,630,1.29,4.57,3.43,0.29,0.0,0.0,0.0,0.0,1.07,5.0,13.86,24.71,3.43,8.14,10.0,0.71,2.71,0.0,-0.21,75.05,36.08,7.1
Pablo Sisniega,mx MEX,GK,San Diego FC,30-012,1995,2,2,180,1.0,3.0,2.0,0.0,0.5,0.5,0.0,0.0,1.4,0.5,3.0,39.5,7.5,1.5,7.5,1.0,1.0,0.0,0.4,66.67,16.67,13.33
Paolo Vismara,it ITA,GK,Sampdoria,21,2003,10,7,753,1.79,5.74,3.82,0.48,0.12,0.0,0.12,0.0,1.65,3.11,13.86,24.14,4.06,7.05,15.3,1.2,0.36,0.12,-0.14,66.55,22.44,7.84
Patrick Schulte,us USA,GK,Columbus Crew,24-128,2001,15,15,1350,1.27,3.6,2.4,0.13,0.07,0.07,0.0,0.0,1.21,2.4,8.07,33.27,4.73,5.67,8.6,0.2,1.67,0.0,-0.05,66.67,29.74,2.33
Patrick Sequeira,cr CRC,GK,Casa Pia,25,1999,32,32,2880,1.28,4.91,3.66,0.22,0.22,0.19,0.0,0.03,1.33,3.69,13.81,28.72,5.0,5.94,14.75,1.16,0.75,0.03,0.05,74.54,26.72,7.86
Patrik Gunnarsson,is ISL,GK,Kortrijk,23,2000,11,11,922,1.56,3.51,2.05,0.1,0.0,0.0,0.0,0.0,1.45,6.34,17.18,23.72,5.47,7.52,17.47,1.07,0.68,0.0,-0.11,58.4,36.9,6.12
Pau López,es ESP,GK,Toluca,29,1994,10,10,900,1.3,3.7,2.5,0.4,0.0,0.0,0.0,0.0,0.89,2.9,8.8,35.4,3.9,7.8,10.6,0.4,1.3,0.0,-0.41,67.57,32.95,3.77
Paul Nardi,fr FRA,GK,QPR,30,1994,45,45,4050,1.4,3.87,2.53,0.2,0.07,0.07,0.0,0.0,1.32,4.44,14.22,30.36,4.09,5.56,14.62,0.22,0.87,0.0,-0.08,65.37,31.22,1.5
Pedro Gallese,pe PER,GK,Orlando City,35-146,1990,21,21,1890,1.38,4.1,2.76,0.38,0.1,0.1,0.0,0.0,1.4,4.33,10.71,19.57,2.33,6.0,14.05,0.57,1.24,0.0,0.01,67.32,40.43,4.06
Pierce Charles,nir NIR,GK,Sheffield Weds,19,2005,8,8,720,1.25,3.75,2.38,0.0,0.12,0.0,0.12,0.0,1.59,6.25,13.75,37.25,4.62,4.88,13.38,1.38,0.62,0.12,0.34,63.47,45.45,10.31
Plamen Andreev,bg BUL,GK,Feyenoord,19,2004,1,1,90,2.0,4.0,2.0,0.0,1.0,1.0,0.0,0.0,1.4,5.0,11.0,36.0,3.0,2.0,6.0,1.0,6.0,0.0,-0.6,50.0,45.45,16.67
Przemysław Tytoń,pl POL,GK,Twente,37,1987,3,3,270,3.33,6.33,3.0,0.0,0.0,0.0,0.0,0.0,2.6,5.33,11.33,33.33,5.0,6.0,11.33,0.33,2.0,0.0,-0.73,47.39,47.04,2.91
Rafael Cabral,br BRA,GK,Real Salt Lake,35-060,1990,22,22,1980,1.27,4.18,2.82,0.27,0.23,0.14,0.09,0.0,1.44,3.68,9.95,35.32,3.14,7.5,11.32,0.18,1.59,0.09,0.16,67.46,36.98,1.59
Rafael Pires,br BRA,GK,São Paulo,36-026,1989,20,20,1800,1.1,3.85,2.8,0.3,0.2,0.15,0.0,0.05,1.18,2.6,9.8,16.7,2.25,7.0,15.65,0.25,0.85,0.05,0.07,72.73,26.53,1.6
Randall Rodríguez,uy URU,GK,Vélez Sarsfield,21-232,2003,1,1,90,4.0,8.0,4.0,0.0,1.0,1.0,0.0,0.0,3.1,4.0,16.0,23.0,5.0,7.0,10.0,1.0,0.0,0.0,-0.9,50.0,25.0,10.0
Remko Pasveer,nl NED,GK,Ajax,40,1983,24,24,2160,0.96,3.71,2.79,0.46,0.0,0.0,0.0,0.0,1.14,6.17,13.62,39.29,4.54,4.46,11.54,1.04,1.12,0.0,0.18,75.2,45.3,9.01
Ricardo Batista,pt POR,GK,Casa Pia,37,1986,1,1,90,1.0,2.0,1.0,0.0,1.0,1.0,0.0,0.0,0.8,1.0,2.0,31.0,3.0,3.0,10.0,0.0,2.0,0.0,-0.2,50.0,50.0,0.0
Ricardo Gutiérrez,mx MEX,GK,Mazatlán,27,1997,1,0,45,0.0,10.0,10.0,0.0,0.0,0.0,0.0,0.0,1.4,4.0,10.0,24.0,2.0,6.0,8.0,0.0,0.0,0.0,1.4,100.0,40.0,0.0
Ricardo Velho,pt POR,GK,Farense,25,1998,28,28,2520,1.43,4.5,3.14,0.21,0.25,0.21,0.0,0.04,1.43,5.54,16.54,22.71,3.89,9.07,16.18,1.11,0.86,0.04,0.0,69.78,33.49,6.86
Riccardo Gagno,it ITA,GK,Modena,27,1997,37,37,3330,1.27,3.62,2.35,0.19,0.11,0.08,0.03,0.0,1.14,5.46,16.22,24.49,3.32,7.59,17.68,1.7,0.32,0.03,-0.13,64.92,33.66,9.62
Robin Roefs,nl NED,GK,NEC Nijmegen,21,2003,32,32,2880,1.31,4.72,3.53,0.31,0.03,0.03,0.0,0.0,1.49,5.28,17.56,33.5,4.28,6.31,14.53,1.62,1.41,0.0,0.18,74.79,30.07,11.15
Rocco Ríos Novo,ar ARG,GK,Inter Miami,23-045,2002,4,1,250,1.44,2.88,1.44,0.36,0.0,0.0,0.0,0.0,1.3,4.68,8.64,29.16,3.24,5.4,16.92,0.0,0.72,0.0,-0.14,50.0,54.17,0.0
Rodolfo Cota,mx MEX,GK,América,37,1987,6,5,495,0.73,3.09,2.36,0.55,0.0,0.0,0.0,0.0,0.64,2.55,6.73,31.09,3.27,5.45,6.73,0.36,1.09,0.0,-0.09,76.38,37.89,5.35
Rodrigo Morínigo,py PAR,GK,py Libertad,26-285,1998,5,5,450,0.6,3.6,3.0,0.6,0.0,0.0,0.0,0.0,0.78,8.2,19.4,20.8,2.0,9.0,17.4,0.2,0.6,0.0,0.18,83.33,42.27,1.15
Rodrigo Rey,ar ARG,GK,Independiente,34-133,1991,17,17,1530,0.82,2.88,2.24,0.41,0.18,0.18,0.0,0.0,0.92,5.12,12.06,24.24,4.29,6.24,12.53,0.59,0.24,0.0,0.1,77.78,42.45,4.71
Rodrigo Saracho,ar ARG,GK,bo San Antonio Bulo Bulo,31-194,1994,6,6,540,2.5,7.67,5.17,0.0,0.17,0.17,0.0,0.0,2.4,7.17,22.5,21.0,2.33,13.17,19.5,0.83,0.83,0.0,-0.1,67.41,31.87,4.26
Roman Bürki,ch SUI,GK,St. Louis,34-247,1990,13,13,1170,1.62,5.46,3.92,0.23,0.0,0.0,0.0,0.0,1.68,5.31,13.69,31.77,4.85,6.46,12.62,0.54,1.23,0.0,0.07,71.79,38.79,4.28
Roman Celentano,us USA,GK,FC Cincinnati,24-308,2000,23,23,2070,1.35,4.0,2.7,0.3,0.22,0.13,0.04,0.04,1.34,3.3,9.96,23.3,4.91,6.91,14.96,0.87,0.35,0.09,-0.01,67.5,33.13,5.82
Rome-Jayden Owusu-Oduro,nl NED,GK,AZ Alkmaar,20,2004,28,28,2520,1.21,3.04,1.82,0.32,0.11,0.04,0.04,0.04,1.03,4.29,12.79,25.57,3.11,4.21,11.32,0.93,0.5,0.07,-0.18,59.87,33.54,8.22
Ronaldo,br BRA,GK,Bahia,28-331,1996,6,6,468,0.96,4.62,3.46,0.19,0.19,0.0,0.19,0.0,1.23,4.04,12.31,29.04,3.85,6.54,14.62,1.35,2.12,0.19,0.27,74.89,32.82,9.23
Roy Kortsmit,nl NED,GK,NAC Breda,31,1992,1,1,90,3.0,4.0,1.0,0.0,1.0,1.0,0.0,0.0,2.9,12.0,25.0,27.0,1.0,3.0,12.0,2.0,2.0,0.0,-0.1,25.0,48.0,16.67
Rubén Cordano,bo BOL,GK,bo Bolívar,26-276,1998,2,2,180,2.0,6.0,4.0,0.0,0.0,0.0,0.0,0.0,1.3,3.0,10.5,41.0,6.5,6.0,9.5,0.5,0.0,0.0,-0.7,66.67,28.57,5.26
Rui Encarnação,pt POR,GK,Nacional,26,1998,2,1,135,2.67,4.67,2.0,0.0,1.33,1.33,0.0,0.0,1.87,3.33,9.33,20.0,1.33,4.67,12.67,0.0,1.33,0.0,-0.8,42.83,35.69,0.0
Rui Silva,pt POR,GK,Sporting CP,30,1994,17,17,1530,0.76,1.88,1.24,0.35,0.24,0.24,0.0,0.0,0.79,2.59,7.12,17.29,3.0,5.35,10.88,0.71,1.65,0.0,0.03,65.96,36.38,6.53
Salvatore Sirigu,it ITA,GK,Palermo,37,1987,3,3,270,0.67,2.33,1.67,0.67,0.0,0.0,0.0,0.0,0.33,4.0,10.0,27.0,2.0,4.33,13.0,0.33,0.33,0.0,-0.33,71.67,40.0,2.54
Samuel Soares,pt POR,GK,Benfica,22,2002,2,2,180,0.0,2.5,2.0,1.0,0.5,0.0,0.5,0.0,0.5,1.0,3.0,14.0,5.5,5.0,6.5,1.0,0.5,0.5,0.5,80.0,33.33,15.38
Samuele Perisan,it ITA,GK,Sampdoria,26,1997,1,1,57,0.0,1.58,1.58,0.0,0.0,0.0,0.0,0.0,0.32,3.16,11.05,14.21,4.74,9.47,22.11,1.58,0.0,0.0,0.32,100.0,28.6,7.15
Sean Johnson,us USA,GK,Toronto FC,36-049,1989,22,22,1980,1.32,4.73,3.41,0.27,0.18,0.18,0.0,0.0,1.68,3.55,11.41,22.77,3.91,7.5,12.91,0.55,0.73,0.0,0.36,72.09,31.11,4.26
Sebastian Breza,ca CAN,GK,CF Montréal,27-126,1998,3,3,270,3.0,6.67,3.67,0.0,0.0,0.0,0.0,0.0,2.7,3.0,9.0,27.0,4.33,3.33,10.33,2.0,0.67,0.0,-0.3,55.02,33.33,19.36
Sebastiano Desplanches,it ITA,GK,Palermo,21,2003,21,20,1854,1.02,3.64,2.67,0.29,0.05,0.05,0.0,0.0,0.83,3.74,9.95,29.17,5.29,5.39,14.56,0.68,1.17,0.0,-0.18,73.35,37.59,4.67
Sebastián Britos,uy URU,GK,pe Universitario,37-198,1988,6,6,540,0.67,4.5,3.83,0.33,0.0,0.0,0.0,0.0,1.1,7.0,18.0,15.5,3.0,10.17,17.5,0.5,1.83,0.0,0.43,85.11,38.89,2.86
Sebastián Jurado,mx MEX,GK,FC Juárez,26,1997,21,21,1890,1.43,4.14,2.76,0.24,0.1,0.1,0.0,0.0,1.3,3.29,12.29,27.52,3.05,5.71,12.52,0.52,0.62,0.0,-0.13,66.67,26.77,4.15
Sebastián Meza,ar ARG,GK,Huracán,25-127,2000,1,1,90,3.0,3.0,0.0,0.0,1.0,1.0,0.0,0.0,1.7,1.0,7.0,15.0,3.0,2.0,2.0,0.0,0.0,0.0,-1.3,0.0,14.29,0.0
Senne Lammens,be BEL,GK,Antwerp,22,2002,30,30,2700,1.07,5.37,4.23,0.23,0.2,0.07,0.13,0.0,1.48,4.57,12.3,32.77,5.57,4.73,13.13,1.47,0.7,0.13,0.42,78.77,37.15,11.2
Seny Dieng,sn SEN,GK,Middlesbrough,29,1994,17,17,1530,1.24,2.76,1.65,0.29,0.0,0.0,0.0,0.0,0.96,1.59,6.94,27.59,4.88,4.53,14.24,0.71,1.41,0.0,-0.27,59.78,22.91,4.99
Sergio Rochet,uy URU,GK,Internacional,32-118,1993,2,2,135,0.0,4.0,4.0,0.67,0.0,0.0,0.0,0.0,0.6,3.33,9.33,26.0,3.33,2.67,14.0,0.0,0.0,0.0,0.6,100.0,35.69,0.0
Simon Mignolet,be BEL,GK,Club Brugge,36,1988,30,30,2669,1.18,3.47,2.33,0.27,0.13,0.1,0.03,0.0,1.21,4.86,10.15,31.02,3.78,4.82,12.61,0.57,0.91,0.03,0.03,67.15,47.88,4.52
Simon Moore,eng ENG,GK,Sunderland,34,1990,4,4,360,0.5,2.5,2.0,0.75,0.0,0.0,0.0,0.0,0.45,3.5,12.25,23.5,5.75,6.25,15.25,1.0,1.25,0.0,-0.05,80.0,28.57,6.56
Simone Ghidotti,it ITA,GK,Sampdoria,24,2000,9,9,720,1.0,6.0,5.0,0.12,0.0,0.0,0.0,0.0,1.44,4.0,14.0,28.12,3.88,6.0,17.25,1.75,0.62,0.0,0.44,83.33,28.57,10.14
Simão Bertelli,br BRA,GK,AVS Futebol,31,1993,11,11,990,1.36,5.18,3.73,0.18,0.27,0.18,0.09,0.0,1.92,5.45,14.0,26.82,4.09,7.45,13.64,0.73,0.73,0.09,0.55,72.01,38.93,5.35
Sinan Bolat,tr TUR,GK,Westerlo,35,1988,11,11,990,1.82,5.64,3.82,0.09,0.18,0.18,0.0,0.0,1.77,5.36,15.27,29.36,4.27,7.18,15.0,0.64,1.09,0.0,-0.05,67.73,35.1,4.27
Solomon Brynn,eng ENG,GK,Middlesbrough,23,2000,6,6,509,1.59,4.42,2.83,0.18,0.0,0.0,0.0,0.0,1.66,1.77,6.72,24.75,5.3,5.13,13.61,1.77,0.88,0.0,0.07,64.03,26.34,13.01
Stefan Frei,ch SUI,GK,Seattle Sounders,39-090,1986,18,18,1620,1.11,3.56,2.56,0.33,0.17,0.17,0.0,0.0,1.03,3.06,9.72,22.17,3.89,6.61,11.11,0.56,0.56,0.0,-0.08,71.91,31.48,5.04
Stefano Gori,it ITA,GK,Spezia,28,1996,23,23,2070,0.83,3.39,2.65,0.52,0.04,0.04,0.0,0.0,0.86,5.87,13.74,22.39,4.04,5.26,12.74,0.61,0.78,0.0,0.03,78.17,42.72,4.79
Stijn van Gassel,nl NED,GK,NEC Nijmegen,27,1996,2,2,180,2.0,7.5,5.5,0.0,0.5,0.5,0.0,0.0,2.25,2.0,18.0,30.0,8.5,11.0,25.5,1.0,1.5,0.0,0.25,73.33,11.11,3.92
Thiago Cardozo,uy URU,GK,Unión,28-353,1996,15,15,1346,1.07,3.48,2.41,0.27,0.2,0.13,0.0,0.07,1.11,3.48,10.63,17.52,4.55,7.22,13.71,0.6,0.47,0.07,0.04,69.25,32.74,4.38
Thomas Didillon,fr FRA,GK,Willem II,28,1995,34,34,3060,1.65,5.32,3.76,0.15,0.18,0.18,0.0,0.0,1.79,7.03,18.26,26.62,3.76,8.18,18.24,1.06,0.32,0.0,0.14,70.68,38.5,5.81
Thomas Hasal,ca CAN,GK,LAFC,26-010,1999,1,1,90,5.0,9.0,4.0,0.0,0.0,0.0,0.0,0.0,2.9,1.0,7.0,26.0,8.0,6.0,11.0,2.0,0.0,0.0,-2.1,44.44,14.29,18.18
Thomas Kaminski,be BEL,GK,Luton Town,31,1992,45,45,3990,1.53,4.35,2.82,0.23,0.07,0.05,0.02,0.0,1.36,8.44,23.08,27.14,2.71,7.85,13.76,0.56,1.62,0.02,-0.17,64.83,36.57,4.07
Thomas Vettorel,it ITA,GK,Cosenza,23,2000,2,1,124,2.18,4.35,2.18,0.0,0.73,0.73,0.0,0.0,1.81,4.35,12.34,23.95,2.9,7.98,7.26,0.0,2.18,0.0,-0.36,50.11,35.25,0.0
Théo Defourny,be BEL,GK,Charleroi,32,1992,1,1,90,2.0,4.0,2.0,0.0,0.0,0.0,0.0,0.0,1.5,1.0,10.0,24.0,3.0,5.0,9.0,0.0,1.0,0.0,-0.5,50.0,10.0,0.0
Tiago Volpi,br BRA,GK,Grêmio,34-212,1990,32,32,2880,1.19,4.59,3.41,0.28,0.16,0.16,0.0,0.0,1.47,6.28,14.28,29.44,3.19,6.84,14.88,0.84,0.97,0.0,0.28,74.29,43.98,5.65
Timon Wellenreuther,de GER,GK,Feyenoord,28,1995,29,29,2610,0.97,3.41,2.41,0.34,0.07,0.03,0.03,0.0,1.1,4.45,11.07,38.9,4.45,3.31,9.86,0.59,2.66,0.03,0.14,70.67,40.2,5.98
Tobe Leysen,be BEL,GK,OH Leuven,22,2002,29,29,2610,1.1,4.34,3.28,0.31,0.17,0.14,0.03,0.0,1.41,5.9,17.62,35.28,5.45,7.24,15.93,1.0,0.97,0.03,0.31,75.58,33.48,6.28
Tom Glover,au AUS,GK,Middlesbrough,26,1997,7,6,571,0.95,2.05,1.1,0.47,0.0,0.0,0.0,0.0,0.61,3.94,15.13,31.37,5.52,5.67,11.82,1.26,1.1,0.0,-0.33,53.66,26.04,10.66
Tom Vandenberghe,be BEL,GK,Gent,31,1992,12,12,1080,1.92,5.08,3.25,0.17,0.08,0.08,0.0,0.0,1.81,5.42,13.42,24.25,5.58,4.92,13.75,1.17,0.58,0.0,-0.11,63.98,40.39,8.51
Tomas Romero,sv SLV,GK,NYCFC,24-212,2000,3,3,270,0.67,3.67,3.33,0.33,0.0,0.0,0.0,0.0,1.1,1.67,4.67,25.33,4.0,6.33,14.0,0.67,0.33,0.0,0.43,90.74,35.76,4.79
Tomás Durso,ar ARG,GK,Atlé Tucumán,26-143,1999,11,11,990,1.55,4.18,2.64,0.18,0.27,0.09,0.09,0.09,1.56,5.73,16.09,22.27,4.18,7.91,11.64,0.73,1.45,0.18,0.02,63.16,35.61,6.27
Tomás Marchiori,ar ARG,GK,ar Vélez Sarsfield,30-029,1995,22,22,1980,1.05,3.32,2.41,0.36,0.09,0.05,0.0,0.05,0.95,3.0,9.41,17.27,3.32,7.95,12.09,0.55,0.32,0.05,-0.1,72.59,31.88,4.55
Tomáš Vaclík,cz CZE,GK,Boavista,35,1989,12,12,1080,1.83,6.33,4.58,0.25,0.25,0.25,0.0,0.0,1.91,6.25,16.25,20.58,5.42,10.0,16.83,0.92,1.0,0.0,0.07,72.35,38.46,5.47
Tomé,pt POR,GK,Boavista,17,2006,2,2,180,2.5,5.0,2.5,0.0,0.0,0.0,0.0,0.0,1.15,6.5,22.0,10.5,0.0,13.0,16.5,0.0,1.0,0.0,-1.35,50.0,29.55,0.0
Vasilios Barkas,gr GRE,GK,Utrecht,30,1994,31,31,2790,1.42,4.52,3.13,0.23,0.1,0.1,0.0,0.0,1.36,5.03,13.45,28.48,3.77,6.19,13.23,0.97,0.9,0.0,-0.05,69.25,37.4,7.33
Vicente Reyes,cl CHI,GK,Norwich City,20,2003,4,3,271,2.32,3.99,1.66,0.0,0.0,0.0,0.0,0.0,1.86,1.33,5.98,20.92,4.98,3.32,12.62,0.33,2.66,0.0,-0.46,41.6,22.24,2.61
Viktor Johansson,se SWE,GK,Stoke City,25,1998,46,46,4140,1.35,4.54,3.28,0.3,0.11,0.07,0.02,0.02,1.55,4.26,15.22,31.54,4.54,5.26,16.37,1.09,2.22,0.04,0.2,72.25,27.99,6.66
Vincenzo Fiorillo,it ITA,GK,Salernitana,34,1990,17,16,1366,1.65,4.22,2.57,0.07,0.13,0.13,0.0,0.0,1.44,4.61,13.51,22.27,3.03,9.03,15.94,0.92,0.53,0.0,-0.2,60.9,34.12,5.77
Vladan Kovačević,ba BIH,GK,Sporting CP,26,1998,6,6,540,0.83,2.67,1.83,0.33,0.0,0.0,0.0,0.0,0.62,1.0,2.67,16.33,3.33,2.33,8.67,0.5,0.67,0.0,-0.22,68.54,37.45,5.77
Václav Hladký,cz CZE,GK,Burnley,33,1990,1,1,90,0.0,4.0,4.0,1.0,0.0,0.0,0.0,0.0,0.1,2.0,8.0,35.0,4.0,3.0,13.0,2.0,0.0,0.0,0.1,100.0,25.0,15.38
Walter,br BRA,GK,Mirassol,37-243,1987,6,6,540,0.67,4.83,4.0,0.33,0.17,0.0,0.17,0.0,1.35,4.5,11.5,28.5,6.17,4.83,17.67,1.17,0.17,0.17,0.68,82.82,39.13,6.62
Walter Benítez,ar ARG,GK,PSV Eindhoven,31,1993,34,34,3015,1.16,3.04,1.88,0.27,0.06,0.06,0.0,0.0,1.09,4.06,8.57,34.57,3.76,4.18,9.04,0.6,1.46,0.0,-0.08,61.84,47.37,6.64
Warleson,br BRA,GK,Cercle Brugge,27,1996,10,9,817,1.87,5.18,3.3,0.0,0.0,0.0,0.0,0.0,2.36,7.82,21.92,21.81,1.76,5.51,9.69,0.55,3.08,0.0,0.48,63.71,35.68,5.68
Wessel Speel,0,GK,Minnesota Utd,0,0,3,3,199,2.71,4.52,1.81,0.0,0.45,0.45,0.0,0.0,2.44,4.97,18.54,25.33,0.45,9.05,14.02,0.45,0.0,0.0,-0.27,40.04,26.81,3.21
Will Norris,eng ENG,GK,Portsmouth,30,1993,8,8,720,2.38,5.88,3.62,0.25,0.38,0.38,0.0,0.0,2.01,7.0,23.12,32.88,3.75,6.12,14.38,0.38,1.0,0.0,-0.36,61.56,30.28,2.64
Williams Barlasina,ar ARG,GK,Aldosivi,27-020,1998,5,5,450,1.8,4.4,2.6,0.0,0.0,0.0,0.0,0.0,1.5,4.0,11.4,16.4,4.8,8.0,15.0,0.8,0.2,0.0,-0.3,59.09,35.09,5.33
Wéverton,br BRA,GK,Palmeiras,37-218,1987,17,17,1530,0.76,3.29,2.47,0.47,0.12,0.06,0.06,0.0,0.86,3.18,13.82,21.35,3.65,6.76,13.88,0.94,0.88,0.06,0.09,75.08,23.01,6.77
Yanick van Osch,nl NED,GK,RKC Waalwijk,27,1997,3,3,270,3.0,8.67,5.67,0.0,0.33,0.33,0.0,0.0,3.3,8.67,21.67,34.33,3.67,11.67,27.67,1.0,0.67,0.0,0.3,65.4,40.01,3.61
Yohei Takaoka,jp JPN,GK,Vancouver W'caps,29-125,1996,22,22,1980,1.14,3.32,2.14,0.45,0.18,0.14,0.05,0.0,1.1,3.18,9.09,27.86,3.68,5.41,12.05,0.68,1.59,0.05,-0.03,64.46,34.98,5.64
Zack Steffen,us USA,GK,Colorado Rapids,30-108,1995,13,13,1170,1.46,5.38,3.92,0.31,0.0,0.0,0.0,0.0,1.78,5.0,16.38,25.92,4.92,6.77,16.0,0.77,1.31,0.0,0.32,72.86,30.53,4.81
Éverson,br BRA,GK,Atlético Mineiro,34-362,1990,12,12,1080,0.83,3.5,2.67,0.58,0.0,0.0,0.0,0.0,1.08,5.17,13.5,32.42,4.0,3.25,12.0,0.5,1.92,0.0,0.24,76.29,38.3,4.17
Óscar Ustari,ar ARG,GK,Inter Miami,39-016,1986,17,17,1362,1.59,4.96,3.44,0.13,0.0,0.0,0.0,0.0,1.39,4.23,8.39,35.35,5.68,5.29,11.43,0.4,2.18,0.0,-0.2,69.35,50.42,3.5
