Team,Average Age,Possession,Matches Played,Goals,xG,Shots,Shots on Target,Penalties Scored,Penalties Attempted,Shot Creating Actions,Goal Creating Actions,Passes Completed (Total),Passes Attempted (Total),Passes Completed (Short),Passes Attempted (Short),Passes Completed (Medium),Passes Attempted (Medium),Passes Completed (Long),Passes Attempted (Long),Key Passes,Passes into Final Third,Passes into Penalty Area,Crosses into Penalty Area,Progressive Passes,Progressive Carries,Progressive Passes Received,Tackles,Tackles Won,Tackles Defensive Third,Tackles Middle Third,Tackles Attacking Third,Challenges Tackled,Challenges Attempted,Challenges Lost,Blocks,Interceptions,Clearances,Errors,Touches,Touches Defensive Penalty Area,Touches Defensive Third,Touches Middle Third,Touches Attacking Third,Touches Attacking Penalty Area,Live-Ball Touches,Take-Ons Attempted,Successful Take-Ons,Carries,Carries into Final Third,Carries into Penalty Area,Miscontrols,Dispossessed,Passes Received,Yellow Cards,Red Cards,Second Yellow Cards,Fouls Committed,Fouls Drawn,Offsides,Penalties Won,Penalties Conceded,Own Goals,Ball Recoveries,Aerial Duels Won,Aerial Duels Lost,Goals Against,Shots on Target Against,Saves,Clean Sheets,Penalty Kicks Attempted,Penalty Kicks Allowed,Penalty Kicks Saved,Penalty Kicks Missed,Post-Shot Expected Goals,Launched Passes Completed,Launched Passes Attempted,Passes Attempted (GK),Through Balls,Goal Kicks Attempted,Crosses Opposed,Crosses Stopped,Sweeper Actions
Ajax,25.9,57.6,34,66,64.7,472,161,6,9,848,119,17383,20552,8076,8827,7590,8482,1297,2287,348,1346,415,63,1687,683,1678,469,254,196,189,84,238,420,182,344,276,714,25,24237,2455,7179,11271,5973,1054,24228,579,254,14664,485,180,512,283,17214,53,1,0,347,394,53,7,0,1,1408,546,409,32,114,83,16,0,0,0,0,35.0,187,447,1291,166,207,387,42,38
Almere City,25.4,42.9,34,21,34.1,416,110,0,0,729,34,9862,13528,4118,4898,4183,5141,1317,2744,313,953,268,98,1120,499,1106,525,333,258,193,74,248,484,236,332,334,935,11,17731,2197,5986,7348,4588,698,17731,613,268,9009,372,115,569,339,9745,53,3,0,360,287,31,0,0,4,1466,601,697,64,178,118,7,0,0,0,0,55.0,258,843,978,128,277,546,45,67
AZ Alkmaar,23.2,52.7,34,57,54.6,495,184,2,2,885,98,14381,17749,6105,6957,6568,7442,1362,2479,393,1272,355,68,1481,665,1468,618,359,226,287,105,300,576,276,366,302,775,17,21765,2041,6172,10017,5774,961,21763,601,270,12471,509,218,518,262,14233,56,4,1,354,348,44,1,3,2,1537,431,500,37,97,61,12,3,1,1,1,30.4,157,475,855,99,204,382,30,18
Feyenoord,24.5,57.3,34,71,61.4,551,198,6,6,981,121,15171,18307,5939,6682,7599,8517,1400,2412,426,1402,318,63,1603,785,1581,512,328,194,232,86,237,414,177,321,264,643,30,22144,2042,6572,10024,5766,1005,22138,710,293,12840,537,264,501,318,14957,46,2,1,284,405,39,3,3,0,1442,435,423,38,119,80,10,3,2,1,0,39.4,146,362,1281,148,207,318,20,89
Fortuna Sittard,26.4,44.4,34,36,41.3,353,101,4,6,627,65,10186,13653,4238,4915,4454,5393,1224,2638,250,784,204,89,945,488,930,557,344,288,194,75,298,569,271,363,327,968,12,17746,2122,6317,7670,3933,633,17740,549,256,8991,349,105,570,281,10070,69,3,2,397,355,41,6,4,0,1379,520,585,54,166,111,10,4,3,1,0,53.4,197,640,727,141,278,542,59,24
Go Ahead Eag,25.2,51.4,34,57,54.4,480,149,2,2,859,105,13562,16936,5772,6538,6126,7024,1384,2619,363,1088,346,64,1271,508,1260,452,274,224,170,58,206,401,195,349,187,1020,16,20701,2880,7701,8375,4794,840,20699,435,196,11670,381,139,444,272,13402,45,2,1,304,335,48,2,4,1,1371,452,469,55,169,115,9,4,4,0,0,46.5,123,433,1172,154,304,623,27,32
Groningen,24.4,46.9,34,39,37.6,361,137,5,6,634,66,11685,15369,4762,5645,5369,6347,1250,2586,270,1010,222,51,1160,395,1151,603,385,281,247,75,316,531,215,357,294,912,19,19550,2169,6228,9161,4330,581,19544,563,245,9997,357,88,574,316,11567,58,6,2,334,340,33,4,6,2,1467,594,649,53,147,95,7,6,5,1,0,52.6,254,756,1097,107,258,466,41,48
Heerenveen,24.2,53.2,34,41,43.3,446,138,5,6,784,72,14138,17581,6400,7220,6150,7116,1263,2377,330,1126,295,74,1404,566,1391,617,380,294,253,70,316,614,298,371,310,838,21,21790,2395,7390,9503,5119,765,21784,654,272,12073,403,145,579,309,14000,45,2,0,400,334,47,6,4,2,1582,462,544,57,171,116,6,4,4,0,0,61.4,147,482,1229,136,254,406,24,54
Heracles Almelo,24.4,45.4,34,42,41.8,378,122,5,5,657,70,10636,13958,4081,4762,4886,5717,1439,2735,278,949,197,66,1040,531,1029,608,373,313,233,62,269,535,266,439,303,1054,7,18279,2435,6720,7573,4186,639,18274,615,271,9382,343,150,516,292,10504,58,2,1,429,347,47,4,6,4,1439,561,499,63,185,126,6,6,6,0,0,58.1,264,710,1005,83,295,508,12,23
NAC Breda,25.2,45.0,34,34,38.8,389,124,3,3,667,55,11082,14526,4466,5222,4964,5873,1376,2628,286,859,197,70,1044,504,1035,604,365,309,233,62,298,559,261,411,300,1049,12,18696,2423,6815,7917,4152,637,18693,476,202,9605,414,107,493,277,10957,63,5,1,354,326,29,1,7,1,1422,624,568,58,172,115,5,7,7,0,0,57.4,202,451,916,150,307,541,25,29
NEC Nijmegen,25.2,48.6,34,51,44.7,434,144,3,3,746,89,12361,15869,4850,5605,5948,6871,1366,2692,304,1013,214,88,1101,514,1090,589,352,301,213,75,314,587,273,359,284,920,18,19903,2539,7171,8707,4234,685,19899,494,212,10797,378,117,525,273,12217,51,3,1,368,352,33,2,2,4,1271,513,570,46,166,124,10,2,2,0,0,52.2,173,598,1077,154,279,516,54,48
PSV Eindhoven,26.2,67.5,34,99,83.0,672,263,2,4,1250,185,19487,22971,8501,9371,8644,9677,1878,2856,551,1847,568,139,2237,952,2216,540,350,208,226,106,276,505,229,325,243,602,12,26739,1937,6464,12312,8189,1409,26735,635,306,15550,615,315,491,286,19273,34,1,0,283,264,43,2,2,0,1692,506,380,39,102,63,9,2,2,0,0,36.4,141,298,1145,127,179,309,20,49
RKC Waalwijk,25.6,43.9,34,41,41.3,398,132,3,3,696,66,11039,14220,4426,5085,5013,5837,1350,2570,296,876,225,80,1052,572,1040,625,378,370,196,59,313,544,231,419,334,1041,18,18599,2714,7417,7446,3935,588,18596,574,266,9813,375,126,601,343,10917,43,7,3,313,283,44,1,8,2,1515,486,453,74,196,124,4,8,8,0,0,70.5,251,617,1012,123,324,573,21,26
Sparta R'dam,25.0,48.9,34,38,42.8,469,158,2,2,821,67,12927,16314,4857,5684,6221,7159,1614,2753,369,1136,299,103,1350,619,1334,575,353,281,239,55,285,546,261,426,316,1037,8,20581,2449,7182,9038,4552,748,20579,481,206,11051,428,171,545,216,12774,50,3,1,326,286,45,2,5,2,1436,657,566,43,150,108,6,5,4,1,0,44.8,243,539,1232,143,263,568,46,24
Twente,25.7,53.3,34,61,54.9,488,172,7,7,879,109,13990,17578,5979,6790,6365,7379,1330,2514,382,1174,351,93,1511,616,1505,557,352,239,238,80,274,529,255,370,265,877,14,21442,2306,6890,9366,5365,842,21435,441,183,11961,413,164,478,238,13866,44,1,0,349,344,58,5,2,0,1475,485,556,49,120,71,11,2,2,0,0,43.5,125,366,929,162,254,437,24,42
Utrecht,26.0,46.6,34,58,49.3,487,157,2,2,854,98,11403,14938,4328,5078,5384,6418,1385,2588,373,958,291,90,1312,578,1301,650,400,300,267,83,283,549,266,314,330,940,13,19175,2267,6403,8187,4795,846,19173,558,250,10168,429,147,556,309,11274,48,1,0,352,367,38,0,4,1,1422,618,558,45,150,106,9,4,4,0,0,45.5,173,475,918,128,263,474,30,32
Willem II,25.8,44.0,34,30,26.5,299,101,3,3,531,50,11366,14589,4744,5420,5065,5877,1319,2569,241,980,167,56,977,458,965,561,332,303,198,60,277,536,259,418,297,1015,12,18547,2761,7125,7883,3723,466,18544,490,224,9830,348,94,533,285,11269,61,3,1,345,286,36,3,6,3,1314,543,587,56,181,128,5,6,6,0,0,60.7,239,621,833,128,350,620,36,11
Zwolle,24.3,50.2,34,42,39.0,374,124,3,3,668,71,13070,16429,5690,6459,5834,6736,1236,2433,291,1049,246,56,1244,524,1236,631,399,296,248,87,300,586,286,402,315,1080,21,20837,2661,7453,9019,4569,672,20834,604,264,10848,398,147,615,345,12966,52,3,2,391,355,39,3,6,1,1502,507,528,51,160,110,6,6,3,0,3,54.7,176,593,1042,181,280,550,45,24
América,26.8,56.6,34,60,57.2,495,183,2,2,875,102,15174,17976,6593,7258,6438,7197,1636,2554,395,1195,299,54,1424,714,1404,553,369,263,235,55,261,472,211,311,297,624,7,21678,1983,6553,10100,5221,796,21676,599,282,13053,485,179,575,323,14990,49,3,0,333,409,66,2,2,0,1429,399,391,31,114,83,13,2,2,0,0,27.2,128,326,853,98,279,346,14,29
Atlas,28.1,46.2,34,41,37.1,428,107,4,5,700,67,10667,13963,4704,5417,4525,5449,1194,2418,295,818,196,70,1000,361,993,557,347,243,232,82,263,519,256,349,357,761,8,17800,2049,6057,7959,3939,590,17795,456,165,9028,286,87,531,318,10563,74,4,1,437,426,42,5,5,1,1274,483,473,55,157,102,8,5,4,1,0,44.8,136,431,883,146,312,453,12,34
Atlético,26.5,52.8,34,46,37.2,389,137,5,6,684,77,14759,17927,6051,6770,6714,7538,1643,2799,295,1172,233,83,1285,522,1278,530,328,256,214,60,261,484,223,362,293,689,13,21521,2328,7278,9919,4500,568,21515,519,232,11776,377,130,537,299,14595,50,1,0,359,400,41,4,2,0,1448,318,353,52,154,101,5,2,1,1,0,45.8,109,336,1014,156,319,459,24,63
Cruz Azul,27.1,57.1,34,65,54.9,533,166,6,8,941,117,15198,18378,6324,6989,6624,7541,1815,2912,399,1266,376,106,1537,530,1525,665,425,277,314,74,354,658,304,331,262,527,12,22047,1993,6582,10561,5063,789,22039,466,216,12845,407,107,581,290,14992,76,3,0,418,351,51,3,4,1,1524,305,321,28,91,63,14,4,3,1,0,25.7,117,288,1251,102,257,378,14,43
FC Juárez,26.1,46.9,34,38,34.1,398,126,2,3,675,65,11325,14444,4322,4967,5204,6111,1534,2683,296,903,165,66,1132,511,1109,526,345,291,191,44,258,502,244,335,367,775,19,18222,2119,6447,8178,3818,519,18219,598,247,9760,423,116,571,320,11135,85,3,1,388,362,39,3,7,1,1414,419,397,57,161,105,8,7,7,0,0,51.2,127,431,859,127,320,453,21,32
Guadalajara,25.5,51.7,34,40,41.4,421,132,3,4,749,71,12893,16148,5265,5975,5829,6740,1550,2721,329,1144,234,79,1284,581,1273,716,468,334,317,65,337,579,242,348,291,618,10,19905,1880,6196,9298,4626,623,19901,605,280,11550,444,117,550,330,12742,75,6,4,416,348,80,3,4,1,1448,359,390,36,131,94,12,4,2,2,0,35.4,157,415,907,157,295,422,34,37
León,28.5,49.2,34,45,39.6,407,141,3,6,721,82,12024,15155,4658,5309,5398,6220,1705,2912,313,1053,215,75,1111,479,1099,618,375,326,242,50,320,609,289,336,281,697,14,18804,2143,6376,8636,3988,562,18798,475,221,10128,366,113,535,288,11886,77,8,3,416,345,75,5,4,2,1322,396,361,44,170,128,8,4,3,0,1,45.9,171,430,859,165,342,460,19,25
Mazatlán,27.4,47.4,34,25,36.4,379,109,2,3,657,45,11719,14989,4785,5480,5270,6157,1389,2538,280,1001,204,52,1201,562,1190,559,367,282,220,57,257,530,273,330,281,756,6,18678,1915,5971,8580,4328,569,18675,491,221,10079,430,104,514,321,11580,96,3,1,431,366,62,2,8,1,1426,415,419,45,153,109,9,8,6,0,2,43.3,189,471,819,156,309,482,27,30
Monterrey,28.7,55.6,34,58,53.2,490,162,8,9,894,101,15056,18155,6525,7268,6607,7453,1612,2633,378,1427,330,98,1645,571,1630,609,400,251,291,67,296,528,232,332,305,602,7,21887,1895,5706,10683,5659,726,21878,634,307,12888,495,135,567,288,14893,65,6,0,360,403,57,7,5,0,1347,368,351,42,139,97,9,5,5,0,0,39.7,155,371,1017,202,261,420,35,42
Necaxa,26.0,43.9,34,56,45.1,522,184,4,4,882,92,10016,13200,4438,5067,4071,4910,1253,2496,395,940,250,80,1139,490,1121,623,430,311,260,52,282,544,262,374,323,837,11,17421,1975,5808,7471,4362,617,17417,692,318,8339,384,116,598,359,9894,61,2,0,425,333,50,3,5,0,1491,413,415,55,165,110,9,5,5,0,0,52.0,203,551,806,115,340,531,33,29
Pachuca,25.6,50.8,34,46,44.0,494,168,1,2,880,80,12821,15939,5418,6147,5475,6329,1641,2683,393,1140,266,50,1449,721,1430,647,413,280,301,66,287,557,270,361,363,707,11,20170,1636,5628,9639,5117,746,20168,802,368,11368,531,194,664,393,12701,83,11,3,431,444,75,2,5,0,1557,403,358,52,150,97,6,5,4,1,0,40.9,188,389,669,184,296,420,27,42
Puebla,27.7,39.2,34,29,32.9,385,122,5,6,655,44,9361,12613,4024,4701,3904,4717,1193,2486,285,770,161,47,900,411,888,601,370,300,235,66,300,566,266,371,351,879,5,16619,1992,5646,7420,3757,495,16613,583,267,7979,337,100,499,289,9268,78,6,3,462,329,56,4,7,1,1356,386,507,56,167,109,6,7,4,3,0,50.6,171,551,629,104,381,609,24,18
Querétaro,29.1,39.7,34,30,26.7,339,106,1,2,593,50,9447,12528,3817,4424,4160,4908,1214,2487,248,791,171,71,907,397,894,587,370,306,225,56,268,524,256,324,306,930,15,16328,2083,5908,7144,3446,491,16326,482,211,8181,311,92,497,281,9336,80,9,5,414,382,69,2,9,0,1308,400,431,55,172,115,7,9,6,2,1,52.6,176,548,603,105,359,604,27,26
Santos,25.4,47.9,34,27,35.2,386,114,3,3,665,46,11995,15047,5193,5860,5122,5886,1414,2570,270,858,171,68,1000,441,985,603,378,325,230,48,304,601,297,407,305,831,12,18922,2358,6923,8815,3372,498,18919,536,253,10490,352,76,503,278,11890,81,6,2,396,495,47,1,4,4,1311,432,422,66,192,129,3,4,3,1,0,56.9,166,436,791,156,387,544,16,28
Tijuana,26.6,58.2,34,53,44.7,458,160,7,7,822,95,15420,18539,6552,7303,6909,7759,1589,2626,360,1313,265,63,1397,531,1379,602,396,294,251,57,275,504,229,314,319,732,12,22442,2070,7098,10340,5199,698,22435,590,294,13333,422,175,619,381,15238,67,2,0,413,398,45,6,7,2,1452,422,380,60,179,120,4,7,6,1,0,59.7,159,399,1206,139,287,416,20,35
Toluca,27.3,53.7,34,75,53.7,486,204,2,3,870,125,14929,17933,5821,6513,6977,7781,1802,2876,382,1162,305,59,1351,615,1331,626,402,296,269,61,308,563,255,319,314,675,8,21538,2192,7046,10021,4690,733,21535,507,248,12987,506,161,480,273,14724,67,2,1,382,323,62,2,1,1,1386,325,319,38,139,102,11,1,1,0,0,37.8,153,390,1051,122,310,429,25,38
UANL,29.4,53.6,34,46,48.9,506,149,5,6,877,83,14092,17327,6093,6781,6203,7162,1499,2601,370,1275,294,99,1560,587,1534,625,404,279,271,75,294,540,246,349,338,607,9,21122,1786,5996,9940,5402,786,21116,535,247,11747,403,143,583,287,13908,64,6,2,409,421,65,5,5,0,1465,410,397,29,131,102,12,5,4,0,1,34.6,172,371,925,120,285,408,19,47
UNAM,25.9,49.6,34,43,45.7,443,135,6,8,800,73,12712,15824,5325,5948,5680,6512,1407,2605,343,1215,227,77,1319,528,1310,618,390,273,273,72,302,561,259,342,289,716,10,19730,1848,5838,9605,4467,630,19722,516,238,10810,458,131,615,320,12578,76,1,0,438,351,63,8,3,2,1427,410,378,39,122,85,13,3,3,0,0,33.6,164,446,850,157,290,380,21,61
Ath Paranaense,26.2,46.9,38,39,47.0,587,184,1,2,1027,73,12940,16585,5137,5898,5987,7043,1579,2893,448,1200,307,99,1496,582,1471,664,414,275,299,90,273,598,325,449,368,841,9,20786,2103,5935,9754,5315,784,20784,625,298,11137,430,125,476,321,12800,92,6,2,496,383,50,1,3,0,1587,674,607,46,173,124,9,3,0,3,0,48.4,191,449,632,128,296,536,20,17
Atl Goianiense,26.5,47.4,38,28,40.6,531,163,3,5,946,44,12615,16234,5086,5892,5597,6602,1610,2876,405,1259,266,96,1432,598,1416,583,367,265,242,76,240,555,315,419,344,802,10,20353,2145,6253,8869,5459,737,20348,632,270,10822,488,116,560,295,12489,109,11,4,477,426,48,5,9,2,1646,569,608,58,176,117,7,9,6,3,0,55.0,189,484,786,135,300,520,43,32
Atlético Mineiro,28.1,57.2,38,47,46.0,505,149,11,13,931,76,16634,20059,7250,8034,7360,8327,1730,2918,357,1343,296,98,1545,605,1533,691,418,330,273,88,333,621,288,372,312,781,5,24139,2350,7445,11460,5426,644,24126,621,277,13607,512,107,592,337,16495,113,12,9,495,466,60,11,7,1,1618,549,505,54,165,110,9,7,5,2,0,56.8,137,326,891,155,268,486,22,36
Bahia,27.7,55.8,38,49,51.3,512,172,2,2,946,91,18086,21267,8166,8958,8006,8932,1447,2352,414,1403,346,98,1746,736,1738,587,375,283,233,71,279,611,332,330,334,698,16,25054,2328,7731,11732,5812,752,25052,646,288,15248,563,136,508,316,17957,83,1,0,436,478,67,1,3,0,1535,473,414,49,164,114,10,3,2,1,0,46.4,145,335,1181,218,250,534,52,82
Botafogo (RJ),27.9,53.8,38,58,57.3,570,200,4,6,1040,101,15519,18939,6455,7261,7082,8011,1672,2768,444,1415,352,105,1703,629,1687,624,400,308,241,75,292,582,290,366,318,781,11,22951,2102,6428,10989,5730,837,22945,601,295,13050,452,155,521,388,15368,96,4,1,577,409,68,5,6,0,1589,558,549,29,132,102,18,6,5,1,0,38.2,143,376,938,132,280,517,26,49
Corinthians,26.3,50.8,38,54,49.1,553,192,5,6,986,97,13954,17320,5843,6624,6211,7099,1538,2649,424,1163,303,88,1436,620,1426,661,387,293,284,84,334,708,374,427,359,812,11,21612,2235,6886,9954,4995,753,21606,671,317,12114,457,140,549,368,13837,111,7,3,492,530,61,5,7,2,1536,480,474,45,179,135,10,7,6,1,0,49.4,134,361,791,176,282,547,23,22
Criciúma,30.0,42.9,38,42,37.4,504,166,0,0,868,69,11892,15395,4912,5689,5083,6015,1575,2836,366,1054,264,91,1310,485,1296,645,405,347,225,73,329,705,376,478,335,978,13,19804,2402,6914,8459,4669,647,19804,649,310,10114,397,101,583,384,11798,99,6,3,503,391,70,0,6,1,1646,568,521,61,199,137,6,6,4,2,0,63.5,184,470,690,145,356,654,28,14
Cruzeiro,26.9,53.1,38,43,40.0,492,152,4,5,896,74,15498,18977,7141,7987,6402,7332,1501,2590,366,1229,289,73,1452,642,1437,600,389,250,266,84,289,582,293,393,301,753,18,22879,2239,7005,10624,5448,687,22874,667,306,13097,532,113,513,285,15364,97,6,2,486,416,54,0,2,1,1583,441,479,41,173,133,12,2,2,0,0,49.9,80,220,766,179,280,553,21,22
Cuiabá,27.8,42.6,38,28,31.9,379,111,4,5,676,49,12134,15383,5191,5908,5125,5977,1470,2598,276,990,211,71,1123,486,1106,597,374,323,224,50,285,557,272,404,302,883,12,19387,2350,6790,8703,4112,529,19382,645,316,10182,348,91,514,326,12023,107,1,0,446,415,55,4,7,0,1436,519,493,49,181,131,10,7,6,1,0,53.9,213,474,759,150,343,685,30,11
Flamengo,27.3,55.8,38,60,56.4,559,199,9,11,1028,111,16485,19837,7595,8421,6761,7686,1644,2621,435,1539,368,78,1774,729,1758,645,421,287,244,114,276,572,296,380,293,655,10,23844,2111,6435,11133,6472,942,23833,777,354,13960,578,187,526,338,16297,75,4,2,434,500,55,8,5,1,1578,513,443,42,130,87,10,5,2,2,1,43.8,155,375,1070,157,242,470,51,23
Fluminense,30.4,55.5,38,31,37.6,449,154,1,4,807,53,17063,20314,8626,9410,6501,7345,1281,2353,345,1294,210,77,1390,629,1373,652,393,283,273,96,315,611,296,362,299,762,16,24572,2436,7701,11541,5518,628,24568,869,378,14189,456,146,595,442,16933,115,5,2,462,542,38,3,4,0,1578,439,506,39,173,134,13,4,4,0,0,53.1,88,305,653,159,301,545,28,29
Fortaleza,29.8,42.7,38,51,43.6,451,141,3,5,807,93,11534,15022,4883,5594,4947,5920,1502,2850,330,1049,189,59,1169,544,1156,654,404,316,280,58,297,633,336,464,329,906,19,19190,2161,6039,9370,4003,600,19185,610,303,10140,401,148,528,320,11425,99,10,3,495,464,59,3,5,0,1550,502,548,39,195,156,13,5,5,0,0,52.5,194,511,680,150,301,645,44,13
Grêmio,28.5,46.0,38,42,43.4,446,156,3,3,804,70,12956,16402,5935,6758,5446,6411,1219,2361,341,1007,285,54,1354,596,1336,653,389,309,266,78,291,570,279,419,322,807,6,20644,2212,6302,9335,5259,774,20641,826,416,11091,465,176,607,432,12829,88,7,0,408,486,37,3,10,2,1547,517,506,50,183,133,8,10,8,2,0,52.1,185,555,777,139,324,600,33,18
Internacional,27.5,52.7,38,52,58.4,542,186,4,8,966,92,14964,18667,6522,7399,6706,7789,1331,2478,406,1286,337,85,1568,647,1555,693,448,268,319,106,323,669,346,395,340,761,14,22974,1867,6103,11016,6092,910,22966,722,351,12823,466,153,612,350,14820,99,1,0,575,436,60,7,5,0,1687,577,630,36,139,102,12,5,4,1,0,36.8,153,453,783,137,227,501,37,47
Juventude,28.1,47.1,38,48,42.9,491,171,0,1,852,83,12567,16155,4913,5705,5829,6823,1564,2755,372,950,230,88,1230,488,1216,689,409,308,304,77,318,649,331,419,349,761,13,20277,2543,7500,8829,4163,624,20276,553,259,10745,348,79,504,312,12452,113,13,9,468,505,51,1,11,1,1594,555,563,59,189,129,6,11,9,2,0,61.7,146,415,978,157,287,577,46,41
Palmeiras,26.6,53.7,38,58,67.0,664,212,8,9,1166,94,13980,17787,5769,6621,6223,7264,1667,3029,474,1349,327,105,1707,698,1688,676,410,281,315,80,316,684,368,380,328,677,8,22044,1887,5985,10458,5851,872,22035,722,326,11921,508,162,546,317,13817,90,5,1,524,482,78,7,2,1,1626,573,569,33,152,120,16,2,1,0,1,41.4,153,482,909,181,248,450,41,27
RB Bragantino,24.8,47.3,38,44,39.4,494,159,3,3,857,79,11963,15812,4950,5792,5130,6204,1521,2868,359,1061,233,65,1272,563,1250,666,440,328,256,82,314,598,284,399,336,938,12,20203,2296,6434,8873,5109,678,20200,670,333,10462,470,159,572,333,11819,101,4,0,496,451,38,2,3,1,1586,581,728,48,183,134,6,3,1,2,0,56.5,152,490,899,177,299,653,34,62
São Paulo,28.5,57.5,38,51,40.3,468,153,3,4,842,86,17823,20943,7219,7916,8280,9153,1931,2926,362,1369,273,82,1546,622,1532,590,361,283,254,53,275,567,292,353,272,664,18,24639,2327,7748,12033,5080,719,24635,677,327,14760,530,132,540,319,17672,95,3,2,459,488,58,4,3,3,1557,501,448,43,148,108,12,3,3,0,0,34.6,157,370,913,160,279,472,30,17
Vasco da Gama,27.5,48.9,38,42,36.8,437,136,1,3,785,75,13749,17265,6044,6838,5733,6669,1626,2786,330,1168,255,98,1330,549,1325,731,485,371,289,71,347,677,330,415,351,891,14,21416,2245,6913,10080,4645,586,21413,578,286,11503,442,95,525,344,13630,94,7,2,470,433,60,3,0,0,1569,569,524,56,203,147,8,0,0,0,0,61.2,178,448,728,165,320,602,30,15
Vitória,27.0,42.4,38,44,42.5,456,146,7,7,816,73,11780,15070,4826,5501,5416,6349,1253,2387,328,886,206,101,1167,530,1153,656,406,341,259,56,322,619,297,419,360,912,10,19320,2325,6597,8907,4019,589,19313,666,306,10735,397,97,571,375,11669,103,6,1,446,471,54,5,4,2,1587,581,629,52,164,114,9,4,3,0,1,44.8,137,453,850,120,288,666,31,15
Blackburn,27.1,49.1,46,52,51.7,468,153,3,3,823,96,15923,20764,6857,7928,6853,8146,1766,3519,345,1040,304,84,1396,612,1377,833,520,408,334,91,405,713,308,513,382,1470,18,26426,3101,10048,11084,5535,850,26423,711,311,13308,440,161,752,441,15817,101,4,3,586,507,95,3,4,0,1835,913,912,48,174,125,15,4,3,1,0,52.9,192,702,1093,146,365,695,26,20
Bristol City,25.6,51.0,46,59,59.4,593,183,3,3,1059,105,17083,22337,7291,8424,7841,9334,1573,3490,460,1542,383,103,1776,727,1760,755,487,303,357,95,355,678,323,471,354,1160,18,27456,2424,7629,12745,7310,1058,27453,604,252,14748,488,229,652,385,16970,77,3,1,470,497,77,3,2,0,1870,847,763,55,172,117,10,2,2,0,0,54.6,236,770,1123,218,313,555,37,79
Burnley,24.9,56.6,46,66,57.5,557,170,4,4,981,113,20211,24704,8619,9586,9360,10607,1824,3463,416,1420,347,91,1739,794,1727,699,420,297,310,92,335,607,272,444,337,1058,17,29585,2927,9619,13316,6870,1020,29581,756,326,16732,524,237,676,410,20024,84,3,1,530,531,65,3,2,0,1777,578,681,16,107,89,30,2,0,2,0,27.9,150,582,1467,198,309,540,32,50
Cardiff City,26.7,46.8,46,46,47.2,561,185,1,2,959,78,14573,19561,6390,7474,6254,7723,1608,3332,404,1235,273,94,1494,650,1479,813,513,382,317,114,383,672,289,471,371,1196,17,24779,2682,8267,10821,5947,848,24777,727,355,12690,447,181,672,394,14459,79,4,0,542,485,94,2,4,4,1766,853,802,73,193,123,8,4,3,1,0,65.1,203,708,1072,136,348,568,22,58
Coventry City,25.4,54.3,46,63,67.9,603,191,2,4,1043,105,17595,22467,8074,9157,7538,8801,1523,3369,457,1440,358,133,1703,779,1684,695,427,332,265,98,329,600,271,471,355,1178,15,27532,2762,8589,12511,6669,1069,27528,563,239,15145,541,214,686,411,17420,75,1,0,504,463,82,3,1,3,1720,811,772,58,170,115,13,1,1,0,0,53.0,195,610,1277,142,311,577,19,69
Derby County,27.5,43.8,46,43,46.5,461,140,2,2,768,73,11757,17017,4576,5573,5283,6732,1632,3657,311,931,247,110,1225,557,1212,845,532,386,356,103,366,667,301,555,440,1313,15,22549,2653,8115,9414,5243,866,22547,626,278,9977,321,111,717,384,11647,90,0,0,555,418,81,2,3,1,1876,962,945,56,167,110,12,3,1,2,0,56.7,258,901,1080,188,337,642,53,33
Hull City,25.2,50.0,46,40,52.0,522,156,4,5,931,70,17093,21724,7529,8537,7658,8916,1438,3059,385,1196,349,112,1434,782,1415,710,458,341,284,85,317,634,317,479,314,1367,24,27052,3543,10296,10802,6214,882,27047,738,346,14936,495,192,698,419,16920,77,3,2,543,471,91,5,6,2,1849,753,824,54,172,119,7,6,4,1,1,53.4,131,470,1731,194,356,717,38,65
Leeds United,25.4,61.3,46,91,89.1,755,249,3,4,1329,154,22829,27268,10764,11890,10067,11346,1456,2704,562,1839,486,81,2236,967,2213,685,411,263,290,132,332,637,305,379,345,909,11,32230,2150,8777,15504,8198,1328,32226,765,345,19039,658,271,633,460,22644,70,0,0,472,557,104,4,4,4,1802,666,687,30,99,72,25,4,3,1,0,26.1,97,379,1329,201,221,414,39,41
Luton Town,26.5,45.2,46,43,50.1,526,152,2,2,907,64,12033,17305,5075,6142,4936,6253,1602,3778,375,1061,337,94,1311,577,1293,753,454,349,293,111,358,692,334,527,353,1326,15,22964,2548,7753,9140,6327,1045,22962,790,335,10865,379,162,737,444,11926,90,7,4,577,525,91,1,3,1,1825,1065,982,69,198,129,11,3,2,1,0,62.3,386,1066,1252,126,375,631,29,76
Middlesbrough,25.3,55.4,46,62,67.3,660,206,5,7,1172,108,21092,25398,9913,10882,9058,10213,1660,3156,525,1644,441,63,2109,929,2100,756,478,357,301,98,372,661,289,471,334,1099,28,30650,2850,9495,13697,7707,1220,30643,821,343,16743,611,308,661,425,20935,69,2,2,432,540,99,7,0,3,1842,547,599,56,168,115,13,0,0,0,0,52.8,99,467,1163,219,322,617,45,60
Millwall,26.7,43.0,46,47,53.5,519,157,2,4,901,79,11166,16497,4677,5829,4601,5941,1492,3561,381,965,271,101,1327,469,1305,904,588,420,368,116,383,678,295,491,441,1363,13,22229,2403,7367,9636,5460,883,22225,634,271,9773,371,148,714,487,11062,75,1,0,597,519,99,3,3,4,1874,1050,1041,49,154,108,16,3,1,1,1,46.8,230,911,985,106,308,655,32,46
Norwich City,25.1,57.8,46,68,64.4,543,188,1,2,939,119,21888,26188,10522,11450,9405,10575,1506,3005,401,1336,328,64,1610,691,1598,774,482,367,307,100,372,735,363,493,335,1033,19,31304,3653,11791,13986,5762,927,31302,744,339,18366,497,171,704,431,21707,86,2,1,543,486,87,1,7,2,1896,562,527,68,179,112,8,7,6,1,0,57.2,93,387,1421,235,323,635,29,78
Oxford United,26.7,43.6,46,49,42.1,448,149,0,0,751,83,13729,18679,5638,6563,6204,7477,1570,3700,321,907,186,61,1032,470,1017,764,445,367,322,75,386,709,323,545,413,1490,17,24182,3438,9718,10350,4340,674,24182,640,248,11518,309,122,669,359,13607,81,0,0,477,482,78,0,4,2,1720,834,836,65,206,141,13,4,2,2,0,74.4,282,886,1422,197,444,810,38,51
Plymouth Argyle,25.4,42.4,46,46,40.3,417,138,3,3,708,67,12584,17416,4995,5965,5925,7212,1431,3386,304,903,212,53,1133,518,1116,850,532,444,325,81,404,726,322,575,376,1615,21,23146,3379,9656,9670,4043,670,23143,630,252,11026,340,150,699,364,12439,85,6,2,541,506,83,2,4,2,1693,755,948,88,246,160,3,4,4,0,0,92.9,262,1059,1548,187,438,785,27,42
Portsmouth,26.5,45.1,46,57,55.2,508,155,5,7,854,96,11670,17391,4850,6034,5104,6681,1467,3745,335,1055,273,104,1241,504,1216,670,391,262,294,114,314,642,328,532,433,1253,16,22669,2605,7378,9583,5925,815,22662,585,223,10419,357,118,684,336,11540,113,1,0,554,538,79,6,4,5,1740,1117,1095,71,211,145,10,4,4,0,0,68.4,359,1183,1385,103,332,631,15,110
Preston,26.8,48.3,46,47,51.6,494,148,2,2,851,78,14756,19861,6390,7482,6335,7667,1691,3675,378,1149,287,78,1377,570,1362,801,490,373,326,102,367,690,323,546,371,1307,13,25133,2890,9140,10790,5425,802,25131,576,236,12788,394,148,689,358,14650,119,5,3,583,515,89,2,7,1,1860,901,771,59,166,106,13,7,6,1,0,51.7,308,795,1430,249,368,664,40,71
QPR,26.1,46.5,46,49,47.9,526,171,2,3,891,79,14888,19648,6534,7570,6393,7682,1591,3409,384,928,242,79,1210,560,1184,757,462,380,286,91,349,623,274,514,354,1393,12,25012,3097,10089,9884,5271,849,25009,631,264,12846,397,155,703,419,14716,95,3,1,500,548,84,1,3,3,1707,830,805,63,178,118,10,3,3,0,0,61.1,207,664,1303,186,355,688,11,39
Sheffield Utd,24.8,51.4,46,59,62.0,592,184,3,5,1016,97,17024,21569,7522,8535,7355,8550,1764,3434,431,1318,334,62,1632,634,1613,765,491,379,301,85,353,636,283,493,363,1255,14,26906,2853,8723,11973,6440,1081,26901,738,347,14289,451,221,690,402,16894,96,2,1,512,505,69,5,5,1,1744,801,690,36,149,113,22,5,4,1,0,41.1,264,700,1436,198,308,666,63,37
Sheffield Weds,27.1,48.2,46,56,62.7,587,174,2,4,1012,99,14615,19367,6683,7754,5995,7286,1472,3112,446,949,374,107,1507,692,1481,762,451,383,292,87,352,644,292,449,410,1211,15,24681,2858,8848,10349,5711,1026,24677,720,293,12534,500,189,644,424,14442,87,2,1,558,518,81,4,6,0,1796,872,732,69,170,99,9,6,4,2,0,67.0,227,671,1368,159,327,598,34,40
Stoke City,24.1,46.9,46,44,50.8,469,150,5,6,803,76,14510,19226,6014,6954,6685,7947,1452,3328,319,1052,256,60,1299,597,1283,707,442,315,282,110,298,610,312,504,369,1302,21,24562,3159,9411,10407,4983,812,24556,736,283,12793,399,197,675,362,14374,107,0,0,540,427,99,6,5,5,1663,689,819,62,209,151,14,5,3,1,1,71.4,196,700,1336,209,357,753,50,102
Sunderland,23.5,49.1,46,55,58.1,584,180,1,5,1045,91,16603,20874,6465,7485,7940,8976,1721,3228,441,1475,361,86,1837,888,1814,770,456,382,282,106,360,715,355,491,355,1207,15,26336,2796,8730,11700,6214,1078,26331,928,408,14549,547,279,717,440,16442,101,4,1,493,571,79,5,5,5,1872,646,684,44,138,98,17,5,4,1,0,41.0,169,569,1264,212,350,612,27,32
Swansea City,25.5,57.6,46,48,56.3,495,159,2,3,883,80,19512,24361,8584,9637,8732,9968,1801,3643,385,1409,316,129,1697,801,1671,753,458,318,332,103,324,640,316,513,353,1111,39,29443,2953,9855,13520,6331,808,29440,727,308,16817,569,134,722,388,19239,71,1,0,483,583,97,1,4,3,1920,681,890,56,166,113,14,4,4,0,0,54.5,310,965,1674,188,327,600,40,38
Watford,25.3,52.4,46,52,55.3,521,159,7,7,939,91,17157,21736,8309,9256,6878,8173,1488,3163,384,1192,266,69,1434,816,1417,717,482,380,255,82,356,620,264,460,370,1221,33,27057,2911,9691,11835,5799,906,27049,823,366,14509,556,262,769,428,17021,103,6,3,564,487,81,5,1,1,1735,730,720,61,201,140,12,1,0,1,0,68.6,198,642,1187,192,375,678,26,45
West Brom,26.7,54.1,46,56,58.5,590,166,1,1,1043,102,18953,23412,8293,9238,8577,9811,1692,3302,449,1373,307,105,1655,858,1641,693,412,358,255,80,327,595,268,435,328,1264,17,28525,2961,9816,12560,6366,1006,28524,778,359,15943,501,250,638,364,18772,79,4,1,427,552,76,1,1,3,1735,743,681,47,155,111,14,1,1,0,0,44.9,214,692,1480,217,313,685,42,55
Arg Juniors,25.0,56.3,27,20,25.5,383,93,1,2,651,35,9805,12896,3823,4504,4359,5188,1377,2487,270,878,217,61,1078,416,1067,508,300,246,217,45,251,469,218,284,257,482,5,16017,1394,5000,7404,3771,534,16015,555,267,8549,286,68,450,326,9700,68,6,3,307,312,68,1,4,1,1255,423,456,28,90,63,10,4,4,0,0,26.4,126,323,605,85,198,301,6,18
Atlé Tucumán,26.8,48.0,27,28,34.5,343,103,2,4,581,43,6979,10419,3005,3781,2773,3648,984,2219,239,766,218,63,910,258,900,535,333,251,220,64,253,459,206,356,253,715,5,13787,1385,4205,6218,3500,532,13783,353,143,5673,208,59,497,205,6916,57,3,1,355,244,58,3,3,1,1221,589,521,27,95,68,11,3,2,1,0,27.5,203,525,467,47,231,419,15,25
Banfield,25.4,45.5,27,21,27.5,272,79,3,6,457,34,6557,9571,2389,2979,2995,3835,1022,2132,185,602,150,67,767,315,760,550,351,264,223,63,260,507,247,320,239,650,6,12698,1513,4535,5490,2821,416,12692,446,206,5838,242,52,457,276,6493,74,6,4,322,298,54,3,5,0,1153,493,483,36,109,71,5,5,3,2,0,31.8,103,320,526,116,237,411,26,10
Barracas Central,25.7,46.0,27,15,20.1,306,78,1,1,524,25,7179,10169,3065,3776,3011,3817,925,1951,220,614,121,51,728,290,720,508,302,249,209,50,271,496,225,315,236,770,12,13601,1666,4782,6260,2730,345,13600,550,238,6131,221,46,507,337,7113,58,2,2,315,339,30,1,4,3,1090,495,457,33,134,104,8,4,4,0,0,36.4,178,447,553,133,278,512,30,24
Belgrano,27.9,48.5,27,33,28.4,291,104,0,1,495,56,8124,11096,3573,4272,3366,4194,948,1940,224,724,178,69,909,340,899,486,294,229,187,70,232,438,206,299,250,751,5,14260,1721,4863,6329,3213,487,14259,421,192,7020,226,73,457,248,8039,74,4,3,321,254,61,0,2,1,1156,439,438,32,117,86,7,2,2,0,0,30.9,133,397,629,95,250,548,48,26
Boca Juniors,27.2,56.2,27,28,33.3,283,105,1,1,484,46,10148,12974,4188,4810,4573,5391,1120,2092,198,795,187,47,1054,427,1045,490,317,223,210,57,263,475,212,261,239,513,6,15919,1539,5191,7496,3364,436,15918,508,241,8275,267,80,452,251,10060,78,6,4,345,350,37,0,4,0,1157,354,342,23,105,80,11,4,2,2,0,30.5,63,257,551,140,228,410,21,13
Cen. Córdoba–SdE,24.8,52.4,27,28,27.9,310,89,3,4,557,48,9378,12343,3991,4622,4120,4944,1075,2103,230,815,141,41,1074,403,1062,488,307,225,219,44,212,470,258,282,239,517,6,15467,1358,4525,8003,3108,418,15463,566,246,7849,314,92,477,269,9290,58,4,0,334,316,43,3,3,0,1292,337,410,36,114,77,6,3,2,1,0,33.3,100,328,531,124,192,323,24,23
Defensa y Just,26.1,53.7,27,25,30.1,361,107,1,1,640,43,9393,12293,3990,4647,4008,4805,1187,2148,273,870,188,66,1027,352,1019,438,268,198,186,54,226,428,202,317,248,661,2,15547,1729,5061,7134,3503,444,15546,442,199,7836,294,67,525,244,9295,76,6,3,296,293,35,1,6,2,1210,491,444,33,102,68,8,6,3,3,0,34.3,164,388,666,111,281,468,19,12
Deportivo Riestra,29.3,32.3,27,26,26.5,262,92,3,4,439,42,3905,7183,1527,2156,1473,2406,790,2134,182,542,158,33,673,186,664,501,318,244,196,61,238,470,232,327,259,854,4,10540,1634,3879,4112,2670,451,10536,375,164,3602,151,39,462,240,3844,66,5,2,348,277,32,4,4,0,1036,508,608,27,122,95,12,4,4,0,0,35.9,263,730,643,37,282,616,42,35
Estudiantes–LP,27.9,55.9,27,35,32.6,358,123,3,5,631,62,10699,13795,4451,5204,4782,5659,1245,2221,274,1000,209,71,1260,386,1247,485,301,188,244,53,215,450,235,318,276,581,6,17005,1389,4584,8696,3889,552,17000,505,250,8832,337,91,487,262,10607,66,1,1,329,286,42,2,4,2,1298,519,524,34,103,71,5,4,4,0,0,33.9,92,255,503,143,209,417,35,18
Gimnasia–LP,27.6,49.8,27,20,25.1,308,99,3,3,522,34,8044,11391,3305,4074,3365,4314,1172,2305,220,853,213,94,1119,390,1108,593,414,286,231,76,277,527,250,329,295,668,5,14861,1456,4426,6789,3810,492,14858,488,223,6914,279,73,545,242,7955,65,7,1,356,253,47,2,2,1,1408,488,501,23,90,68,10,2,1,0,1,21.7,144,373,550,145,243,440,44,30
Godoy Cruz,24.9,49.3,27,31,31.0,307,94,2,3,516,50,7750,10698,3048,3712,3368,4188,1150,2212,204,722,144,53,904,331,893,508,337,226,232,50,242,472,230,298,262,578,9,13885,1403,4563,6399,3080,443,13882,449,197,6667,257,82,551,270,7696,59,1,0,344,264,33,1,2,2,1131,420,445,28,102,74,7,2,0,2,0,32.5,210,501,812,119,220,359,27,30
Huracán,28.9,48.3,27,26,25.0,276,80,3,3,475,45,7996,11178,3262,3910,3375,4256,1153,2344,192,656,174,56,870,312,860,527,344,240,245,42,245,511,266,359,261,601,1,14412,1465,4925,6574,3040,425,14409,388,165,6813,224,55,480,254,7916,63,3,2,322,336,63,2,1,0,1222,499,527,18,81,63,15,1,1,0,0,23.3,123,432,659,87,233,401,26,9
Ind. Rivadavia,26.9,44.8,27,22,23.5,278,83,2,3,476,38,6609,9717,2617,3236,2857,3637,977,2210,204,636,132,60,820,359,809,456,312,230,190,36,222,416,194,314,272,713,3,12879,1399,4238,5956,2838,375,12876,444,202,5666,248,63,467,228,6551,67,3,1,280,314,53,2,4,0,1119,470,555,25,94,68,11,4,3,1,0,23.4,129,434,419,66,260,466,27,10
Independiente,27.1,50.9,27,24,26.8,318,110,3,4,543,44,7872,10865,3128,3794,3419,4250,1150,2142,220,668,181,75,976,349,967,458,301,179,212,67,231,428,197,266,244,547,5,13969,1381,4429,6438,3266,526,13965,529,253,7216,253,72,536,281,7782,90,6,3,333,368,41,4,3,0,1190,448,448,17,81,63,15,3,2,1,0,23.1,152,368,596,92,223,361,31,16
Instituto,25.4,48.5,27,31,28.1,334,97,2,3,566,51,7447,10711,3082,3800,3115,4037,1055,2254,229,789,161,59,879,264,870,433,283,199,186,48,198,384,186,350,234,634,2,13784,1333,4215,6284,3422,466,13781,367,155,6603,237,60,469,214,7381,62,4,0,299,310,27,2,3,1,1164,523,565,31,94,63,7,3,2,1,0,29.2,148,371,520,73,220,428,37,13
Lanús,28.6,50.0,27,28,29.4,338,112,1,1,585,47,8807,11720,3729,4445,3750,4549,1117,2071,242,740,159,64,954,355,947,461,282,210,202,49,249,454,205,322,312,646,8,15007,1525,4805,7070,3285,449,15006,521,251,7178,278,80,487,275,8717,52,6,1,295,314,42,1,3,1,1189,474,428,31,117,86,9,3,2,1,0,34.0,140,384,600,131,243,419,19,26
Newell's OB,26.4,51.1,27,21,30.0,329,102,3,5,572,36,8015,11052,3080,3771,3604,4462,1113,2160,246,766,161,70,947,360,943,470,305,222,183,65,230,429,199,290,232,567,4,14106,1369,4381,6662,3217,440,14101,478,224,7142,275,53,461,254,7920,77,3,1,335,347,42,3,3,1,1170,495,499,35,99,65,8,3,2,0,1,30.9,141,399,636,96,209,377,25,27
Platense,25.9,40.5,27,20,23.7,275,79,4,5,455,35,5473,8913,2245,2987,2102,3114,972,2191,183,630,149,74,745,265,735,602,383,287,237,78,285,534,249,334,318,685,2,12401,1170,3956,5391,3187,431,12396,423,180,4841,214,47,495,244,5403,72,4,1,325,280,22,4,2,0,1220,631,514,18,88,70,14,2,1,0,1,21.4,199,561,504,35,210,356,25,30
Racing Club,26.7,55.0,27,41,35.2,398,121,3,5,674,64,9314,12365,3611,4263,4156,5010,1340,2436,280,910,205,66,1149,411,1142,468,307,202,202,64,218,417,199,284,237,606,8,15529,1391,4511,7355,3824,552,15524,457,231,8068,313,98,489,238,9235,63,2,1,333,278,57,2,3,1,1209,437,396,30,97,67,11,3,1,1,1,25.5,119,321,560,87,210,325,12,26
River Plate,28.0,65.0,27,38,44.9,432,146,5,5,798,64,12800,15902,5539,6425,5656,6554,1306,2122,330,1243,270,73,1510,514,1499,505,334,220,220,65,242,416,174,299,263,448,6,19121,1275,4846,9530,4916,678,19116,583,260,10964,430,121,498,285,12694,71,2,1,347,341,52,2,5,0,1343,443,372,21,89,67,11,5,4,1,0,24.9,70,156,514,149,188,283,13,24
Rosario Central,28.0,51.1,27,26,25.6,274,78,3,5,480,47,8161,11357,3487,4195,3462,4377,1013,2075,197,690,161,55,900,376,896,498,329,219,219,60,217,421,204,333,314,570,8,14536,1367,4777,6696,3231,417,14531,455,212,7335,269,65,483,267,8103,90,2,2,348,330,56,4,4,1,1242,481,438,30,116,87,7,4,3,0,1,29.3,134,340,539,130,202,340,14,10
San Lorenzo,25.7,53.3,27,20,24.7,299,80,5,6,516,33,8431,11506,3478,4207,3732,4600,956,1983,196,786,156,57,955,355,944,519,342,242,207,70,246,440,194,287,252,570,5,14731,1319,4373,7210,3299,438,14725,539,230,7265,285,62,499,261,8349,57,3,1,295,395,44,4,2,2,1205,508,469,26,88,64,7,2,2,0,0,25.7,119,340,491,73,231,363,10,15
Sarmiento,28.1,37.8,27,17,24.9,276,76,2,2,456,29,5272,8467,2166,2829,2209,3072,743,1974,199,529,125,48,690,257,681,490,294,260,173,57,235,456,221,314,265,759,7,11701,1600,4288,4965,2582,393,11699,387,171,4635,206,53,426,215,5213,65,2,1,366,252,48,2,2,1,1133,471,544,28,118,91,10,2,2,0,0,33.1,155,522,444,53,305,466,17,9
Talleres,26.9,55.3,27,34,31.6,371,106,2,2,631,63,10123,12834,3924,4540,4668,5437,1290,2197,267,922,209,68,1087,419,1083,473,302,235,184,54,199,362,163,286,253,575,5,16035,1433,4673,7817,3688,489,16033,511,237,8693,324,81,493,261,10031,71,4,1,297,291,52,2,4,1,1192,385,414,27,92,66,11,4,4,0,0,21.9,178,401,622,75,202,404,29,18
Tigre,24.7,52.0,27,25,26.7,289,93,2,2,491,41,9717,12737,4051,4781,4401,5286,1013,1931,211,741,180,51,1037,475,1026,490,301,211,226,53,241,447,206,302,251,617,8,15980,1634,4959,7633,3553,460,15978,540,252,8444,345,90,464,292,9632,49,1,1,319,271,48,1,3,1,1218,473,437,30,107,78,9,3,3,0,0,32.3,80,237,588,149,239,457,39,15
Unión,26.1,49.0,27,25,28.2,342,92,3,3,591,42,7690,10824,2631,3314,3713,4600,1209,2328,242,757,209,80,971,337,959,501,321,230,209,62,239,468,229,274,268,561,1,13970,1293,4397,6313,3412,484,13967,417,188,6780,272,60,488,241,7604,64,4,2,294,274,40,3,7,0,1169,480,482,26,97,70,12,7,6,1,0,27.5,130,378,493,115,232,371,21,21
Vélez Sarsfield,26.5,53.6,27,37,39.0,337,110,5,6,584,58,8885,12123,3852,4632,3707,4682,1070,1979,246,793,214,45,1201,508,1186,488,295,235,197,56,223,431,208,308,237,627,6,15475,1522,4780,6967,3910,548,15469,530,238,7550,348,100,550,290,8790,56,4,1,289,344,45,3,3,1,1357,432,489,16,80,64,16,3,2,1,0,18.7,100,302,602,144,215,356,16,22
Atlanta Utd,27.4,49.5,34,45,51.4,486,157,5,7,861,76,13502,16585,5775,6429,5750,6589,1631,2747,373,1066,276,83,1303,667,1286,513,331,258,201,54,253,486,233,359,287,711,9,20157,2298,6860,8528,4939,863,20150,520,247,11338,394,202,456,241,13360,54,2,1,369,309,46,6,6,1,1425,400,385,49,164,113,5,6,3,3,0,49.9,238,500,1004,150,268,450,25,29
Austin,28.6,49.9,34,39,39.6,338,100,4,6,615,73,12943,15909,5142,5784,5997,6816,1565,2605,248,1031,276,86,1263,442,1247,464,284,241,152,71,216,489,273,383,235,659,12,19160,2382,6994,7870,4434,651,19154,504,231,10372,319,102,408,255,12780,87,3,1,444,409,64,6,9,0,1251,356,393,48,178,129,8,9,8,1,0,54.6,181,481,1173,202,253,482,35,40
CF Montréal,24.7,50.1,34,46,43.7,357,125,4,4,645,84,15650,18693,7442,8177,6636,7485,1184,2161,271,1046,222,45,1231,515,1218,486,310,247,183,56,245,463,218,369,281,717,13,22136,2565,8185,9769,4335,570,22132,471,224,13323,427,111,505,253,15553,75,3,1,398,349,51,4,5,1,1546,299,354,64,182,119,8,5,5,0,0,64.3,77,294,1022,229,276,527,27,45
Charlotte,27.5,44.2,34,45,46.7,382,140,3,5,695,74,12203,15338,4657,5285,5815,6680,1452,2661,297,1043,262,68,1298,574,1293,435,254,204,156,75,217,420,203,371,251,713,11,18621,2290,6441,8039,4308,683,18616,467,213,10446,354,168,410,232,12108,76,2,0,357,333,56,4,1,0,1413,321,373,37,154,116,12,1,0,1,0,47.5,129,351,907,167,273,512,35,59
Chicago Fire,26.9,49.9,34,40,44.0,409,143,5,5,716,68,13790,17177,6035,6765,6193,7121,1275,2477,301,998,254,58,1243,568,1231,571,375,266,235,70,273,553,280,381,350,603,18,20738,1889,6728,9503,4665,707,20733,538,246,11871,405,162,506,267,13678,68,1,0,429,336,47,3,8,1,1567,397,402,62,168,107,4,8,8,0,0,58.3,111,355,690,164,265,382,25,33
Colorado Rapids,25.5,48.9,34,57,57.5,413,151,10,15,763,97,13135,16406,5985,6744,5480,6366,1293,2414,317,1205,317,67,1568,560,1550,525,305,233,211,81,284,585,301,397,282,639,10,20019,1771,5696,8807,5693,820,20004,553,251,11375,417,165,528,272,13028,51,2,1,327,384,73,11,4,2,1376,381,455,60,163,105,6,4,3,0,1,47.9,143,428,785,152,288,423,15,78
Columbus Crew,26.4,58.7,34,72,57.9,473,173,3,6,873,122,17957,20793,8867,9543,7388,8223,1329,2143,380,1429,309,70,1618,646,1608,484,282,215,190,79,247,439,192,323,276,455,17,24025,1987,7245,11074,5897,810,24019,621,301,14900,491,185,463,323,17692,45,5,1,283,451,67,4,4,0,1523,263,296,40,145,105,12,4,3,0,1,43.6,83,254,992,164,200,355,15,31
D.C. United,27.6,47.0,34,52,52.9,473,158,5,5,826,93,10850,14600,4679,5570,4412,5413,1465,2774,346,968,298,83,1246,477,1230,591,372,268,242,81,308,591,283,395,314,608,10,18249,1793,5464,8157,4833,804,18244,496,229,9898,378,111,480,273,10739,95,7,4,473,382,73,4,5,2,1608,689,502,70,157,89,2,5,5,0,0,60.6,358,815,1017,119,235,412,18,73
FC Cincinnati,26.5,53.7,34,57,48.4,482,178,3,4,852,100,14769,18039,6332,7169,6860,7744,1250,2182,366,1089,314,43,1412,635,1401,562,368,255,234,73,271,494,223,378,304,561,17,21803,1961,6825,9914,5279,810,21799,727,316,12784,489,184,527,321,14663,82,4,3,451,400,86,2,6,2,1623,451,368,48,144,97,7,6,5,1,0,45.4,98,284,738,149,238,425,28,25
FC Dallas,27.1,48.9,34,51,41.8,414,146,5,6,729,90,14097,17111,6986,7699,5650,6458,1151,2165,297,967,261,59,1147,411,1140,487,327,242,182,63,233,455,222,346,273,693,18,20541,2371,7692,9015,3992,616,20535,418,181,11748,342,115,478,284,13976,74,1,1,430,397,63,4,8,2,1390,350,347,56,191,134,7,8,5,3,0,55.9,132,327,907,141,272,441,12,42
Houston Dynamo,27.8,59.3,34,45,43.1,467,160,2,2,828,75,17338,20400,8363,9109,6827,7670,1624,2534,367,1249,317,60,1500,578,1493,510,338,249,187,74,265,492,227,304,239,570,17,23681,2225,7534,10711,5542,831,23679,510,232,14107,462,153,422,254,17179,75,2,1,427,407,80,1,5,1,1435,357,364,39,146,107,8,5,4,1,0,45.4,78,205,732,141,257,443,19,34
Inter Miami,27.5,54.7,34,78,53.8,399,181,1,1,731,148,16597,19694,7333,8108,7407,8227,1462,2380,318,1130,295,49,1409,515,1400,596,378,305,216,75,288,618,330,395,319,581,26,23130,2478,8011,10630,4675,752,23129,531,266,13331,386,137,449,231,16481,95,4,4,388,372,75,1,7,2,1598,270,280,49,159,110,6,7,5,2,0,49.9,84,262,923,186,276,444,36,30
LA Galaxy,27.4,56.7,34,68,63.8,489,195,4,8,884,118,18744,21525,9285,9997,7460,8175,1355,2168,379,1356,342,36,1639,700,1631,485,292,255,169,61,233,480,247,368,297,688,16,25046,2315,7688,11366,6203,864,25038,632,296,15241,533,216,450,280,18627,61,3,1,319,417,51,5,5,1,1426,262,283,50,178,128,7,5,4,1,0,52.7,91,336,715,157,289,498,22,12
LAFC,28.8,46.8,34,62,59.2,535,194,7,8,911,112,13159,16160,5324,5970,6288,7106,1337,2403,394,1079,291,54,1364,647,1344,605,377,322,194,89,308,617,309,370,388,664,9,20063,2080,6749,8677,4849,841,20055,754,325,11329,436,210,492,272,13047,74,5,3,450,365,56,7,3,3,1519,392,349,43,137,96,12,3,1,1,1,40.7,169,448,864,127,264,477,29,26
Minnesota Utd,26.7,44.3,34,55,53.2,448,163,5,6,749,91,11030,14555,4969,5823,4582,5498,1193,2421,321,936,292,52,1278,515,1262,542,342,273,205,64,272,509,237,364,339,746,8,18313,1957,6241,7772,4468,761,18307,581,274,9601,356,139,472,286,10916,74,4,3,472,321,50,3,4,1,1531,438,521,49,145,96,7,4,2,1,1,48.9,135,517,789,144,263,479,13,50
Nashville SC,28.7,47.6,34,37,44.8,383,110,5,7,660,69,12911,16102,4918,5575,6273,7156,1557,2730,285,982,231,78,1168,433,1157,507,327,272,186,49,251,498,247,371,341,656,9,19523,2184,6877,8875,3937,621,19516,428,184,10281,345,109,491,260,12790,59,2,0,362,386,64,5,5,3,1358,454,474,54,166,114,9,5,2,1,2,50.2,168,436,802,182,270,443,28,24
NE Revolution,27.4,51.0,34,36,36.8,405,136,1,1,723,62,14325,17530,5814,6525,6745,7604,1552,2674,301,1029,283,73,1356,570,1335,486,299,239,193,54,253,475,222,381,296,684,10,20999,2399,7507,9150,4557,654,20998,537,255,11696,443,137,478,290,14200,66,4,3,396,368,53,1,8,0,1486,404,391,74,203,127,5,8,6,2,0,71.1,143,447,758,98,300,435,14,12
NY Red Bulls,24.3,44.5,34,53,56.5,484,171,8,10,848,93,11789,15313,4882,5695,5390,6333,1334,2626,369,1132,273,65,1318,533,1306,497,314,218,198,81,234,487,253,392,307,608,11,18938,1791,5950,8371,4766,759,18928,514,243,10395,388,151,551,234,11690,58,6,2,400,341,56,9,6,2,1491,528,539,50,131,83,7,6,6,0,0,44.1,141,520,843,136,231,409,24,43
NYCFC,24.6,52.2,34,54,54.5,462,158,5,5,812,89,14612,17913,6744,7573,6197,7080,1236,2226,353,1142,338,74,1504,589,1496,533,344,214,226,93,261,503,242,391,285,605,15,21699,2156,6709,9829,5377,884,21694,659,294,11886,419,194,568,336,14479,73,4,0,436,404,73,4,5,0,1595,390,428,49,170,120,5,5,4,1,0,54.3,86,326,1112,208,228,422,29,33
Orlando City,27.4,52.5,34,56,50.6,447,151,4,5,802,95,15061,18232,7301,8045,6070,6917,1287,2314,350,1250,341,79,1607,591,1597,513,297,248,181,84,254,535,281,322,248,535,10,21495,1732,6161,9372,6141,807,21490,516,234,12096,459,149,446,250,14956,69,1,0,337,405,66,4,8,0,1513,322,434,50,136,84,9,8,6,2,0,50.0,116,292,569,121,253,374,23,36
Philadelphia Union,26.3,46.9,34,62,59.9,517,179,4,5,916,99,11648,15066,4976,5738,4871,5812,1592,2816,407,1049,301,86,1258,455,1247,601,359,279,231,91,292,541,249,411,341,626,5,18653,1776,5812,8190,4814,777,18648,335,144,9965,344,118,423,195,11536,64,1,0,374,346,69,3,2,2,1550,513,457,55,163,110,8,2,2,0,0,55.7,150,401,628,135,260,458,18,25
Portland Timbers,27.6,48.7,34,64,54.0,467,173,5,5,847,110,13679,16895,5632,6346,6098,6960,1639,2740,358,1130,321,69,1378,581,1365,586,367,288,217,81,271,553,282,399,325,712,15,20776,2136,6664,9690,4632,793,20771,659,303,11499,446,161,528,303,13563,68,3,1,404,442,47,4,4,2,1516,431,386,56,146,91,6,4,2,1,1,53.5,193,481,1010,145,294,476,35,49
Real Salt Lake,25.6,53.9,34,63,55.2,522,185,4,4,881,108,14990,18116,6455,7188,6625,7497,1637,2689,398,1237,286,56,1451,614,1438,495,326,198,238,59,221,480,259,405,312,589,16,21927,2057,6581,10309,5244,720,21923,674,294,12675,505,165,535,289,14825,75,2,1,450,395,66,1,6,1,1602,321,319,48,152,104,9,6,4,1,1,44.2,146,391,1077,185,233,405,36,46
Seattle Sounders,27.6,50.5,34,49,49.3,451,143,8,9,817,84,14601,17819,6578,7290,6170,7065,1514,2615,338,1189,286,57,1455,563,1435,538,341,249,211,78,247,452,205,398,331,654,14,21440,1968,6413,9738,5464,809,21431,571,268,11947,393,176,473,299,14463,55,8,4,342,415,32,8,5,0,1574,434,397,35,125,89,13,5,4,1,0,34.5,129,385,702,121,248,471,39,14
SJ Earthquakes,27.6,44.6,34,39,45.4,404,122,1,1,719,63,11984,15132,5050,5749,5266,6101,1383,2466,312,863,241,70,1129,493,1122,599,329,294,231,74,300,624,324,372,325,844,11,19002,2403,7015,8246,3935,608,19001,578,273,10250,329,111,516,259,11891,70,3,1,368,398,44,1,8,1,1446,383,395,78,190,112,2,8,7,1,0,62.5,161,374,767,151,286,534,30,25
Sporting KC,28.6,50.6,34,51,42.9,464,145,0,3,807,86,14104,17398,5937,6672,6280,7125,1567,2728,343,1199,228,60,1363,583,1347,574,332,250,229,95,261,518,257,366,296,536,13,20863,1811,6220,9314,5512,700,20860,576,250,12020,459,178,503,277,13973,65,3,1,422,399,60,3,5,4,1563,364,398,66,148,83,3,5,2,3,0,58.1,120,442,773,137,244,347,14,26
St. Louis,26.3,46.9,34,47,47.0,501,151,5,7,828,78,11395,14968,5056,5873,4909,5897,1180,2365,351,1014,323,68,1333,530,1329,598,376,247,249,102,312,603,291,453,327,673,15,18951,1888,6056,7970,5125,803,18944,534,256,9874,362,159,562,321,11288,91,1,1,492,374,51,4,6,4,1560,509,419,63,167,107,7,6,5,1,0,63.7,201,508,987,134,228,442,15,45
Toronto FC,27.4,49.9,34,38,38.9,377,128,3,6,679,68,14315,17420,6432,7135,6048,6872,1539,2631,289,1101,269,64,1302,530,1287,534,329,252,217,65,252,445,193,380,293,595,15,21022,2146,7335,9287,4604,741,21016,634,297,11865,404,168,520,299,14185,102,5,5,417,391,69,5,5,1,1583,418,406,61,161,101,8,5,5,0,0,57.1,122,388,901,141,241,416,23,45
Vancouver W'caps,26.7,47.6,34,50,49.4,425,140,2,3,754,83,14034,17006,4980,5524,7081,7922,1775,2896,326,1122,290,105,1258,442,1251,498,306,223,211,64,228,451,223,367,298,711,11,20379,2222,6718,9131,4693,736,20376,391,179,11748,365,99,453,209,13959,67,3,2,338,329,56,2,6,2,1403,432,414,49,138,90,7,6,5,1,0,50.2,137,394,795,100,215,472,21,18
Bari,27.9,50.6,38,39,46.8,498,136,3,5,899,65,12663,16247,5725,6565,5089,6149,1381,2506,376,1065,329,124,1342,633,1323,596,356,338,192,66,279,514,235,424,269,1031,14,20619,2206,6874,8752,5189,834,20614,557,264,10939,437,132,586,346,12543,101,1,0,605,521,57,4,6,0,1418,734,682,40,175,135,13,6,5,0,1,44.9,149,380,746,200,300,579,36,23
Brescia,26.2,46.6,38,39,42.4,517,156,2,2,905,70,11908,15735,4255,5069,5618,6703,1680,3061,370,1069,288,140,1225,541,1211,628,370,316,237,75,299,611,312,461,291,1040,9,20180,2282,6938,8675,4791,814,20178,496,206,9706,370,118,571,286,11784,91,2,0,533,547,54,2,9,1,1463,747,728,48,169,121,11,9,5,1,3,47.3,197,469,847,148,280,610,43,24
Carrarese,25.9,49.1,38,39,40.1,431,131,3,4,776,73,12443,16369,5020,5862,5360,6383,1463,2753,335,799,281,109,1086,572,1075,530,310,271,211,48,231,491,260,408,256,1041,9,20616,2471,7487,9011,4330,672,20612,647,285,11489,426,121,533,288,12324,90,5,1,548,493,55,3,8,0,1462,710,685,49,171,121,13,8,7,1,0,54.4,214,547,1034,121,338,584,41,30
Catanzaro,28.0,55.1,38,50,39.8,437,139,2,4,805,87,15376,18664,6846,7547,6848,7843,1436,2565,334,1097,272,90,1337,522,1328,385,229,198,136,51,170,372,202,320,296,929,18,22399,2760,8263,9632,4672,689,22395,464,222,13891,415,106,533,265,15150,79,4,2,460,577,44,4,5,2,1264,496,442,45,150,107,13,5,4,0,1,46.6,199,467,1385,108,311,601,37,40
Cesena,26.0,48.7,38,44,43.1,439,148,6,7,764,73,13682,17250,5988,6730,6175,7093,1256,2544,306,914,253,72,1182,526,1168,537,321,269,185,83,239,488,249,357,268,959,4,21368,2229,7631,9401,4583,685,21361,579,256,11119,383,139,552,320,13585,101,5,2,575,536,83,4,4,4,1408,464,549,47,138,92,11,4,1,3,0,45.1,73,366,774,201,271,507,29,33
Cittadella,26.9,45.2,38,30,31.2,423,114,1,1,727,53,10647,14945,4727,5657,4407,5624,1240,2751,299,1018,249,101,1302,505,1291,632,408,302,250,80,319,641,322,439,303,1175,14,19548,2169,6498,8160,5090,660,19547,525,227,9258,363,91,631,292,10546,111,2,2,692,518,83,0,8,5,1541,780,851,54,171,121,12,8,7,1,0,53.3,138,443,707,148,306,574,29,26
Cosenza,25.8,48.9,38,32,45.7,532,148,3,4,939,53,11313,15166,4833,5700,4972,6016,1276,2724,363,1056,233,87,1245,546,1228,538,330,280,200,58,245,498,253,425,276,1056,13,19612,2056,6060,8908,4848,703,19608,582,250,9560,397,111,590,257,11199,115,10,4,575,532,32,2,4,4,1350,664,699,56,162,110,7,4,3,0,1,48.8,266,690,1175,135,255,561,55,88
Cremonese,28.1,59.2,38,62,59.2,595,188,2,2,1071,111,16226,19798,7021,7814,7201,8212,1595,2725,446,1302,363,127,1663,751,1647,535,338,243,213,79,214,416,202,335,285,904,22,23920,2148,7548,10251,6324,944,23918,530,234,13562,563,155,561,275,16066,102,4,4,651,513,57,1,6,2,1523,681,627,44,116,74,8,6,5,0,1,40.6,160,400,1359,139,226,463,34,42
Frosinone,23.8,46.9,38,35,43.2,490,135,3,5,851,57,12569,15819,4973,5656,5947,6838,1472,2743,351,1134,267,90,1228,588,1212,535,339,240,219,76,270,480,210,331,234,960,14,19954,2268,6664,8904,4611,737,19949,571,249,9848,453,168,604,293,12437,85,6,1,534,625,42,4,7,0,1375,565,590,50,160,108,8,7,5,2,0,51.5,163,566,989,141,329,605,28,20
Juve Stabia,24.4,52.5,38,40,40.5,392,128,2,2,674,70,11710,15734,4735,5588,5315,6387,1318,2838,300,910,246,89,1114,479,1100,592,361,309,218,65,278,507,229,408,270,1170,12,20239,2445,7356,8712,4374,670,20237,587,248,10332,372,98,619,307,11478,96,5,1,692,606,71,1,7,0,1309,723,892,41,148,106,12,7,5,1,1,46.7,218,723,1171,143,266,571,63,27
Mantova,27.4,61.5,38,46,41.5,509,156,2,4,897,82,17447,20683,8086,8846,7712,8616,1297,2369,372,1100,269,81,1314,528,1306,451,256,239,161,51,222,453,231,380,220,940,14,24596,3110,9690,10469,4628,665,24592,527,216,14082,419,108,546,358,17217,88,4,1,519,783,52,3,2,1,1365,480,488,56,173,118,8,2,2,0,0,56.4,113,312,1349,110,279,580,21,36
Modena,26.4,48.7,38,46,42.8,448,138,6,6,811,80,12811,16520,5716,6657,5404,6378,1371,2639,323,1025,289,64,1374,556,1360,600,367,316,211,73,268,469,201,369,295,1128,5,20815,2355,7453,8720,4860,725,20809,512,252,10244,422,132,522,317,12689,94,8,0,480,558,58,5,4,2,1419,647,594,50,139,90,7,4,3,1,0,43.3,208,614,915,127,308,670,63,14
Palermo,26.5,49.4,38,49,56.7,559,172,5,7,982,83,12733,16227,5078,5827,5758,6706,1519,2775,394,1019,322,119,1330,634,1318,486,294,261,153,72,206,400,194,369,227,984,21,20390,2481,6873,8795,4904,862,20383,535,215,10648,425,131,588,263,12620,85,1,0,553,539,31,5,2,1,1366,655,589,43,148,106,11,2,2,0,0,39.9,176,479,1029,184,322,605,40,36
Pisa,25.8,46.2,38,58,55.7,487,134,4,5,829,93,10903,15159,4268,5272,4980,6275,1375,2751,338,1029,321,130,1265,487,1244,632,363,325,234,73,282,514,232,387,292,1170,15,19658,1971,6324,8478,5071,884,19653,463,203,9276,373,107,587,287,10769,76,3,0,625,424,39,4,2,1,1399,990,781,37,130,94,11,2,2,0,0,40.0,272,647,993,88,244,528,38,29
Reggiana,26.3,44.8,38,41,40.8,436,145,2,2,750,63,11362,15040,4910,5779,4893,5938,1234,2440,290,811,232,70,1066,598,1059,652,397,315,250,87,295,559,264,417,303,1166,11,19576,2257,7134,8491,4198,691,19574,560,247,10068,409,139,601,287,11265,110,4,0,595,574,86,2,2,4,1381,654,761,52,146,98,8,2,2,0,0,47.5,156,460,668,120,308,656,26,4
Salernitana,26.6,51.3,38,36,41.9,479,143,4,6,858,63,13723,17385,6165,6987,5901,6922,1390,2695,355,1079,313,85,1379,640,1359,596,347,256,259,81,284,530,246,387,267,904,12,21361,2112,6476,9885,5219,772,21355,486,240,10998,484,125,566,310,13581,86,5,2,558,571,62,4,4,0,1375,589,669,47,136,89,10,4,4,0,0,48.7,167,516,956,145,273,486,33,30
Sampdoria,27.1,48.2,38,37,44.9,471,139,2,3,817,57,11392,15282,5153,6061,4890,5954,1141,2438,326,932,277,88,1231,495,1213,602,363,273,234,95,301,550,249,412,272,1032,18,19605,2311,6313,8535,4962,762,19602,557,254,9533,375,118,565,312,11272,107,8,5,619,520,72,2,3,0,1374,669,756,49,168,118,12,3,2,1,0,48.9,174,536,906,146,292,572,52,26
Sassuolo,25.4,52.2,38,77,54.5,510,200,7,8,922,129,15742,19165,7730,8578,6204,7139,1256,2403,389,1170,341,72,1471,653,1453,501,320,245,182,74,213,419,206,379,291,986,11,23376,2177,6660,11092,5850,860,23368,550,280,12826,512,170,598,336,15655,71,2,0,475,467,53,6,2,1,1481,571,600,38,150,113,15,2,2,0,0,40.7,144,427,741,150,290,573,41,11
Spezia,26.1,50.9,38,56,65.4,596,174,5,8,1049,92,11369,15394,4815,5687,4578,5757,1382,2680,415,1040,396,164,1449,611,1435,560,357,262,218,80,270,527,257,435,287,920,7,19802,1817,5518,8522,5987,1096,19794,534,245,9266,452,126,608,332,11227,99,5,3,645,633,40,4,1,3,1456,900,788,33,129,99,16,1,1,0,0,31.9,237,591,882,147,245,461,34,50
Südtirol,28.0,43.9,38,48,43.3,455,133,6,6,786,83,10195,14309,4247,5149,4267,5457,1387,2861,314,953,309,108,1227,452,1212,491,314,232,185,74,224,447,223,399,296,1193,11,18542,2096,6062,7663,4980,836,18536,413,184,7828,279,109,546,238,10094,93,3,2,655,467,60,3,5,1,1344,879,826,57,160,103,8,5,3,1,1,53.7,270,654,748,146,313,643,31,36
Arouca,25.3,52.3,34,34,40.7,390,119,6,9,699,60,12604,15955,5252,5970,5806,6734,1305,2467,262,860,219,71,1184,418,1175,552,350,275,207,70,282,550,268,376,297,852,23,19785,2316,7206,8723,4000,532,19776,456,201,10623,335,97,557,278,12520,89,5,2,497,434,64,9,9,2,1413,416,436,49,140,93,8,9,9,0,0,46.1,132,316,809,149,294,515,31,50
AVS Futebol,27.4,44.0,34,25,31.7,341,87,4,5,594,44,10320,13626,4264,4955,4580,5497,1220,2416,242,735,146,65,877,388,863,565,365,295,210,60,309,560,251,390,303,929,23,17581,2194,6615,7674,3492,472,17576,543,229,8462,277,80,550,254,10226,106,5,4,480,419,47,5,4,1,1382,564,469,60,175,115,8,4,3,1,0,60.5,188,447,770,135,312,528,16,24
Benfica,25.8,58.0,34,81,78.8,559,213,11,12,989,140,15407,18762,6675,7496,6738,7661,1660,2650,425,1440,419,79,1874,684,1861,625,377,238,276,111,332,587,255,316,311,493,25,22577,1602,5661,10425,6680,1027,22565,721,303,13384,480,165,528,270,15289,64,0,0,400,389,86,8,4,0,1646,485,390,28,106,76,15,4,2,2,0,34.5,75,202,681,148,216,300,24,19
Boavista,27.5,40.3,34,23,32.1,345,102,7,7,587,33,8734,12251,3732,4452,3616,4529,1152,2558,229,700,173,63,886,264,880,565,329,281,217,67,299,601,302,336,313,843,32,15990,1833,5413,7350,3370,505,15983,394,163,7632,234,47,508,213,8671,92,10,3,433,473,87,4,6,3,1332,486,503,59,173,117,7,6,6,0,0,57.1,194,546,579,128,321,507,30,25
Braga,25.7,56.8,34,54,51.3,459,155,5,6,808,96,15256,18810,6168,6915,7282,8210,1532,2840,346,1236,268,56,1510,602,1496,571,323,231,254,86,292,557,265,333,280,795,14,22526,1793,6304,10970,5462,781,22520,561,278,12870,390,184,475,250,15168,69,4,2,483,400,68,5,3,1,1507,467,499,30,123,94,15,3,3,0,0,31.0,104,376,1013,163,201,385,25,59
Casa Pia,26.8,46.7,34,36,33.3,314,98,4,4,557,63,10412,13791,4308,5061,4663,5555,1214,2503,221,770,150,49,960,397,951,497,303,245,184,68,258,465,207,364,297,907,29,17574,2383,6847,7578,3354,494,17570,516,246,9433,237,99,549,213,10298,92,5,2,504,391,41,4,8,1,1398,499,506,44,163,120,7,8,7,0,1,45.4,120,454,889,164,282,502,38,27
Estoril,25.2,48.9,34,47,41.3,328,112,6,8,578,76,11841,15103,5338,6092,5060,5885,1146,2343,244,852,198,47,1053,403,1039,530,327,224,228,78,279,511,232,331,324,901,18,19080,1865,6705,8674,3878,523,19072,664,257,9857,314,85,570,306,11746,83,2,0,540,459,41,5,8,0,1495,482,534,53,151,97,7,8,7,1,0,56.1,173,576,751,128,257,467,22,56
Estrela,26.9,44.8,34,23,29.4,327,89,2,4,539,41,9212,12566,3506,4205,4248,5117,1255,2591,227,771,176,61,875,354,863,613,373,306,251,56,312,575,263,388,306,969,28,16764,2030,6194,7434,3326,462,16760,633,285,7546,240,64,650,284,9128,102,3,2,521,534,69,3,7,2,1354,514,555,50,149,99,7,7,5,2,0,49.1,179,544,801,138,282,481,15,30
Famalicão,24.3,50.4,34,43,39.1,381,124,5,6,685,74,11775,15101,4784,5521,5220,6108,1398,2582,271,968,222,77,1250,437,1230,560,353,278,210,72,272,528,256,323,296,800,18,18939,2151,6917,7961,4237,580,18933,633,253,10454,332,104,523,301,11666,76,2,0,476,530,41,5,5,1,1428,527,478,39,138,99,13,5,4,1,0,47.0,130,365,753,139,257,476,25,27
Farense,27.3,41.3,34,25,30.5,384,114,2,3,641,43,8156,11632,2747,3411,3781,4651,1443,2882,264,738,174,71,877,354,866,589,365,287,245,57,282,560,278,390,327,992,14,15786,2180,6142,6378,3450,522,15783,543,237,7060,237,64,555,262,8069,91,4,2,517,445,66,3,8,2,1300,598,629,46,147,102,7,8,6,1,1,47.2,186,567,794,142,319,568,36,25
Gil Vicente FC,25.5,50.6,34,33,33.8,325,95,4,4,578,54,13018,16155,4916,5625,6301,7142,1512,2601,246,804,205,48,1100,451,1091,539,341,256,228,55,309,528,219,357,310,868,17,19987,2354,7785,8694,3678,555,19983,560,234,11006,322,102,532,300,12902,72,5,2,394,516,50,2,7,1,1321,431,452,47,128,82,7,7,6,0,1,44.0,134,366,992,161,286,502,36,36
Moreirense,26.7,47.5,34,41,33.4,342,125,5,5,622,67,11338,14487,4853,5521,4886,5688,1153,2345,262,729,175,57,936,416,927,547,311,283,210,54,275,524,249,336,283,1015,24,18482,2245,7342,7889,3445,471,18477,524,235,9757,299,84,551,300,11246,84,2,1,497,518,56,2,5,0,1266,499,559,50,137,87,7,5,5,0,0,46.7,167,508,901,147,274,564,41,30
Nacional,25.3,47.5,34,31,37.8,451,129,3,5,779,52,9734,13055,3560,4219,4517,5422,1458,2776,333,754,198,76,960,466,955,555,383,287,210,58,280,541,261,387,287,878,30,17042,2075,6480,7156,3613,556,17037,545,239,8471,355,81,549,242,9653,83,5,3,458,446,56,4,11,0,1464,502,504,50,156,106,8,11,9,0,2,51.7,172,496,692,110,316,528,33,26
Porto,24.2,61.7,34,65,56.5,474,170,9,11,872,115,16032,19080,6695,7394,7527,8396,1524,2521,363,1264,350,101,1644,578,1631,472,275,174,202,96,238,449,211,300,253,521,13,22533,1710,5984,10789,5951,861,22522,575,234,12975,436,146,495,295,15901,92,4,1,483,438,48,8,8,1,1375,436,424,30,93,62,16,8,6,2,0,32.5,136,315,1086,145,183,324,21,53
Rio Ave,25.0,47.8,34,39,38.9,371,123,3,4,646,60,11497,14661,4520,5208,5404,6234,1297,2429,261,819,191,51,1051,493,1041,597,366,318,210,69,325,618,293,359,312,959,27,18711,2368,7215,8036,3671,555,18707,670,293,10059,324,102,576,305,11406,79,5,2,458,453,93,3,3,5,1468,384,416,55,169,119,5,3,3,0,0,53.1,135,454,928,164,312,533,22,29
Santa Clara,26.5,44.6,34,35,42.6,378,124,2,4,631,54,9569,13021,3984,4683,4213,5142,1112,2475,261,753,191,68,867,401,858,559,326,262,229,68,262,513,251,335,288,966,7,16921,1868,6093,7374,3649,558,16917,519,232,8366,302,87,520,229,9475,117,5,4,565,426,63,4,6,0,1329,547,516,32,114,81,11,6,4,1,1,29.1,164,518,732,118,289,453,39,27
Sporting CP,23.9,60.1,34,86,72.2,611,210,13,13,1108,145,16353,19150,7362,8109,7404,8226,1275,2052,482,1531,358,58,1786,797,1767,545,332,205,241,99,277,463,186,318,252,556,17,22870,1522,5409,11230,6468,1102,22857,774,363,14600,502,286,515,281,16235,68,6,2,391,470,37,8,4,2,1551,365,322,27,73,48,15,4,4,0,0,24.2,63,170,584,116,177,336,17,36
Vitória,26.5,56.7,34,43,44.6,444,141,3,3,778,74,14091,17462,6151,6955,6136,7045,1473,2593,322,1170,280,75,1535,504,1526,528,332,256,190,82,283,511,228,319,267,764,15,21137,1816,6164,9918,5231,715,21134,479,197,11325,393,95,512,262,13973,86,1,0,497,464,55,3,7,0,1388,470,473,37,100,63,13,7,5,0,2,32.9,115,311,867,120,243,389,21,35
Alianza Lima,27.9,37.3,6,5,4.9,78,25,0,0,127,6,1316,1878,572,678,539,699,167,383,57,113,38,15,164,66,163,98,62,55,36,7,56,116,60,60,61,144,1,2534,309,904,1096,560,101,2534,99,56,1129,42,12,86,52,1303,16,0,0,77,76,11,0,0,0,254,95,86,7,20,13,1,0,0,0,0,5.3,29,81,112,20,41,89,2,3
Atlético Mineiro,29.2,65.0,13,22,17.6,177,58,0,1,313,36,6563,7772,2928,3197,2889,3240,578,970,135,527,97,33,589,224,585,212,130,96,82,34,98,181,83,128,106,260,3,9145,720,2481,4552,2171,224,9144,230,101,5326,194,28,217,114,6513,33,0,0,160,129,25,0,1,0,565,212,164,11,34,23,6,1,1,0,0,12.9,41,111,333,49,80,159,10,23
Barcelona,29.0,50.5,6,6,6.6,71,18,2,2,126,9,2150,2670,927,1056,955,1118,221,376,49,174,45,15,210,80,207,102,61,42,48,12,46,99,53,65,51,96,1,3326,331,1038,1623,702,120,3324,108,56,1846,61,18,101,77,2138,16,0,0,77,62,5,1,1,0,278,56,101,9,19,10,1,1,1,0,0,5.0,27,61,136,18,57,81,2,0
Bolívar,29.2,56.5,8,12,11.1,125,46,1,2,233,22,2998,3692,1233,1398,1417,1621,291,493,93,238,65,20,337,109,334,112,66,55,43,14,57,126,69,86,54,152,8,4591,549,1543,1956,1130,133,4589,170,81,2477,89,19,133,63,2974,12,2,0,90,73,14,2,1,0,302,100,101,11,49,38,2,1,1,0,0,13.2,19,57,228,40,83,99,7,15
Botafogo (RJ),27.7,50.2,13,21,18.3,156,47,1,1,276,36,4364,5513,1917,2142,1848,2162,477,932,126,347,88,15,441,170,438,190,117,96,71,23,92,172,80,131,119,347,2,6977,827,2274,3342,1424,214,6976,212,90,3754,119,50,210,113,4327,39,4,1,166,136,20,1,2,0,496,220,211,14,38,24,4,2,1,0,1,11.8,51,182,292,42,138,239,8,7
Caracas,23.8,34.8,6,3,2.7,43,12,0,0,70,5,1410,1985,644,770,565,730,168,380,31,98,10,1,127,60,123,103,65,64,29,10,46,98,52,70,50,141,0,2682,388,1100,1157,453,48,2682,111,41,1226,50,14,93,53,1400,7,2,0,77,64,14,0,0,0,251,71,73,19,40,21,0,0,0,0,0,12.7,24,81,90,23,75,123,1,2
Cerro Porteño,28.8,38.8,6,4,3.4,62,18,0,0,96,8,1382,1993,533,672,573,733,222,452,37,136,38,16,147,68,146,109,74,61,36,12,45,104,59,79,42,128,3,2620,286,942,1155,556,79,2620,75,36,1128,41,9,87,48,1375,20,2,1,89,71,11,0,1,0,258,81,83,5,22,17,2,1,1,0,0,6.3,41,103,113,14,48,77,4,3
Cobresal,29.3,40.8,6,3,4.3,54,10,1,1,94,5,1661,2191,674,795,735,880,222,407,46,161,21,12,171,71,170,97,62,58,32,7,57,116,59,67,42,118,2,2769,326,928,1286,575,63,2768,74,35,1349,57,10,87,53,1650,11,0,0,51,61,10,0,1,0,217,69,76,11,34,23,0,1,1,0,0,11.4,39,101,111,22,61,87,4,1
Colo-Colo,28.4,58.4,10,8,8.8,115,31,1,1,201,13,4244,5314,2085,2355,1702,2016,367,674,84,358,59,15,371,150,368,162,99,73,62,27,73,154,81,114,83,183,6,6375,517,1821,3157,1439,155,6374,173,83,3536,129,20,166,107,4211,37,4,3,125,87,12,1,0,0,452,146,147,8,27,19,3,0,0,0,0,8.3,43,118,282,42,83,101,9,11
Dep Táchira,27.6,41.3,6,2,2.9,31,9,0,0,53,4,1758,2347,804,937,734,889,189,411,23,122,18,4,171,51,167,110,68,72,35,3,52,112,60,58,60,168,0,3023,410,1200,1455,408,38,3023,111,57,1565,42,9,101,51,1743,12,2,0,71,67,16,0,1,0,239,96,111,11,35,23,0,1,0,1,0,15.8,38,107,116,30,75,123,9,2
Estudiantes–LP,29.0,61.7,6,7,6.9,94,28,0,0,172,11,2641,3265,1115,1269,1240,1422,253,473,74,234,65,21,340,101,336,149,94,61,62,26,79,139,60,47,38,78,1,3894,243,922,2003,1004,148,3894,114,65,2195,89,21,111,45,2632,18,0,0,74,75,4,0,0,1,285,85,81,9,20,12,0,0,0,0,0,7.2,6,32,106,22,36,56,1,3
Flamengo,28.1,56.7,10,12,15.8,157,45,1,1,276,21,4131,5174,1868,2140,1768,2060,396,715,114,391,123,27,502,212,497,159,102,70,64,25,70,155,85,102,69,145,1,6222,535,1617,2981,1681,279,6221,213,111,3379,141,46,165,91,4083,16,1,0,101,116,15,1,0,0,457,148,124,6,35,29,5,0,0,0,0,7.1,44,136,292,55,89,112,2,7
Fluminense,30.4,57.7,10,13,7.6,102,29,1,1,176,22,4736,5488,2350,2519,1920,2092,300,569,72,357,55,19,372,135,370,159,107,64,73,22,65,148,83,94,66,211,4,6525,562,1942,3273,1368,141,6524,213,108,3693,118,28,146,108,4708,33,0,0,97,118,15,0,2,0,395,99,100,10,38,27,3,2,1,1,0,12.8,15,67,164,38,68,130,4,12
Grêmio,28.7,46.3,8,10,10.5,98,33,1,1,180,17,2484,3218,1101,1254,1008,1218,274,534,66,202,58,12,261,138,256,134,83,69,54,11,66,123,57,96,64,177,1,4195,447,1294,1869,1086,190,4194,207,100,2159,107,42,174,100,2445,20,2,1,87,95,5,0,1,0,343,109,115,8,31,23,3,1,1,0,0,8.3,35,104,139,23,71,134,4,2
Huachipato,25.4,49.5,6,6,5.7,77,28,0,0,128,10,1875,2610,781,967,791,1008,264,507,55,185,49,19,244,76,242,109,64,61,33,15,55,132,77,66,49,163,2,3303,399,1141,1428,766,119,3303,111,49,1444,53,13,89,47,1858,20,1,1,73,47,9,0,1,0,286,109,109,9,24,15,2,1,1,0,0,9.3,29,86,137,22,53,100,0,8
Independiente,26.6,65.2,6,8,7.6,85,28,1,1,149,16,2822,3364,1205,1336,1238,1393,307,472,67,229,47,15,259,102,255,92,60,51,24,17,43,86,43,43,40,77,0,3916,275,1011,2092,843,116,3915,106,52,2175,69,28,97,34,2796,13,0,0,69,73,8,1,1,0,238,72,83,9,13,4,1,1,1,0,0,6.6,17,41,132,14,40,61,1,8
Junior,28.8,51.4,8,8,11.7,77,17,2,3,136,13,2764,3493,1189,1325,1189,1367,314,610,53,228,44,14,252,104,250,138,78,81,44,13,69,134,65,82,72,193,2,4350,515,1579,2037,778,117,4347,140,77,2427,92,25,131,43,2740,18,1,0,72,82,15,1,1,0,327,110,125,7,33,26,2,1,1,0,0,9.1,37,116,180,31,84,132,9,2
LDU de Quito,29.0,52.2,6,6,7.9,97,25,1,1,168,7,1938,2536,821,925,788,959,289,507,75,180,57,25,213,93,213,74,47,22,40,12,34,78,44,68,44,71,3,3123,244,802,1499,854,133,3122,103,46,1491,78,13,102,45,1920,13,0,0,65,52,13,1,2,0,251,87,80,6,18,12,2,2,1,0,1,6.4,27,53,81,22,54,43,3,2
Libertad,30.3,52.2,6,7,6.9,69,15,0,1,120,13,2462,3107,1155,1319,962,1139,267,465,53,195,50,20,225,81,221,104,55,53,41,10,48,102,54,58,57,127,0,3785,368,1176,1831,810,112,3784,89,45,1920,75,9,100,60,2439,15,0,0,69,57,11,0,0,0,290,115,106,8,28,20,1,0,0,0,0,9.3,38,80,148,17,58,76,1,4
Liverpool,24.9,39.3,6,6,3.5,64,16,0,0,99,7,1371,1969,591,696,574,742,188,440,32,131,14,2,148,56,148,106,77,57,44,5,68,114,46,63,38,129,4,2642,353,960,1215,502,50,2642,118,60,1217,44,12,90,52,1363,16,2,0,77,74,8,0,1,0,259,66,90,14,41,27,1,1,1,0,0,12.1,17,77,113,21,61,103,3,5
Millonarios,27.2,48.5,6,6,8.8,103,31,1,1,180,9,1932,2540,909,1051,742,920,216,402,78,195,46,21,204,77,203,120,71,51,58,11,63,124,61,63,62,75,2,3217,258,859,1622,768,115,3216,119,73,1721,71,16,111,47,1918,10,2,0,60,51,14,0,1,1,281,88,76,12,29,18,0,1,1,0,0,11.8,24,73,98,16,49,48,4,1
Nacional,27.8,46.4,8,8,12.4,114,28,1,1,189,13,2545,3405,1121,1302,1052,1293,299,604,81,252,63,21,329,109,324,136,80,41,66,29,62,117,55,83,64,111,2,4220,308,1093,2053,1136,177,4219,126,58,2356,85,16,141,61,2524,26,0,0,107,86,12,0,0,0,366,144,139,9,26,17,3,0,0,0,0,8.7,21,56,113,32,45,72,5,2
Palestino,29.2,39.7,6,6,6.6,73,28,0,0,115,7,1466,2080,624,749,592,743,223,465,44,115,26,12,127,60,127,99,62,34,52,13,48,128,80,89,52,123,3,2742,383,1003,1217,557,101,2742,91,51,1309,46,15,95,53,1450,19,1,1,67,46,14,0,2,2,286,57,92,11,36,26,1,2,1,1,0,11.1,42,114,117,8,69,89,7,5
Palmeiras,26.5,54.8,8,17,11.2,114,41,2,2,200,28,2751,3544,1143,1327,1129,1317,413,717,89,261,70,22,328,114,324,138,86,78,51,9,72,140,68,65,58,133,1,4416,370,1325,2096,1036,153,4414,173,68,2292,95,16,127,60,2727,15,0,0,100,108,19,1,0,0,328,155,124,9,28,19,2,0,0,0,0,6.9,25,90,164,33,68,76,3,10
Peñarol,27.2,41.2,12,20,13.6,152,49,0,0,268,35,2934,4198,1308,1582,1121,1476,371,826,92,268,91,35,413,114,405,209,133,97,89,23,103,194,91,135,118,269,3,5620,588,1814,2495,1376,201,5620,178,71,2518,101,18,214,107,2902,28,1,0,132,168,18,0,1,0,553,179,171,12,46,34,6,1,1,0,0,13.1,42,170,194,39,103,182,15,11
River Plate,28.6,52.9,12,17,17.4,203,66,0,0,351,31,4505,5845,2030,2365,1916,2300,431,813,147,461,101,23,562,191,554,228,151,95,102,31,109,210,101,137,113,215,1,7287,522,1829,3549,1984,266,7287,249,102,3796,152,40,212,135,4461,24,1,1,154,158,16,0,1,0,602,212,213,8,28,20,7,1,1,0,0,8.7,39,93,197,58,75,139,7,4
Rosario Central,28.7,48.3,6,8,7.9,86,24,0,0,146,12,1852,2489,840,976,719,889,232,460,64,153,35,15,196,91,194,158,85,80,61,17,83,142,59,61,59,96,2,3177,247,900,1551,755,103,3177,110,53,1504,64,18,93,61,1837,13,0,0,75,83,4,0,0,0,297,82,108,7,21,14,1,0,0,0,0,6.5,23,88,92,9,48,68,6,2
San Lorenzo,25.0,39.6,8,7,7.6,92,24,0,0,156,11,1795,2623,846,1020,679,914,207,507,56,136,33,11,197,102,195,139,84,57,66,16,76,154,78,92,57,156,4,3501,347,1150,1586,816,109,3501,148,66,1577,74,21,129,72,1771,28,1,0,116,102,12,0,1,0,345,122,120,8,28,20,2,1,1,0,0,7.4,24,103,108,13,69,96,3,1
São Paulo,29.0,60.3,10,13,13.5,125,38,1,2,233,22,4634,5473,1901,2094,2163,2411,483,732,98,324,76,27,403,157,401,164,96,69,70,25,67,144,77,91,66,202,7,6549,573,2016,3292,1301,198,6547,207,94,3667,126,32,167,79,4589,22,1,1,112,112,18,1,0,0,433,158,118,4,27,23,7,0,0,0,0,5.9,53,101,216,47,79,133,3,6
Talleres,27.1,45.9,8,11,7.3,110,28,0,0,195,19,2528,3259,1171,1344,1026,1232,276,520,86,203,54,16,256,93,254,173,100,83,75,15,85,164,79,89,78,152,3,4196,401,1289,2029,932,115,4196,164,78,2154,90,15,130,70,2509,22,2,0,102,86,9,0,2,0,385,115,96,9,24,15,2,2,2,0,0,8.2,53,118,159,14,54,110,5,3
The Strongest,31.0,45.9,8,9,8.8,90,25,2,2,154,15,2401,3169,1077,1230,973,1189,248,518,68,173,43,20,246,109,244,135,96,67,57,11,62,135,73,77,53,225,2,4099,518,1402,1910,832,109,4097,120,50,2091,88,13,139,62,2379,16,1,0,76,66,9,0,0,0,335,90,108,10,48,38,5,0,0,0,0,10.9,37,116,138,41,95,165,5,5
Universitario,30.2,41.3,6,5,3.6,65,14,0,0,112,6,1572,2162,720,831,604,783,206,418,51,138,31,16,158,58,155,112,70,50,51,11,65,119,54,53,38,96,1,2745,239,742,1411,611,77,2745,70,35,1364,40,11,104,53,1557,15,1,1,73,67,7,0,0,0,260,90,103,9,17,8,0,0,0,0,0,8.6,35,82,85,14,47,76,8,3
Anderlecht,25.7,56.8,30,46,44.3,396,136,4,4,705,85,13448,16377,5500,6245,6150,7015,1347,2298,306,1079,310,78,1328,517,1312,492,309,226,190,76,234,468,234,289,217,671,14,19706,1977,5859,8848,5168,747,19702,565,243,13923,469,138,473,283,13259,51,2,1,295,374,54,3,2,0,1257,364,361,27,138,109,14,2,0,2,0,43.2,170,426,1168,115,229,420,22,38
Antwerp,26.4,53.3,30,43,37.5,409,145,2,4,684,66,12254,15132,4507,5196,5992,6873,1461,2437,291,884,230,42,1196,439,1192,514,352,247,195,72,231,452,221,340,249,692,28,18570,2268,6228,8674,3875,600,18566,538,271,13172,405,114,499,342,12172,66,2,1,357,321,55,3,6,2,1239,339,374,32,161,127,7,6,2,4,0,44.5,137,369,896,167,229,394,44,21
Beerschot,24.6,48.3,30,25,32.4,337,105,1,5,598,44,10501,13329,4450,5120,4610,5371,1033,2076,248,821,180,48,998,523,990,601,361,324,216,61,280,526,246,365,273,782,11,16920,2158,6202,7266,3678,499,16915,581,262,11390,386,132,480,299,10407,65,6,0,324,308,43,2,11,1,1294,335,409,59,164,105,5,11,10,1,0,60.4,109,415,858,115,250,486,15,42
Cercle Brugge,23.2,45.7,30,29,40.4,408,130,2,3,685,51,7402,11614,2804,3880,3449,4794,926,2299,280,871,224,60,1174,389,1161,610,397,248,258,104,326,620,294,472,307,831,8,15730,1333,3776,7513,4652,742,15727,579,276,8245,419,113,564,324,7296,52,5,0,326,332,59,3,3,0,1496,752,826,44,134,89,7,3,2,1,0,50.4,176,612,625,55,179,351,11,62
Charleroi,24.4,52.9,30,36,47.7,421,137,4,5,771,61,12050,15364,4734,5615,5343,6403,1527,2519,323,1128,283,83,1397,555,1379,531,343,254,219,58,241,478,237,295,239,709,10,18728,1737,5322,8735,4841,726,18723,497,239,12627,511,141,435,240,11921,62,3,2,315,257,50,4,4,1,1393,561,502,36,125,89,7,4,3,1,0,39.7,169,415,851,146,189,351,33,45
Club Brugge,25.6,58.8,30,65,66.1,515,194,4,5,940,114,15167,17997,5582,6388,7349,8132,1822,2677,418,1264,377,91,1601,638,1593,475,292,217,188,70,205,412,207,297,217,638,14,21184,1957,6041,9967,5355,1020,21179,441,217,15716,511,198,383,249,15038,40,2,1,280,312,37,5,4,2,1270,400,370,36,106,71,8,4,3,1,0,36.7,147,305,878,116,213,376,20,27
Dender,26.0,43.0,30,31,31.7,311,93,2,2,548,50,9429,12885,3696,4551,4242,5256,1144,2356,226,832,215,64,1081,343,1076,542,327,263,203,76,268,547,279,400,326,1009,10,16802,2063,5657,7520,3828,601,16800,450,207,10136,347,93,525,288,9345,62,5,2,318,287,39,0,8,2,1364,578,565,51,157,108,7,8,8,0,0,53.0,160,455,566,89,253,486,21,11
Genk,24.0,59.0,30,54,60.9,480,163,8,10,879,92,15138,17861,5759,6479,7236,8065,1736,2590,381,1161,345,83,1521,554,1504,533,330,252,208,73,227,437,210,318,277,642,12,21356,2090,6486,10420,4655,795,21347,586,265,15852,551,153,496,335,15017,43,3,1,292,323,51,6,3,0,1436,370,352,33,104,71,12,3,2,0,1,34.3,163,366,987,100,201,374,19,12
Gent,25.2,52.2,30,40,40.8,374,124,3,4,648,67,11717,15008,4394,5306,5551,6473,1464,2508,282,933,244,55,1339,587,1325,549,340,227,231,91,249,489,240,354,262,747,20,18572,2159,5845,8577,4365,673,18568,505,224,12515,482,153,475,249,11584,60,3,2,337,277,33,3,1,1,1392,478,452,33,159,127,13,1,1,0,0,52.2,126,325,815,191,249,479,31,15
Kortrijk,25.0,43.0,30,27,33.7,339,102,1,1,591,47,8826,12184,3397,4262,3887,4912,1206,2328,242,939,213,62,1129,445,1108,544,321,256,204,84,254,503,249,397,252,824,12,15818,1685,4596,7224,4188,598,15817,547,260,9454,364,121,487,329,8726,69,4,3,313,299,38,0,2,3,1184,575,572,55,141,89,3,2,2,0,0,57.0,174,440,608,158,230,453,32,29
Mechelen,26.2,53.1,30,43,44.6,386,148,2,3,691,72,12697,15701,4296,4998,6403,7228,1686,2800,288,1042,251,61,1257,491,1250,517,314,267,189,61,255,494,239,327,256,733,13,19030,2118,6402,8726,4070,670,19027,465,220,13377,412,155,451,253,12597,63,1,1,310,287,61,3,5,4,1306,400,449,40,142,106,9,5,5,0,0,45.3,130,372,902,150,260,473,32,23
OH Leuven,25.3,48.4,30,27,31.2,360,92,3,3,611,47,10171,12983,3470,4121,5020,5825,1442,2468,268,779,184,46,959,512,949,548,329,267,221,60,244,462,218,345,254,808,2,16604,2332,6248,7012,3545,579,16601,573,242,10960,402,158,509,313,10064,72,6,1,399,377,53,3,5,2,1138,416,415,33,131,99,9,5,4,1,0,43.3,185,537,1001,163,276,491,31,29
Sint-Truiden,25.3,47.3,30,38,40.6,386,125,3,4,673,64,11558,14603,4560,5304,5327,6231,1296,2310,289,879,240,81,1124,484,1119,556,334,304,190,62,277,580,303,354,295,893,14,18396,2298,6706,8135,3806,577,18392,533,265,12379,404,107,480,300,11470,62,5,2,294,260,44,2,11,2,1426,441,434,56,139,84,4,11,10,1,0,53.9,125,365,773,112,254,535,22,36
Standard Liège,23.7,40.9,30,22,35.7,311,89,8,9,537,41,8723,11926,3415,4191,3934,4877,1115,2220,226,695,202,49,938,409,929,531,314,267,217,47,248,477,229,333,344,1027,10,15739,1915,5634,6936,3353,561,15730,452,203,9504,337,118,502,288,8628,51,2,1,331,318,62,8,1,1,1250,536,551,35,137,102,12,1,0,1,0,42.9,176,561,660,99,254,489,35,43
Union SG,25.4,50.3,30,46,55.4,427,154,6,7,732,74,10842,14002,4292,5177,4800,5741,1343,2265,336,997,261,54,1328,551,1313,626,393,298,243,85,311,628,317,385,302,768,7,18041,1609,5182,8454,4625,867,18034,657,273,11568,463,205,545,291,10732,71,3,2,389,318,72,6,2,0,1468,480,431,25,99,74,13,2,1,0,1,33.7,194,444,796,99,178,411,19,25
Westerlo,23.3,47.2,30,50,48.9,471,168,5,6,835,82,9617,12834,3351,4209,4467,5405,1477,2547,345,973,263,81,1348,568,1334,567,351,260,230,77,250,493,243,339,297,834,10,16685,1966,5255,7246,4443,776,16679,617,299,10403,438,158,552,253,9518,83,3,2,301,297,42,6,7,1,1345,519,481,49,141,91,5,7,5,2,0,49.3,168,445,869,132,251,461,22,40
