Player,Nation,Position,Team,Age,Born,Matches Played,Starts,Minutes Played,Goals Against,Shots on Target Against,Saves,Clean Sheets,Penalty Kicks Attempted,Penalty Kicks Allowed,Penalty Kicks Saved,Penalty Kicks Missed,Post-Shot Expected Goals,Launched Passes Completed,Launched Passes Attempted,Passes Attempted (GK),Through Balls,Goal Kicks Attempted,Crosses Opposed,Crosses Stopped,Sweeper Actions,Penalties Winner,Efficiency
Aaron Ramsdale,eng ENG,GK,Arsenal,25,1998,7,7,630,6,19,13,2,0,0,0,0,4.9,22,78,199,33,27,59,8,9,0,-1.0999999999999999
Aarón Escandell,es ESP,GK,Las Palmas,27,1995,2,1,153,3,4,1,0,0,0,0,0,2.5,9,26,73,10,12,24,1,4,0,-0.5
Aitor Fernández,es ESP,GK,Osasuna,32,1991,7,6,551,9,20,11,1,1,1,0,0,6.1,47,113,174,19,22,69,1,15,0,-2.9000000000000004
Alaa Bellaarouch,ma MAR,GK,Strasbourg,21,2002,15,15,1350,26,63,37,2,4,3,1,0,19.9,56,183,440,57,61,203,19,21,1,-6.100000000000001
Alban Lafont,fr FRA,GK,Nantes,24,1999,28,28,2496,43,118,75,7,8,8,0,0,42.4,123,388,839,145,166,385,33,33,0,-0.6000000000000014
Alberto Brignoli,it ITA,GK,gr Panathinaikos,31,1991,5,5,450,8,25,17,2,1,1,0,0,9.1,18,59,142,19,12,51,5,6,0,1.0999999999999996
Alessandro Sorrentino,it ITA,GK,Monza,21,2002,7,5,548,16,32,16,0,4,4,0,0,14.4,18,56,151,29,42,62,3,3,0,-1.5999999999999996
Alessio Cragno,it ITA,GK,Sassuolo,29,1994,3,3,270,7,14,8,0,1,1,0,0,5.1,17,45,78,11,22,37,3,8,0,-1.9000000000000004
Alex Meret,it ITA,GK,it Napoli,26,1997,39,39,3493,53,149,95,7,4,2,2,0,49.0,78,220,973,158,202,457,12,38,2,-4.0
Alexander Brunst,de GER,GK,Darmstadt 98,28,1995,3,3,270,10,17,7,0,0,0,0,0,6.3,33,72,129,13,21,51,3,9,0,-3.7
Alexander Meyer,de GER,GK,de Dortmund,32,1991,9,8,785,10,31,22,3,1,1,0,0,9.1,33,94,376,34,39,127,10,7,0,-0.9000000000000001
Alexander Nübel,de GER,GK,Stuttgart,26,1996,30,30,2700,36,107,74,11,3,3,0,0,30.8,126,291,1103,132,112,341,30,57,0,-5.199999999999999
Alexander Schlager,at AUT,GK,at RB Salzburg,27,1996,6,6,540,8,33,25,2,2,2,0,0,9.7,33,86,210,20,46,87,3,7,0,1.6999999999999993
Alexander Schwolow,de GER,GK,Union Berlin,31,1992,1,1,90,2,6,4,0,0,0,0,0,1.2,4,10,28,4,8,13,0,0,0,-0.8
Alexandre Oukidja,dz ALG,GK,Metz,35,1988,34,34,2987,57,185,128,6,6,6,0,0,52.3,209,666,708,125,292,569,46,22,0,-4.700000000000003
Alexandros Paschalakis,gr GRE,GK,gr Olympiacos,34,1989,9,9,810,18,38,20,2,1,1,0,0,13.899999999999999,32,135,184,28,72,97,10,12,0,-4.1000000000000005
Aleš Mandous,cz CZE,GK,cz Slavia Prague,31,1992,6,6,540,4,16,12,4,0,0,0,0,4.6,21,37,210,48,29,36,4,10,0,0.5999999999999996
Alisson,br BRA,GK,Liverpool,30,1992,30,30,2700,30,112,83,10,1,1,0,0,29.3,72,209,1154,152,125,318,15,38,0,-0.7000000000000007
Alphonse Areola,fr FRA,GK,West Ham,30,1993,32,32,2789,55,193,139,4,7,5,2,0,53.0,163,436,661,150,230,479,27,8,2,-1.9999999999999987
Amir Saipi,xk KVX,GK,ch Lugano,23,2000,6,6,540,14,34,20,1,2,1,0,1,11.7,21,57,211,22,34,70,3,15,1,-2.3000000000000007
Anatolii Trubin,ua UKR,GK,pt Benfica,21,2001,12,12,1110,16,57,41,2,4,2,0,2,21.0,43,118,291,55,98,173,6,9,2,5.0
Andrea Consigli,it ITA,GK,Sassuolo,36,1987,35,35,3150,68,159,93,3,10,7,1,2,51.7,172,540,982,143,252,545,23,22,3,-16.299999999999997
Andreas Hansen,dk DEN,GK,dk Nordsjælland,27,1995,5,5,450,6,24,18,1,1,1,0,0,6.2,7,22,177,27,47,56,2,6,0,0.20000000000000018
Andreas Luthe,de GER,GK,Bochum,36,1987,1,1,90,4,4,1,0,0,0,0,0,2.7,20,43,42,2,7,13,0,0,0,-1.2999999999999998
Andrey Lunyov,ru RUS,GK,az Qarabağ,31,1991,10,10,924,18,58,41,2,2,2,0,0,16.6,60,195,302,36,92,174,12,3,0,-1.3999999999999986
Andriy Lunin,ua UKR,GK,Real Madrid,24,1999,29,29,2640,27,110,82,12,3,2,1,0,33.1,66,181,752,134,170,380,37,26,1,6.1
André Ferreira,pt POR,GK,Granada,27,1996,15,14,1340,29,77,49,0,3,3,0,0,27.8,73,186,388,88,110,195,6,13,0,-1.1999999999999993
André Onana,cm CMR,GK,Manchester Utd,27,1996,44,44,3960,73,238,165,10,11,9,1,1,72.60000000000001,188,607,1561,166,181,678,44,39,2,-0.3999999999999968
Anthony Lopes,pt POR,GK,Lyon,32,1990,31,31,2790,49,155,106,9,6,4,1,1,43.5,132,362,839,156,196,438,36,28,2,-5.5
Anthony Moris,lu LUX,GK,be Union SG,33,1990,8,8,720,12,31,19,1,3,3,0,0,13.6,41,107,237,29,43,83,6,16,0,1.5999999999999996
Anthony Racioppi,ch SUI,GK,ch Young Boys,24,1998,5,5,450,11,42,31,1,2,2,0,0,13.8,31,80,178,25,31,67,1,4,0,2.8000000000000007
Anton Ari Einarsson,is ISL,GK,is Breiðablik,28,1994,6,6,540,18,35,18,0,1,1,0,0,10.8,23,57,215,52,46,73,2,7,0,-7.199999999999999
Anton Zhylkin,ua UKR,GK,ua Zorya Luhansk,20,2003,1,0,1,0,0,0,1,0,0,0,0,0.0,0,1,0,0,1,0,0,0,0,0.0
Antonio Adán,es ESP,GK,pt Sporting CP,36,1987,6,6,540,7,19,12,0,1,1,0,0,5.8,22,62,187,19,36,48,3,7,0,-1.2000000000000002
Antonio Mirante,it ITA,GK,Milan,40,1983,2,2,177,3,8,5,0,0,0,0,0,3.1,5,14,46,5,8,17,1,1,0,0.10000000000000009
Antonio Sivera,es ESP,GK,Alavés,26,1996,34,34,3060,38,123,87,10,8,8,0,0,38.4,279,701,807,116,295,501,25,29,0,0.3999999999999986
Arijanet Muric,xk KVX,GK,Burnley,24,1998,10,10,900,16,78,62,0,2,1,1,0,21.7,77,219,547,54,33,143,20,31,1,5.699999999999999
Arnau Tenas,es ESP,GK,Paris S-G,22,2001,6,5,529,7,25,18,1,0,0,0,0,6.0,14,46,174,19,37,71,2,5,0,-1.0
Arthur Desmas,fr FRA,GK,Le Havre,29,1994,33,33,2970,43,153,111,7,3,1,1,1,47.0,155,454,719,135,222,470,32,24,2,4.0
Augusto Batalla,ar ARG,GK,Granada,27,1996,17,17,1530,28,86,58,3,0,0,0,0,22.6,127,354,566,78,122,275,23,18,0,-5.399999999999999
Bart Verbruggen,nl NED,GK,Brighton,20,2002,24,24,2160,28,100,72,7,3,3,0,0,26.299999999999997,65,166,884,132,85,276,20,33,0,-1.7000000000000015
Benjamin Lecomte,fr FRA,GK,Montpellier,32,1991,30,30,2700,37,137,102,10,5,4,1,0,36.8,150,436,781,137,221,471,29,13,1,-0.20000000000000284
Benoît Costil,fr FRA,GK,Salernitana,36,1987,13,13,1170,29,66,38,1,3,3,0,0,23.6,71,228,323,45,104,212,2,19,0,-5.399999999999999
Bernd Leno,de GER,GK,Fulham,31,1992,38,38,3420,61,190,133,10,8,8,0,0,55.7,144,439,1372,167,201,472,19,40,0,-5.299999999999997
Boris Radunović,rs SRB,GK,Cagliari,27,1996,7,7,630,12,27,16,2,1,0,0,1,10.1,41,91,156,31,66,98,6,4,1,-1.9000000000000004
Brice Samba,fr FRA,GK,fr Lens,29,1994,41,41,3720,49,180,131,15,10,8,1,1,55.8,211,476,1194,188,209,511,42,46,2,6.799999999999997
Caoimhín Kelleher,ie IRL,GK,Liverpool,24,1998,18,18,1620,23,71,50,3,0,0,0,0,21.9,58,183,753,106,58,160,13,24,0,-1.0999999999999996
Carljohan Eriksson,fi FIN,GK,dk Nordsjælland,28,1995,1,1,90,1,4,3,0,0,0,0,0,0.7,1,5,29,5,6,15,2,0,0,-0.30000000000000004
Carlo Pinsoglio,it ITA,GK,Juventus,33,1990,1,0,45,0,3,3,1,0,0,0,0,0.5,2,5,21,1,0,17,0,0,0,0.5
Christos Mandas,gr GRE,GK,Lazio,21,2001,9,8,721,6,29,23,4,0,0,0,0,7.0,38,114,240,29,29,99,6,5,0,1.0
Cican Stankovic,at AUT,GK,gr AEK Athens,30,1992,4,4,326,5,19,14,0,4,4,0,0,7.6,19,42,114,16,29,37,0,8,0,2.5999999999999996
Claudio Bravo,cl CHI,GK,Betis,40,1983,9,9,810,7,29,23,2,0,0,0,0,8.3,50,108,221,35,71,125,7,10,0,1.2999999999999998
Cristian,es ESP,GK,Valencia,25,1998,1,0,57,1,3,2,0,0,0,0,0,0.5,2,5,15,4,3,12,0,0,0,-0.5
Dani Cárdenas,es ESP,GK,Rayo Vallecano,26,1997,1,1,90,1,1,0,0,0,0,0,0,0.9,2,15,36,5,4,5,0,2,0,-0.09999999999999998
Daniel Batz,de GER,GK,Mainz 05,32,1991,4,4,360,3,17,14,1,0,0,0,0,2.4,18,58,132,14,21,38,4,2,0,-0.6000000000000001
Daniel Bentley,eng ENG,GK,Wolves,30,1993,5,3,383,7,15,8,1,0,0,0,0,5.8,13,56,111,9,33,50,0,3,0,-1.2000000000000002
Daniel Fuzato,br BRA,GK,Getafe,26,1997,1,0,7,2,2,0,0,0,0,0,0,1.3,2,7,6,1,4,5,1,0,0,-0.7
Daniel Peretz,il ISR,GK,Bayern Munich,23,2000,1,0,17,0,0,0,1,0,0,0,0,0.0,0,4,15,3,2,2,0,0,0,0.0
Daniele Sommariva,it ITA,GK,Genoa,26,1997,1,0,5,0,0,0,1,0,0,0,0,0.0,0,3,2,0,1,2,1,0,0,0.0
Danijel Zagorac,hr CRO,GK,hr Dinamo Zagreb,36,1987,3,3,270,1,6,4,2,2,1,1,0,3.1,14,29,82,15,16,36,9,5,1,2.1
David Gil,es ESP,GK,Cádiz,29,1994,5,4,372,8,24,17,1,0,0,0,0,5.3,51,125,104,8,48,91,7,0,0,-2.7
David Raya,es ESP,GK,Arsenal,27,1995,41,41,3720,31,92,61,20,4,3,1,0,26.4,178,472,1234,203,129,415,54,66,1,-4.600000000000001
David Soria,es ESP,GK,Getafe,30,1993,38,38,3413,52,171,118,10,7,5,1,1,53.9,339,908,979,123,310,458,17,62,2,1.8999999999999986
David von Ballmoos,ch SUI,GK,ch Young Boys,28,1994,3,3,270,6,14,8,0,2,1,1,0,6.4,21,49,105,19,12,26,3,1,1,0.3999999999999999
Davy Roef,be BEL,GK,be Gent,29,1994,7,6,561,7,29,21,2,1,0,1,0,6.9,26,48,154,54,36,54,7,3,1,-0.09999999999999964
Dean Henderson,eng ENG,GK,Crystal Palace,26,1997,18,18,1620,30,86,57,4,1,1,0,0,27.4,59,245,377,52,105,246,5,17,0,-2.6000000000000014
Denis Petrić,rs SRB,GK,Nantes,35,1988,1,0,24,1,1,0,0,0,0,0,0,0.3,1,2,7,2,0,4,0,0,0,-0.7
Denis Pintol,si SVN,GK,si Olimpija,23,2000,4,4,360,6,15,9,1,0,0,0,0,4.8,5,22,80,24,31,46,4,2,0,-1.2000000000000002
Diant Ramaj,de GER,GK,nl Ajax,21,2001,8,8,750,16,42,26,1,2,2,0,0,14.399999999999999,36,113,356,24,62,96,7,10,0,-1.6000000000000005
Diego Mariño,es ESP,GK,Almería,33,1990,1,1,90,2,4,2,0,2,2,0,0,2.1,1,5,25,6,2,6,0,2,0,0.10000000000000009
Dimitry Bertaud,cd COD,GK,Montpellier,25,1998,4,4,360,11,34,23,0,0,0,0,0,10.9,18,61,118,26,23,56,3,0,0,-0.09999999999999964
Diogo Costa,pt POR,GK,pt Porto,23,1999,8,8,750,9,28,20,2,0,0,0,0,5.9,39,118,322,37,52,86,8,14,0,-3.0999999999999996
Dmytro Riznyk,ua UKR,GK,ua Shakhtar,24,1999,8,8,720,17,48,31,2,1,0,0,1,13.3,29,75,228,33,46,135,11,12,1,-3.6999999999999993
Dominik Greif,sk SVK,GK,Mallorca,26,1997,1,1,90,0,4,4,1,0,0,0,0,0.7,10,18,23,3,9,12,0,1,0,0.7
Dominik Hładun,pl POL,GK,pl Legia Warsaw,27,1995,2,2,180,1,6,5,1,0,0,0,0,2.0,10,30,50,4,9,19,0,4,0,1.0
Dominik Kotarski,hr CRO,GK,gr PAOK,23,2000,10,10,900,16,44,27,0,3,2,1,0,15.7,30,112,303,30,46,111,3,12,1,-0.3000000000000007
Dominik Livaković,hr CRO,GK,tr Fenerbahçe,28,1995,6,6,570,12,29,17,2,0,0,0,0,9.2,13,66,159,32,36,65,6,8,0,-2.8000000000000007
Dominik Takáč,sk SVK,GK,sk Spartak Trnava,24,1999,6,6,540,15,42,27,0,3,1,1,1,17.3,27,109,88,7,58,90,2,1,2,2.3000000000000007
Dénes Dibusz,hu HUN,GK,hu Ferencváros,32,1990,8,8,720,8,34,26,1,1,1,0,0,7.8,38,102,235,41,52,110,5,6,0,-0.20000000000000018
Ederson,br BRA,GK,Manchester City,29,1993,40,40,3445,33,95,63,11,3,3,0,0,32.7,134,275,1346,166,137,290,29,56,0,-0.3000000000000007
Elia Caprile,it ITA,GK,Empoli,21,2001,23,23,2070,27,106,78,5,5,4,1,0,27.6,117,350,657,137,159,391,31,20,1,0.6000000000000014
Emil Audero,id IDN,GK,it Inter,26,1997,5,5,427,6,16,10,2,0,0,0,0,5.300000000000001,7,26,207,34,25,62,7,4,0,-0.6999999999999997
Emiliano Martínez,ar ARG,GK,Aston Villa,30,1992,43,43,3855,58,168,114,11,1,1,0,0,61.6,164,423,1635,196,203,445,54,86,0,3.6000000000000014
Enea Koliçi,al ALB,GK,xk KF Ballkani Therandë,37,1986,6,6,540,7,21,14,2,1,1,0,0,7.0,10,25,124,37,56,99,8,2,0,0.0
Ersin Destanoğlu,tr TUR,GK,tr Beşiktaş,22,2001,3,3,270,8,20,13,1,0,0,0,0,6.9,16,42,84,14,25,44,1,3,0,-1.0999999999999996
Etrit Berisha,al ALB,GK,Empoli,34,1989,14,14,1260,25,74,49,4,3,2,1,0,20.7,44,184,400,75,90,236,11,10,1,-4.300000000000001
Fabian Bredlow,de GER,GK,Stuttgart,28,1995,4,4,360,3,22,19,1,0,0,0,0,5.0,22,61,168,15,11,55,1,5,0,2.0
Federico Ravaglia,it ITA,GK,Bologna,23,1999,6,6,535,3,18,13,4,1,0,1,0,5.5,14,49,172,23,34,73,1,4,1,2.5
Fernando,es ESP,GK,Almería,33,1990,4,4,360,10,23,13,0,0,0,0,0,8.5,22,67,133,28,26,72,4,7,0,-1.5
Fernando Muslera,uy URU,GK,tr Galatasaray,37,1986,8,8,720,19,37,18,0,0,0,0,0,18.1,46,121,300,39,53,88,5,36,0,-0.9000000000000004
Filip Jørgensen,dk DEN,GK,Villarreal,21,2002,37,37,3330,64,207,144,6,6,6,0,0,61.0,146,362,1074,183,253,659,34,39,0,-3.0000000000000027
Filip Marshall,eng ENG,GK,eng Aston Villa,20,2003,1,1,90,1,1,0,0,0,0,0,0,0.6,1,4,26,5,6,11,0,6,0,-0.4
Filip Samurović,rs SRB,GK,rs Čukarički,20,2002,1,1,90,3,6,3,0,1,1,0,0,1.6,5,15,19,3,15,18,2,0,0,-1.4
Finn Dahmen,de GER,GK,Augsburg,25,1998,31,31,2790,52,158,106,3,10,7,2,1,49.3,169,450,1151,92,187,484,28,50,3,-2.700000000000003
Fran Vieites,es ESP,GK,Betis,24,1999,4,3,315,4,18,14,2,0,0,0,0,4.5,13,50,82,18,35,65,3,2,0,0.5
Francesco Rossi,it ITA,GK,it Atalanta,32,1991,2,0,12,0,1,1,2,0,0,0,0,0.8,2,5,3,2,4,6,0,0,0,0.8
Franco Israel,uy URU,GK,pt Sporting CP,23,2000,4,4,360,4,12,8,1,0,0,0,0,4.5,16,48,143,18,23,70,6,3,0,0.5
Frederik Rønnow,dk DEN,GK,de Union Berlin,30,1992,39,39,3510,66,191,123,7,8,5,3,0,62.1,228,614,1250,205,262,655,61,38,3,-3.899999999999997
Gauthier Gallon,fr FRA,GK,fr Rennes,30,1993,1,1,90,1,2,1,0,1,1,0,0,0.9,8,22,33,0,12,15,0,3,0,-0.09999999999999998
Gianluigi Donnarumma,it ITA,GK,fr Paris S-G,24,1999,37,37,3249,35,162,126,13,4,3,1,0,45.2,67,166,924,158,202,402,17,41,1,10.2
Giorgi Mamardashvili,ge GEO,GK,Valencia,22,2000,37,37,3284,41,145,103,13,6,3,3,0,49.2,185,671,864,142,245,530,45,31,3,8.200000000000003
Giorgos Athanasiadis,gr GRE,GK,gr AEK Athens,30,1993,3,2,212,7,18,11,0,2,2,0,0,9.0,9,16,53,15,18,24,1,9,0,2.0
Gregor Kobel,ch SUI,GK,de Dortmund,25,1997,39,39,3445,44,173,129,13,8,6,2,0,52.5,170,409,1387,144,246,547,13,18,2,8.499999999999996
Grégoire Coudert,fr FRA,GK,Brest,24,1999,3,2,181,0,4,4,2,0,0,0,0,0.3,12,36,70,10,10,24,0,2,0,0.3
Guglielmo Vicario,it ITA,GK,Tottenham,26,1996,38,38,3420,61,167,109,7,7,7,0,0,60.0,53,225,1363,193,201,511,33,81,0,-1.0
Guillaume Dietsch,fr FRA,GK,Metz,22,2001,1,0,73,1,3,2,0,0,0,0,0,0.8,6,16,19,3,7,14,1,0,0,-0.19999999999999996
Guillaume Restes,fr FRA,GK,Toulouse,18,2005,42,42,3780,57,169,113,9,6,6,0,0,55.099999999999994,131,398,901,121,262,618,10,18,0,-1.9000000000000021
Guillermo Ochoa,mx MEX,GK,Salernitana,38,1985,21,21,1890,44,115,72,1,7,7,0,0,37.2,85,323,479,73,171,342,9,11,0,-6.799999999999997
Heinz Lindner,at AUT,GK,be Union SG,33,1990,2,2,180,2,7,5,1,0,0,0,0,2.4,5,18,45,0,13,17,0,1,0,0.3999999999999999
Hendrik Van Crombrugge,be BEL,GK,be Genk,30,1993,2,2,180,2,11,9,1,1,1,0,0,3.4,4,18,80,8,12,32,3,3,0,1.4
Ionuț Radu,ro ROU,GK,Bournemouth,26,1997,2,2,180,7,11,4,0,0,0,0,0,2.9,5,15,57,10,11,19,2,0,0,-4.1
Itamar Nitzan,il ISR,GK,il Maccabi Haifa,36,1987,1,1,90,3,11,8,0,0,0,0,0,2.9,4,16,40,9,5,19,0,1,0,-0.10000000000000009
Ivan Nevistić,hr CRO,GK,hr Dinamo Zagreb,25,1998,7,7,630,10,20,11,2,2,2,0,0,9.3,37,101,254,23,59,93,6,7,0,-0.6999999999999993
Ivan Provedel,it ITA,GK,it Lazio,29,1994,38,38,3419,43,150,107,12,3,2,0,1,41.1,119,297,1046,134,215,465,18,25,1,-1.9000000000000004
Ivo Grbić,hr CRO,GK,Sheffield Utd,27,1996,9,9,771,25,59,36,0,1,0,0,1,14.7,65,199,207,25,89,193,11,14,1,-10.3
Iván Cuéllar,es ESP,GK,Mallorca,39,1984,1,1,90,1,6,5,0,0,0,0,0,1.2,1,11,32,8,3,6,1,0,0,0.19999999999999996
Iván Villar,es ESP,GK,Celta Vigo,26,1997,12,12,1014,18,44,26,0,3,2,1,0,16.3,39,138,223,48,98,136,5,9,1,-1.6999999999999993
Iñaki Peña,es ESP,GK,Barcelona,24,1999,12,12,1080,21,49,28,2,0,0,0,0,17.7,31,65,309,53,60,135,2,6,0,-3.3
Jack Butland,eng ENG,GK,sct Rangers,30,1993,8,8,720,9,35,27,2,1,1,0,0,9.9,31,102,192,42,73,116,5,7,0,0.9000000000000004
Jacob Karlstrom,no NOR,GK,no Molde,26,1997,2,2,130,3,10,7,0,0,0,0,0,2.6,8,20,48,10,12,22,2,2,0,-0.3999999999999999
James Shea,eng ENG,GK,Luton Town,32,1991,1,0,15,0,2,2,0,0,0,0,0,0.1,3,6,6,1,3,3,0,1,0,0.1
James Trafford,eng ENG,GK,Burnley,20,2002,28,28,2520,62,166,106,2,5,5,0,0,54.1,138,606,1332,162,198,419,30,43,0,-7.899999999999999
Jan Oblak,si SVN,GK,Atlético Madrid,30,1993,48,48,4350,56,193,138,15,2,1,0,1,51.599999999999994,148,435,954,226,347,719,47,25,1,-4.400000000000002
Janis Blaswich,de GER,GK,de RB Leipzig,32,1991,26,26,2340,39,97,59,5,4,4,0,0,33.3,83,200,1022,106,175,309,16,42,0,-5.699999999999999
Jason Steele,eng ENG,GK,Brighton,32,1990,22,22,1980,43,92,51,4,3,3,0,0,33.2,56,154,773,84,66,214,7,56,0,-9.8
Jaume Doménech,es ESP,GK,Valencia,32,1990,2,1,79,3,12,9,0,0,0,0,0,1.7,4,20,24,2,7,19,1,1,0,-1.3
Jay Gorter,nl NED,GK,nl Ajax,23,2000,2,2,180,4,17,13,0,0,0,0,0,5.0,10,35,102,18,12,27,2,0,0,1.0
Jean Butez,fr FRA,GK,be Antwerp,28,1995,5,5,450,15,30,16,0,0,0,0,0,10.5,34,78,200,26,16,52,8,3,0,-4.5
Jean-Louis Leca,fr FRA,GK,Lens,37,1985,1,1,90,2,2,0,0,0,0,0,0,1.0,1,10,22,5,4,8,0,0,0,-1.0
Jens Grahl,de GER,GK,Eint Frankfurt,34,1988,4,3,315,3,16,13,1,0,0,0,0,2.9,4,34,115,23,20,49,5,5,0,-0.10000000000000009
Jeremías Ledesma,ar ARG,GK,Cádiz,30,1993,34,34,3048,47,151,104,9,2,2,0,0,46.4,313,785,897,115,284,526,53,45,0,-0.6000000000000014
Jesse Öst,fi FIN,GK,fi HJK,32,1990,3,2,258,10,25,15,0,1,1,0,0,9.7,12,45,80,10,36,57,1,0,0,-0.3000000000000007
Jesús Owono,gq EQG,GK,Alavés,22,2001,4,4,360,8,24,16,1,0,0,0,0,6.4,36,77,88,9,31,29,4,8,0,-1.5999999999999996
Jindřich Staněk,cz CZE,GK,cz Viktoria Plzeň,27,1996,5,5,450,8,20,12,2,0,0,0,0,6.5,31,84,149,17,32,64,4,0,0,-1.5
Jiří Pavlenka,cz CZE,GK,Werder Bremen,31,1992,7,7,630,17,38,21,1,2,2,0,0,13.1,31,85,177,37,69,109,7,9,0,-3.9000000000000004
Joe Hart,eng ENG,GK,sct Celtic,36,1987,6,6,540,15,38,21,0,2,0,2,0,13.3,11,30,192,36,52,84,1,1,2,-1.6999999999999993
Jonas Omlin,ch SUI,GK,Gladbach,29,1994,7,7,630,18,47,29,0,2,2,0,0,13.3,32,90,242,37,34,78,7,12,0,-4.699999999999999
Jordan Pickford,eng ENG,GK,Everton,29,1994,38,38,3420,51,165,117,13,8,8,0,0,52.4,360,901,1297,141,273,570,30,54,0,1.3999999999999986
Josep Martinez,es ESP,GK,Genoa,25,1998,36,36,3239,43,130,87,8,4,3,1,0,38.9,227,583,1253,107,171,580,45,40,1,-4.100000000000001
Josip Condric,hr CRO,GK,kz Astana FK,29,1993,6,6,540,13,36,23,1,2,2,0,0,9.3,16,97,139,31,56,84,8,5,0,-3.6999999999999993
José Sá,pt POR,GK,Wolves,30,1993,35,35,3037,58,188,131,4,8,8,0,0,65.9,87,424,841,190,253,522,45,28,0,7.900000000000006
Juan Musso,ar ARG,GK,it Atalanta,29,1994,23,23,2070,20,67,48,11,5,5,0,0,20.200000000000003,111,302,620,126,147,222,23,39,0,0.20000000000000107
Julen Agirrezabala,es ESP,GK,Athletic Club,22,2000,4,2,238,4,12,8,2,0,0,0,0,2.4,18,49,78,20,22,41,2,3,0,-1.6
Julian Faye-Lund,no NOR,GK,no Bodø/Glimt,24,1999,2,2,180,5,9,4,0,0,0,0,0,2.2,6,17,49,9,12,28,3,0,0,-2.8
Justin Bijlow,nl NED,GK,nl Feyenoord,25,1998,4,4,360,7,15,10,0,2,2,0,0,7.0,6,24,166,14,12,31,1,12,0,0.0
Jérémy Frick,ch SUI,GK,ch Servette FC,30,1993,10,10,930,13,38,26,4,0,0,0,0,14.5,87,216,298,37,81,118,7,10,0,1.4999999999999991
Kacper Tobiasz,pl POL,GK,pl Legia Warsaw,20,2002,6,6,540,11,24,13,1,0,0,0,0,9.9,16,67,183,18,28,53,2,17,0,-1.0999999999999996
Kamil Grabara,pl POL,GK,dk FC Copenhagen,24,1999,8,8,720,14,44,30,2,1,1,0,0,13.3,44,123,224,41,64,138,6,3,0,-0.6999999999999993
Kelle Roos,nl NED,GK,sct Aberdeen,31,1992,6,6,540,10,29,19,1,2,2,0,0,11.0,45,146,161,12,52,104,3,5,0,1.0
Kepa Arrizabalaga,es ESP,GK,Real Madrid,28,1994,18,17,1558,14,53,40,9,1,1,0,0,14.3,42,113,509,83,89,215,10,12,0,0.2999999999999998
Kevin Müller,de GER,GK,Heidenheim,32,1991,34,34,3060,55,174,121,6,10,7,1,2,53.6,249,595,1164,167,316,495,24,17,3,-1.3999999999999986
Kevin Trapp,de GER,GK,Eint Frankfurt,33,1990,39,39,3464,58,159,99,8,11,9,2,0,57.0,113,414,1112,154,244,518,18,34,2,-1.0000000000000036
Keylor Navas,cr CRC,GK,Paris S-G,36,1986,4,4,360,6,12,6,1,1,1,0,0,4.7,4,9,80,12,18,37,0,5,0,-1.2999999999999998
Kjell Scherpen,nl NED,GK,at Sturm Graz,23,2000,6,6,540,9,29,20,1,1,1,0,0,11.6,25,93,152,24,49,94,10,5,0,2.5999999999999996
Kjetil Haug,no NOR,GK,no Bodø/Glimt,25,1998,2,2,210,4,8,4,0,1,1,0,0,2.9,3,16,109,10,8,26,4,3,0,-1.1
Koen Casteels,be BEL,GK,Wolfsburg,31,1992,25,25,2250,39,115,78,4,3,2,0,1,36.4,161,390,786,118,161,335,25,38,1,-2.6000000000000014
Kostas Tzolakis,gr GRE,GK,gr Olympiacos,20,2002,6,6,630,6,30,24,2,3,2,0,1,7.7,46,176,172,19,53,99,12,13,1,1.7000000000000002
Lapo Nava,it ITA,GK,Milan,19,2004,1,0,3,1,2,1,0,0,0,0,0,0.9,1,1,1,0,0,0,0,0,0,-0.09999999999999998
Lorenzo Montipò,it ITA,GK,Hellas Verona,27,1996,37,37,3330,49,153,105,8,2,2,0,0,40.7,323,763,960,109,305,487,22,43,0,-8.299999999999997
Loris Karius,de GER,GK,Newcastle Utd,30,1993,1,1,90,4,7,4,0,0,0,0,0,2.0,3,18,27,5,9,10,1,3,0,-2.0
Luca Gemello,it ITA,GK,Torino,23,2000,2,2,180,5,9,4,0,1,1,0,0,3.6,10,29,104,8,12,24,3,3,0,-1.4
Lucas Chevalier,fr FRA,GK,Lille,21,2001,40,40,3629,37,145,108,18,5,3,2,0,41.400000000000006,123,410,1250,146,161,447,36,41,2,4.400000000000003
Luka Gugeshashvili,ge GEO,GK,az Qarabağ,24,1999,1,0,6,1,1,0,0,1,1,0,0,1.0,0,5,2,0,3,0,0,0,0,0.0
Lukáš Hrádecký,fi FIN,GK,Leverkusen,33,1989,33,33,2970,24,102,78,15,0,0,0,0,27.5,71,202,736,165,145,313,27,39,0,3.5
Luís Maximiano,pt POR,GK,Almería,24,1999,33,33,2970,63,175,111,6,7,4,1,2,59.7,158,543,995,146,264,551,25,38,3,-3.299999999999997
Maarten Vandevoordt,be BEL,GK,be Genk,21,2002,4,4,360,3,17,14,2,0,0,0,0,3.8,20,70,145,15,24,45,2,3,0,0.7999999999999998
Maduka Okoye,ng NGA,GK,Udinese,23,1999,21,21,1890,25,89,65,5,3,3,0,0,23.9,99,263,286,45,161,365,7,2,0,-1.1000000000000014
Maksym Koval,ua UKR,GK,md Sheriff Tiraspol,30,1992,6,6,540,17,37,22,0,2,2,0,0,14.6,49,150,175,28,52,126,10,3,0,-2.4000000000000004
Manuel Neuer,de GER,GK,de Bayern Munich,37,1986,32,32,2863,41,121,79,10,5,4,1,0,39.900000000000006,107,229,1094,144,128,309,12,43,1,-1.0999999999999979
Manuel Riemann,de GER,GK,Bochum,34,1988,33,33,2970,70,185,116,4,11,9,2,0,59.6,430,1041,1498,89,208,510,35,104,2,-10.399999999999999
Marc Martínez,es ESP,GK,Granada,33,1990,3,3,270,11,23,12,0,2,2,0,0,12.1,17,39,74,9,24,30,0,10,0,1.0999999999999996
Marc-André ter Stegen,de GER,GK,Barcelona,31,1992,36,36,3240,37,133,96,17,3,3,0,0,37.5,123,240,1131,144,195,424,18,44,0,0.5
Marcel Schuhen,de GER,GK,Darmstadt 98,30,1993,31,31,2790,76,198,123,3,2,1,1,0,68.0,245,618,1204,182,289,453,24,51,1,-8.0
Marcin Bułka,pl POL,GK,Nice,23,1999,34,34,3060,29,105,74,17,8,5,3,0,30.7,74,189,1086,158,147,376,32,21,3,1.6999999999999993
Marco Bizot,nl NED,GK,Brest,32,1991,32,32,2876,34,129,94,13,3,2,1,0,36.2,232,482,908,134,188,382,18,41,1,2.200000000000003
Marco Carnesecchi,it ITA,GK,it Atalanta,23,2000,28,28,2508,30,109,77,8,7,4,2,1,30.6,124,356,715,151,200,347,22,39,3,0.6000000000000008
Marco Silvestri,it ITA,GK,Udinese,32,1991,17,17,1530,28,68,40,4,6,6,0,0,25.7,57,168,345,68,105,282,5,7,0,-2.3000000000000007
Marco Sportiello,it ITA,GK,it Milan,31,1992,9,7,710,12,35,24,3,1,1,0,0,9.5,22,56,245,46,24,89,5,9,0,-2.4999999999999996
Mark Flekken,nl NED,GK,Brentford,30,1993,37,37,3285,63,176,113,7,2,2,0,0,55.4,242,647,1288,131,289,568,44,37,0,-7.600000000000001
Mark Travers,ie IRL,GK,Bournemouth,24,1999,4,4,360,5,18,13,2,1,1,0,0,5.0,22,72,92,13,26,60,3,3,0,0.0
Marko Dmitrović,rs SRB,GK,Sevilla,31,1992,17,17,1530,33,83,52,2,3,3,0,0,28.9,77,224,423,80,117,205,17,17,0,-4.100000000000001
Marko Marić,hr CRO,GK,ba Zrinjski Mostar,27,1996,6,6,540,10,32,23,0,2,2,0,0,8.0,21,118,149,21,63,127,4,3,0,-2.0
Martin Dúbravka,sk SVK,GK,Newcastle Utd,34,1989,24,23,2075,44,132,87,5,5,4,1,0,43.7,59,174,509,148,174,302,20,22,1,-0.29999999999999716
Martin Jedlička,cz CZE,GK,cz Viktoria Plzeň,25,1998,4,4,420,2,23,21,3,0,0,0,0,6.4,53,122,143,17,49,94,5,8,0,4.4
Martin Trnovský,sk SVK,GK,sk Slovan Bratislava,23,2000,2,1,124,5,10,5,0,1,1,0,0,5.5,15,22,33,3,25,28,0,0,0,0.5
Marvin Schwäbe,de GER,GK,Köln,28,1995,34,34,3060,60,168,108,4,3,3,0,0,62.0,135,372,1148,101,149,504,14,21,0,2.0
Massamba Ndiaye,sn SEN,GK,Clermont Foot,21,2001,4,4,360,6,24,18,0,1,1,0,0,7.8,20,55,148,28,24,75,7,3,0,1.7999999999999998
Matej Kovar,cz CZE,GK,Leverkusen,23,2000,13,13,1170,12,56,44,6,3,3,0,0,17.599999999999998,30,72,344,72,68,127,10,16,0,5.6
Matevž Vidovšek,si SVN,GK,si Olimpija,23,1999,2,2,180,3,13,9,0,3,2,1,0,5.2,1,19,50,13,20,13,1,3,1,2.2
Matheus,br BRA,GK,pt Braga,31,1992,8,8,750,18,43,27,0,1,1,0,0,16.2,29,76,230,36,47,102,1,16,0,-1.8000000000000007
Mathew Ryan,au AUS,GK,nl AZ Alkmaar,31,1992,5,5,450,10,17,7,2,0,0,0,0,6.3,25,61,169,28,18,64,4,8,0,-3.7
Mathieu Gorgelin,fr FRA,GK,Le Havre,32,1990,1,1,90,2,5,3,0,1,1,0,0,2.9,3,9,17,0,2,12,0,1,0,0.8999999999999999
Matt Turner,us USA,GK,Nott'ham Forest,29,1994,17,17,1530,28,80,52,2,2,2,0,0,22.1,126,280,436,99,136,296,30,18,0,-5.899999999999999
Mattia Perin,it ITA,GK,Juventus,30,1992,3,3,225,1,5,4,1,0,0,0,0,1.2,5,15,54,9,12,29,2,3,0,0.19999999999999996
Matz Sels,be BEL,GK,Nott'ham Forest,31,1992,35,35,3150,51,123,76,4,2,2,0,0,35.1,163,405,788,119,206,479,17,23,0,-15.899999999999999
Mert Günok,tr TUR,GK,tr Beşiktaş,34,1989,3,3,270,6,21,15,0,0,0,0,0,6.3,20,45,81,14,13,27,1,4,0,0.2999999999999998
Michael Zetterer,de GER,GK,Werder Bremen,28,1995,27,27,2430,37,128,92,6,4,4,0,0,41.0,145,330,977,161,144,407,34,30,0,4.0
Michele Cerofolini,it ITA,GK,Frosinone,24,1999,8,7,675,11,28,18,3,1,0,0,1,5.9,18,100,171,28,38,126,4,7,1,-5.1
Michele Di Gregorio,it ITA,GK,Monza,26,1997,33,33,2872,35,159,122,12,5,3,2,0,45.4,179,430,1126,201,223,469,19,18,2,10.399999999999999
Mike Maignan,fr FRA,GK,it Milan,28,1995,41,41,3609,50,167,117,12,10,10,0,0,44.1,160,374,1360,238,212,480,47,49,0,-5.8999999999999995
Milan Borjan,ca CAN,GK,sk Slovan Bratislava,35,1987,7,7,593,7,22,15,1,0,0,0,0,9.0,44,125,143,24,64,98,9,8,0,2.0
Mile Svilar,rs SRB,GK,it Roma,23,1999,29,29,2640,31,142,112,10,2,1,1,0,34.8,94,275,905,138,182,413,32,15,1,3.799999999999999
Moritz Nicolas,de GER,GK,Gladbach,25,1997,27,27,2430,49,160,111,4,4,4,0,0,45.1,112,315,888,140,161,460,21,22,0,-3.8999999999999986
Mory Diaw,sn SEN,GK,Clermont Foot,30,1993,30,30,2700,54,188,134,5,8,6,1,1,57.1,206,558,1065,129,176,439,39,46,2,3.1000000000000014
Mykyta Turbaievskyi,ua UKR,GK,ua Zorya Luhansk,21,2002,5,5,450,11,25,15,1,0,0,0,0,8.5,16,64,120,19,39,60,3,6,0,-2.5
Nemanja Belić,rs SRB,GK,rs Čukarički,36,1987,3,2,241,9,18,9,0,1,1,0,0,7.0,21,49,60,10,30,35,3,5,0,-2.0
Nenad Filipović,rs SRB,GK,rs Čukarički,36,1987,3,3,209,4,13,8,0,2,1,1,0,4.4,21,49,37,0,24,46,3,0,1,0.40000000000000036
Neto,br BRA,GK,Bournemouth,34,1989,32,32,2880,55,165,110,7,6,5,1,0,55.2,172,494,833,154,223,413,26,34,1,0.20000000000000284
Nick Pope,eng ENG,GK,Newcastle Utd,31,1992,20,20,1795,21,88,67,6,1,1,0,0,26.5,63,178,388,116,140,216,15,34,0,5.5
Nicola Bagnolini,it ITA,GK,Bologna,19,2004,1,0,5,0,1,1,0,0,0,0,0,0.0,1,2,1,0,2,0,0,0,0,0.0
Nicola Leali,it ITA,GK,Genoa,30,1993,3,2,176,2,9,7,0,0,0,0,0,2.8,18,48,62,3,10,27,2,1,0,0.7999999999999998
Niki Mäenpää,fi FIN,GK,fi HJK,38,1985,4,4,282,7,23,17,0,0,0,0,0,7.9,6,33,82,18,22,46,1,1,0,0.9000000000000004
Nikita Contini Baranovsky,it ITA,GK,Napoli,27,1996,1,0,17,0,0,0,1,0,0,0,0,0.0,0,0,3,1,1,1,0,3,0,0.0
Nikita Haikin,ru RUS,GK,no Bodø/Glimt,28,1995,4,4,360,3,14,12,1,0,0,0,0,2.4,19,44,121,15,22,68,1,9,0,-0.6000000000000001
Niklas Lomb,de GER,GK,de Leverkusen,30,1993,1,1,90,1,3,2,0,0,0,0,0,0.7,2,4,23,4,2,6,0,0,0,-0.30000000000000004
Nikola Simić,rs SRB,GK,rs TSC,26,1996,1,1,90,3,8,5,0,0,0,0,0,2.6,5,16,26,4,8,21,1,0,0,-0.3999999999999999
Nils Jonatan Johansson,se SWE,GK,fo KÍ,32,1991,6,6,540,9,30,21,2,3,3,0,0,11.0,37,118,156,33,64,116,4,4,0,2.0
Noah Atubolu,de GER,GK,Freiburg,21,2002,44,44,3990,72,195,122,14,5,3,2,0,63.7,252,737,1592,202,304,594,37,35,2,-8.3
Nordin Jackers,be BEL,GK,be Club Brugge,25,1997,4,4,360,5,16,11,2,0,0,0,0,4.2,29,64,162,15,23,53,1,2,0,-0.7999999999999998
Odysseas Vlachodimos,gr GRE,GK,Nott'ham Forest,29,1994,5,5,450,12,22,10,1,1,1,0,0,7.9,28,60,130,21,44,92,3,2,0,-4.1
Oleksandr Saputin,ua UKR,GK,ua Zorya Luhansk,19,2003,1,1,89,0,1,1,0,0,0,0,0,0.1,7,15,18,1,10,10,1,0,0,0.1
Oliver Baumann,de GER,GK,Hoffenheim,33,1990,34,34,3060,66,211,143,2,5,2,3,0,68.6,208,529,1159,165,249,545,31,73,3,2.5999999999999943
Oliver Christensen,dk DEN,GK,it Fiorentina,24,1999,8,8,720,13,30,17,1,2,2,0,0,8.2,44,124,281,26,45,78,6,16,0,-4.8
Oliver Petersen,no NOR,GK,no Molde,21,2001,9,8,770,15,39,25,1,1,1,0,0,11.8,23,86,235,38,68,124,8,8,0,-3.2
Omri Glazer,il ISR,GK,rs Red Star,27,1996,6,6,540,15,45,31,0,2,2,0,0,15.1,30,61,124,16,53,84,1,5,0,0.09999999999999964
Orlando Mosquera,pa PAN,GK,il Maccabi Tel Aviv,28,1994,4,4,360,5,25,20,0,0,0,0,0,8.0,22,69,146,20,24,51,7,6,0,3.0
Pau López,es ESP,GK,Marseille,28,1994,46,46,4139,60,186,127,10,5,5,0,0,53.6,159,537,1506,159,215,557,26,34,0,-6.399999999999999
Paul Nardi,fr FRA,GK,be Gent,29,1994,2,2,159,2,7,5,0,0,0,0,0,1.5,6,24,42,8,9,13,0,0,0,-0.5
Paulo Gazzaniga,ar ARG,GK,Girona,31,1992,38,38,3420,46,168,121,12,7,5,1,1,51.0,155,420,1140,178,246,534,41,33,2,5.0
Pavao Pervan,at AUT,GK,Wolfsburg,35,1987,9,9,810,17,36,20,2,0,0,0,0,11.5,40,104,263,39,37,127,1,3,0,-5.5
Pepe Reina,es ESP,GK,Villarreal,40,1982,9,9,810,13,35,22,2,3,1,1,1,12.3,27,85,291,46,47,129,5,3,2,-0.6999999999999997
Peter Abrahamsson,se SWE,GK,se Häcken,35,1988,6,6,540,17,34,17,0,0,0,0,0,13.0,19,42,136,30,48,55,1,10,0,-4.0
Peter Vindahl Jensen,dk DEN,GK,cz Sparta Prague,25,1998,10,10,900,22,57,35,2,2,2,0,0,15.9,51,156,374,50,74,111,5,13,0,-6.1
Philipp Köhn,ch SUI,GK,Monaco,25,1998,22,22,1980,32,97,65,5,6,5,1,0,32.0,82,249,536,91,130,282,22,19,1,0.0
Pierluigi Gollini,it ITA,GK,Napoli,28,1995,7,7,630,8,24,16,1,0,0,0,0,8.2,27,68,213,28,53,82,5,9,0,0.1999999999999993
Pietro Terracciano,it ITA,GK,it Fiorentina,33,1990,42,42,3840,45,149,103,11,8,7,1,0,48.2,199,456,1308,157,221,370,14,27,1,3.200000000000003
Predrag Rajković,rs SRB,GK,Mallorca,27,1995,36,36,3240,43,138,95,9,5,4,1,0,41.8,322,795,946,117,300,502,33,28,1,-1.2000000000000028
Péter Gulácsi,hu HUN,GK,de RB Leipzig,33,1990,16,16,1440,12,50,39,5,1,0,0,1,12.9,22,88,453,67,119,207,7,17,1,0.9000000000000008
Radosław Majecki,pl POL,GK,Monaco,23,1999,12,12,1080,10,54,45,7,0,0,0,0,14.7,39,121,296,68,80,160,13,7,0,4.699999999999999
Raffaele Di Gennaro,it ITA,GK,Inter,29,1993,1,0,23,0,4,4,0,0,0,0,0,0.5,1,2,15,3,1,4,0,0,0,0.5
Raúl Fernández,es ESP,GK,Granada,35,1988,4,4,280,11,17,7,0,1,0,0,1,7.8,14,47,88,10,17,36,4,11,1,-3.2
Remi Matthews,eng ENG,GK,Crystal Palace,29,1994,1,0,4,1,1,0,0,0,0,0,0,0.1,0,5,4,0,1,1,1,0,0,-0.9
Robert Sánchez,es ESP,GK,Chelsea,25,1997,16,16,1433,25,78,52,3,3,2,1,0,24.2,61,147,516,87,91,202,19,27,1,-0.8000000000000007
Robin Olsen,se SWE,GK,Aston Villa,33,1990,7,6,585,18,42,23,0,2,1,1,0,14.0,22,63,260,31,40,60,6,1,1,-4.0
Robin Zentner,de GER,GK,Mainz 05,28,1994,30,30,2700,48,128,81,7,4,3,0,1,49.2,180,512,862,146,177,393,42,48,1,1.2000000000000028
Roei Mashpati,il ISR,GK,il Maccabi Tel Aviv,30,1992,4,4,390,11,23,12,0,1,1,0,0,8.2,12,61,105,21,35,75,2,1,0,-2.8000000000000007
Rome-Jayden Owusu-Oduro,nl NED,GK,nl AZ Alkmaar,19,2004,1,1,90,2,5,3,0,0,0,0,0,1.7,9,21,34,1,2,6,0,0,0,-0.30000000000000004
Rubén Blanco,es ESP,GK,Marseille,28,1995,3,2,211,3,8,5,0,0,0,0,0,2.3,8,22,74,8,14,30,4,3,0,-0.7
Rui Patrício,pt POR,GK,Roma,35,1988,23,23,2070,27,74,49,6,3,2,0,1,23.4,90,211,492,86,137,309,16,8,1,-3.6000000000000014
Rui Silva,pt POR,GK,Betis,29,1994,34,34,3015,43,133,91,10,9,8,1,0,43.1,147,433,912,137,230,423,35,43,1,0.10000000000000009
Rémy Descamps,fr FRA,GK,Nantes,27,1996,6,6,540,11,37,26,1,2,1,0,1,12.5,51,125,141,28,71,116,8,0,1,1.5
Rémy Riou,fr FRA,GK,Lyon,35,1987,3,3,270,6,14,8,1,0,0,0,0,4.7,5,24,81,13,23,32,3,3,0,-1.2999999999999998
Sam Johnstone,eng ENG,GK,Crystal Palace,30,1993,20,20,1796,27,67,41,6,2,2,0,0,20.0,117,355,453,63,141,339,24,12,0,-7.0
Samuele Perisan,it ITA,GK,Empoli,25,1997,1,1,90,2,5,3,0,0,0,0,0,0.7,1,8,22,8,12,18,0,1,0,-1.3
Senne Lammens,be BEL,GK,be Antwerp,21,2002,1,1,90,2,6,4,0,1,1,0,0,1.9,6,33,44,4,12,16,1,0,0,-0.10000000000000009
Sergio Herrera,es ESP,GK,Osasuna,30,1993,32,32,2869,47,132,84,9,1,0,1,0,45.6,282,658,961,100,222,468,29,43,1,-1.3999999999999986
Sergio Padt,nl NED,GK,bg Ludogorets,33,1990,5,5,450,9,22,14,2,1,1,0,0,7.6,26,77,140,17,51,75,1,8,0,-1.4000000000000004
Shareef Keouf,il ISR,GK,il Maccabi Haifa,22,2001,9,9,810,12,45,33,3,1,0,1,0,11.8,57,160,234,34,86,209,8,6,1,-0.20000000000000018
Simon Mignolet,be BEL,GK,be Club Brugge,35,1988,8,8,720,4,19,15,4,2,2,0,0,5.2,38,85,257,32,45,91,8,11,0,1.2000000000000002
Simon Sluga,hr CRO,GK,bg Ludogorets,30,1993,3,3,270,3,10,7,2,0,0,0,0,2.6,10,34,76,16,20,27,2,2,0,-0.3999999999999999
Simone Aresti,it ITA,GK,Cagliari,37,1986,1,0,1,1,1,0,0,1,1,0,0,1.0,0,1,1,0,0,3,0,0,0,0.0
Simone Perilli,it ITA,GK,Hellas Verona,28,1995,1,1,90,2,10,8,0,0,0,0,0,2.7,8,28,32,2,5,5,0,2,0,0.7000000000000002
Simone Scuffet,it ITA,GK,Cagliari,27,1996,31,31,2789,55,129,76,3,3,3,0,0,45.1,161,452,684,106,243,482,22,20,0,-9.899999999999999
Stefan Ortega,de GER,GK,Manchester City,30,1992,12,8,905,14,41,28,3,0,0,0,0,13.4,45,106,406,42,32,83,6,21,0,-0.5999999999999996
Stefano Turati,it ITA,GK,Frosinone,21,2001,31,31,2745,58,152,94,4,7,5,1,1,47.5,72,316,919,147,144,412,18,19,2,-10.5
Steve Mandanda,fr FRA,GK,Rennes,38,1985,41,41,3690,56,174,121,9,5,5,0,0,49.6,154,467,1210,181,228,518,41,40,0,-6.399999999999997
Stole Dimitrievski,mk MKD,GK,Rayo Vallecano,29,1993,37,37,3330,47,150,104,13,2,1,1,0,46.9,168,598,928,171,267,529,23,38,1,-0.10000000000000142
Sven Ulreich,de GER,GK,de Bayern Munich,34,1988,14,14,1260,17,43,26,4,2,2,0,0,17.1,39,116,466,71,66,143,6,18,0,0.10000000000000053
Thibaut Courtois,be BEL,GK,Real Madrid,31,1992,5,5,422,0,18,18,4,0,0,0,0,3.9000000000000004,11,24,126,30,20,63,3,5,0,3.9000000000000004
Thomas Kaminski,be BEL,GK,Luton Town,30,1992,38,38,3405,85,221,140,2,4,4,0,0,77.6,271,808,1121,150,341,558,16,76,0,-7.400000000000006
Thomas Strakosha,al ALB,GK,Brentford,28,1995,2,1,135,2,8,6,0,0,0,0,0,1.5,12,30,56,5,15,37,2,1,0,-0.5
Timon Wellenreuther,de GER,GK,nl Feyenoord,27,1995,4,4,390,5,13,8,1,0,0,0,0,4.1,14,48,168,25,19,46,2,7,0,-0.8999999999999999
Tobias Lawal,at AUT,GK,at LASK,23,2000,6,6,540,12,28,16,1,3,3,0,0,12.0,22,87,134,18,63,77,2,9,0,0.0
Tommaso Martinelli,it ITA,GK,Fiorentina,17,2006,1,1,90,2,3,1,0,0,0,0,0,1.4,4,15,40,3,9,14,0,0,0,-0.6000000000000001
Tomáš Koubek,cz CZE,GK,Augsburg,30,1992,3,3,270,8,25,17,0,0,0,0,0,6.7,16,40,74,6,24,36,2,2,0,-1.2999999999999998
Unai Marrero,es ESP,GK,Real Sociedad,21,2001,2,1,142,3,5,2,0,1,1,0,0,2.9,10,25,37,5,8,27,1,4,0,-0.10000000000000009
Unai Simón,es ESP,GK,Athletic Club,26,1997,36,36,3182,33,122,90,16,5,1,3,1,38.0,220,679,982,144,240,450,31,46,4,5.0
Vanja Milinković-Savić,rs SRB,GK,Torino,26,1997,36,36,3240,31,134,103,18,6,6,0,0,33.8,264,783,1288,171,239,407,38,37,0,2.799999999999997
Vaná,br BRA,GK,cy Aris Limassol FC,32,1991,6,6,540,13,41,27,0,1,0,1,0,14.1,20,102,205,45,32,87,7,7,1,1.0999999999999996
Veljko Ilic,rs SRB,GK,rs TSC,20,2003,5,5,450,16,31,16,0,1,1,0,0,12.0,14,48,164,23,37,88,5,3,0,-4.0
Vicente Guaita,es ESP,GK,Celta Vigo,36,1987,27,26,2403,39,120,83,6,5,4,0,1,39.7,137,356,589,134,213,420,23,27,1,0.7000000000000028
Viktor Baier,cz CZE,GK,cz Viktoria Plzeň,18,2005,3,3,270,0,5,5,3,0,0,0,0,0.6,15,44,81,8,16,44,3,4,0,0.6
Vincenzo Fiorillo,it ITA,GK,Salernitana,33,1990,4,4,360,8,26,18,0,0,0,0,0,7.3,27,96,72,9,54,77,4,1,0,-0.7000000000000002
Vitezslav Jaros,cz CZE,GK,at Sturm Graz,22,2001,4,4,360,5,21,16,1,0,0,0,0,6.9,12,48,94,25,22,52,3,4,0,1.9000000000000004
Vito Mannone,it ITA,GK,Lille,35,1988,5,4,361,3,15,12,2,0,0,0,0,4.9,10,32,119,15,8,41,2,8,0,1.9000000000000001
Vladan Kovačević,ba BIH,GK,pl Raków,25,1998,6,6,540,10,35,25,1,2,2,0,0,12.8,25,89,182,21,61,89,3,18,0,2.8000000000000007
Walter Benítez,ar ARG,GK,nl PSV Eindhoven,30,1993,8,8,720,13,34,21,1,0,0,0,0,10.9,33,86,220,27,50,89,1,6,0,-2.0999999999999996
Wes Foderingham,eng ENG,GK,Sheffield Utd,32,1991,30,29,2649,79,204,130,1,6,5,0,1,70.4,205,618,783,101,262,468,28,42,1,-8.599999999999994
Wladimiro Falcone,it ITA,GK,Lecce,28,1995,38,38,3420,54,173,119,7,6,5,1,0,51.0,152,489,893,159,248,522,20,20,1,-3.0
Wojciech Szczęsny,pl POL,GK,Juventus,33,1990,35,35,3150,30,108,79,15,3,2,1,0,28.3,147,340,828,134,174,555,26,20,1,-1.6999999999999993
Yann Sommer,ch SUI,GK,it Inter,34,1988,41,41,3720,23,127,103,23,4,2,1,1,32.4,120,281,1314,152,240,503,24,18,2,9.4
Yassine Bounou,ma MAR,GK,Sevilla,32,1991,1,1,90,2,3,1,0,0,0,0,0,1.1,6,16,24,4,7,9,0,0,0,-0.8999999999999999
Yehvann Diouf,sn SEN,GK,Reims,23,1999,34,34,3060,47,137,90,8,7,6,1,0,42.7,124,353,1135,179,157,522,38,46,1,-4.299999999999997
Yuri Lodygin,ru RUS,GK,gr Panathinaikos,33,1990,1,1,90,2,4,2,0,0,0,0,0,1.7,4,11,26,5,2,5,0,3,0,-0.30000000000000004
Yvon Mvogo,ch SUI,GK,Lorient,29,1994,34,34,3060,66,207,142,4,8,8,0,0,64.0,139,378,921,162,228,591,24,13,0,-2.0
Álex Remiro,es ESP,GK,Real Sociedad,28,1995,45,45,3995,42,155,113,19,6,5,1,0,45.8,237,584,1319,119,193,464,20,60,1,3.799999999999999
Álvaro Vallés,es ESP,GK,Las Palmas,26,1997,37,37,3263,44,152,108,8,9,5,3,1,48.7,137,447,1762,194,151,521,29,96,4,4.700000000000003
Ørjan Nyland,no NOR,GK,Sevilla,32,1990,26,26,2340,31,116,86,6,4,4,0,0,34.1,182,483,647,118,220,385,20,17,0,3.1000000000000005
Đorđe Petrović,rs SRB,GK,Chelsea,23,1999,23,22,1987,38,108,73,5,2,1,0,1,28.3,67,214,655,97,149,312,20,20,1,-9.7
İrfan Can Eğribayat,tr TUR,GK,tr Fenerbahçe,25,1998,4,4,360,3,16,14,1,0,0,0,0,2.8,13,28,119,18,18,46,7,1,0,-0.20000000000000018
Łukasz Fabiański,pl POL,GK,West Ham,38,1985,19,16,1531,27,89,63,5,3,3,0,0,27.6,96,224,365,80,109,225,15,5,0,0.6000000000000005
Łukasz Skorupski,pl POL,GK,Bologna,32,1991,32,32,2880,29,106,77,13,6,3,1,2,26.6,103,297,829,136,188,432,12,15,3,-2.3999999999999986
