Team,Matches Played,Goals,xG,Shots,Shots on Target,Penalties Scored,Penalties Attempted,Shot Creating Actions,Goal Creating Actions,Passes Completed (Total),Passes Attempted (Total),Passes Completed (Short),Passes Attempted (Short),Passes Completed (Medium),Passes Attempted (Medium),Passes Completed (Long),Passes Attempted (Long),Assists,Expected Assists (xAG),Expected Assists (xA),Key Passes,Passes into Final Third,Passes into Penalty Area,Crosses into Penalty Area,Progressive Passes,Progressive Carries,Progressive Runs,Tackles,Tackles Won,Tackles Defensive Third,Tackles Middle Third,Tackles Attacking Third,Challenges Tackled,Challenges Attempted,Challenges Lost,Blocks,Interceptions,Clearances,Errors,Touches,Touches Defensive Penalty Area,Touches Defensive Third,Touches Middle Third,Touches Attacking Third,Touches Attacking Penalty Area,Live-Ball Touches,Take-Ons Attempted,Successful Take-Ons,Carries,Progressive Carries.1,Carries into Final Third,Carries into Penalty Area,Miscontrols,Dispossessed,Passes Received,Progressive Passes Received,Yellow Cards,Red Cards,Second Yellow Cards,Fouls Committed,Fouls Drawn,Offsides,Penalties Won,Penalties Conceded,Own Goals,Ball Recoveries,Aerial Duels Won,Aerial Duels Lost,Age_goal,Goals Against,Shots on Target Against,Saves,Clean Sheets,Penalty Kicks Attempted,Penalty Kicks Allowed,Penalty Kicks Saved,Penalty Kicks Missed,Post-Shot Expected Goals,Launched Passes Completed,Launched Passes Attempted,Passes Attempted (GK),Through Balls,Goal Kicks Attempted,Crosses Opposed,Crosses Stopped,Sweeper Actions
Alavés,38,38,43.4,393,123,9,11,690,61,10534,14746,4546,5494,4441,5542,1312,2838,20,25.5,25.8,284,963,229,99,1160,449,1148,737,459,346,307,84,348,726,378,382,309,918,10,19070,1876,5802,8634,4809,691,19059,478,185,9128,449,346,90,598,307,10419,1148,107,5,2,623,476,77,8,11,2,1499,639,694,73,48,132,86,9,11,11,0,0,45.9,361,877,887,82,289,552,36,31
Angers,34,31,36.4,311,91,5,6,546,55,11082,14057,4970,5624,4828,5656,1022,2043,17,23.7,22.5,216,777,200,63,953,502,943,624,392,340,202,82,294,607,313,365,336,903,20,17919,2146,6594,7732,3813,512,17913,613,249,9398,502,365,98,493,297,10991,943,49,2,0,380,398,69,6,5,0,1414,334,428,45,53,190,137,7,5,4,0,1,65.9,146,446,773,184,272,551,49,22
Arsenal,38,67,62.3,544,178,2,2,969,119,17066,20241,8591,9363,7129,7999,1031,2022,55,46.6,45.8,428,1397,437,75,1826,852,1801,598,348,220,249,129,260,515,255,328,225,680,33,24056,1844,6064,10362,7808,1282,24054,726,320,14234,852,540,286,483,382,16894,1801,70,6,3,401,405,80,2,3,0,1436,471,465,28,34,120,86,13,3,3,0,0,35.1,149,478,1263,178,147,402,53,66
Aston Villa,38,56,57.6,478,159,3,6,849,102,14701,17797,6778,7510,6555,7386,1088,2065,45,42.0,36.8,358,1137,319,56,1344,720,1331,637,372,293,249,95,310,546,236,329,240,788,43,21699,2646,7301,9257,5362,951,21693,726,327,12334,720,448,212,508,386,14423,1331,76,4,2,406,499,55,6,3,0,1418,378,423,65,51,156,104,9,3,2,1,0,52.1,181,474,1283,133,198,538,59,35
Atalanta,38,76,66.8,538,181,5,7,966,131,17454,20998,7796,8669,7832,8892,1506,2528,54,47.2,46.2,425,1382,395,113,1824,897,1808,571,347,238,260,73,272,506,234,360,296,679,16,25020,2035,6907,11325,7007,1076,25013,645,257,15076,897,696,254,574,362,17329,1808,67,1,1,435,393,54,5,2,2,1732,585,490,90,37,147,112,15,2,2,0,0,41.0,133,413,980,193,233,363,21,56
Athletic Club,38,53,54.4,462,148,3,6,832,92,13665,17375,5552,6396,6520,7522,1395,2733,40,37.1,33.1,351,1283,274,90,1579,682,1561,577,345,240,252,85,296,579,283,353,344,911,25,21761,1884,6255,10334,5382,760,21755,791,328,11368,682,444,188,597,401,13522,1561,64,3,1,483,386,68,5,5,1,1735,496,514,70,29,113,83,15,5,3,2,0,31.6,190,540,972,157,205,449,41,48
Atlético Madrid,38,68,65.3,463,174,6,7,826,123,17826,21418,8814,9752,6993,7984,1486,2519,51,48.0,45.1,348,1233,365,96,1559,760,1553,619,375,305,238,76,319,627,308,358,260,818,25,25387,2335,8013,11493,6074,860,25380,639,276,15829,760,579,167,541,275,17707,1553,75,3,0,412,427,72,4,5,2,1563,445,420,61,30,116,88,17,5,5,0,0,25.7,110,286,716,194,290,511,30,28
Augsburg,34,35,35.2,397,114,1,2,704,63,11577,14936,4900,5714,5187,6033,1267,2377,26,25.3,33.4,296,905,248,77,1162,450,1149,464,300,198,202,64,233,430,197,417,341,971,16,19036,2215,6126,8404,4701,681,19034,555,228,10166,450,356,97,587,297,11478,1149,78,5,2,351,373,59,2,5,2,1441,529,491,50,51,156,107,11,5,5,0,0,50.1,212,561,1011,123,250,554,21,44
Auxerre,34,47,41.9,375,144,4,5,688,87,11002,14162,4812,5517,4576,5349,1301,2498,35,32.2,24.2,296,804,212,68,1084,484,1078,657,403,330,232,95,316,606,290,394,350,944,17,18188,2265,6744,7753,3877,614,18183,622,258,10101,484,350,137,452,346,10927,1078,68,4,1,404,362,48,4,8,3,1492,412,422,54,51,173,123,10,8,6,2,0,59.3,221,680,981,178,207,556,31,42
Barcelona,38,99,93.2,670,240,7,8,1205,172,22321,25721,10452,11341,9674,10643,1577,2424,72,67.9,64.6,500,2020,479,77,2212,860,2201,538,332,186,245,107,271,520,249,329,227,601,14,29805,1857,6516,14966,8535,1208,29797,909,455,18077,860,667,238,579,316,22187,2201,63,3,1,368,465,65,8,4,0,1673,380,339,91,39,108,69,13,4,4,0,0,35.1,62,172,1168,181,165,356,15,158
Bayern Munich,34,96,82.7,636,255,9,10,1168,161,22755,25733,11338,12153,9489,10320,1548,2329,66,60.1,76.0,511,2131,464,67,2138,831,2125,506,300,166,233,107,250,450,200,318,232,518,23,29435,1651,6130,14825,8664,1212,29425,791,383,18048,831,683,265,495,264,22614,2125,48,1,0,295,341,56,6,2,0,1665,418,344,117,32,80,48,16,2,1,0,1,29.3,130,306,1255,123,87,267,12,70
Betis,38,55,56.0,518,176,7,10,944,100,15770,19284,7583,8423,6318,7291,1341,2443,37,37.8,35.0,417,1127,329,75,1486,679,1468,645,397,271,273,101,342,644,302,406,356,910,19,23872,2253,7466,10545,6088,921,23862,722,312,13910,679,532,228,676,378,15627,1468,75,4,0,433,524,56,9,4,1,1679,464,478,92,50,141,92,7,4,4,0,0,49.1,115,376,1043,177,214,516,30,51
Bochum,34,32,42.7,433,133,1,3,739,53,10281,14230,3889,4696,4761,5852,1433,2841,23,30.7,35.3,308,865,235,76,1090,378,1077,600,360,318,207,75,306,572,266,475,294,906,23,18311,2240,6257,8021,4198,683,18308,421,167,9051,378,292,89,524,235,10164,1077,71,2,1,465,293,63,3,6,0,1447,744,665,62,68,153,83,5,6,3,2,1,60.8,347,816,1081,94,275,467,18,51
Bologna,38,56,50.0,505,166,6,7,913,103,15681,19336,6113,6881,7530,8561,1765,3072,43,35.4,30.7,384,1351,293,109,1468,639,1457,591,346,215,270,106,283,538,255,390,258,679,20,23304,2070,6703,10984,5817,831,23297,555,221,13684,639,422,167,598,361,15512,1457,61,4,1,537,604,63,6,3,2,1516,579,616,57,47,106,60,12,3,2,1,0,40.4,171,467,1431,158,142,312,29,32
Bournemouth,38,57,65.4,574,192,6,7,1012,93,12977,16900,5648,6514,5659,6670,1365,2819,41,44.1,36.6,437,1242,339,106,1489,754,1474,691,399,290,299,102,301,627,326,459,351,1013,22,21618,2217,6444,9314,6128,1005,21611,672,294,11733,754,534,228,597,350,12855,1474,97,3,0,525,400,70,7,4,0,1821,573,606,89,46,172,126,9,4,4,0,0,54.8,174,465,980,158,246,460,25,62
Brentford,38,65,60.7,434,173,5,6,780,113,13358,17100,5849,6739,5826,6875,1449,2741,44,42.9,38.0,330,1104,325,91,1356,598,1339,633,380,289,223,121,314,596,282,480,285,1040,28,21491,3282,8328,8055,5310,987,21485,627,265,11412,598,380,213,549,300,13153,1339,62,1,0,320,339,63,6,1,3,1644,624,567,53,57,207,153,8,1,1,0,0,53.3,264,697,1552,129,228,597,48,34
Brest,34,52,46.8,409,151,7,9,730,85,12678,16021,5284,6055,5575,6467,1526,2732,32,29.7,30.2,302,929,189,64,1096,470,1084,656,426,291,255,110,308,583,275,363,316,869,14,19884,2240,6822,8962,4265,644,19875,490,209,10454,470,348,117,509,246,12586,1084,69,3,1,430,413,42,5,10,2,1471,534,508,58,59,141,83,10,10,8,1,1,49.0,224,542,962,141,224,489,34,56
Brighton,38,64,59.5,526,183,7,7,933,113,15820,19188,7629,8443,6541,7472,1313,2397,41,40.5,39.1,377,1189,339,87,1539,816,1522,705,431,287,297,121,350,703,353,439,315,762,29,23677,2601,7503,10292,6153,1085,23670,797,338,13919,816,576,263,583,344,15637,1522,78,3,2,438,411,46,6,9,2,1624,518,463,54,59,147,90,8,9,9,0,0,51.5,129,402,1336,129,85,436,29,50
Cagliari,38,38,43.7,421,115,3,3,748,71,12092,15802,5258,6076,5403,6411,1218,2515,31,32.0,29.2,301,907,234,89,1150,506,1140,538,303,264,224,50,238,449,211,343,276,887,18,19802,2531,7637,8203,4166,645,19799,552,228,10679,506,339,115,585,294,11974,1140,68,3,3,500,397,65,2,6,0,1522,606,600,98,56,153,97,7,6,6,0,0,54.8,232,597,1020,165,315,540,28,36
Celta Vigo,38,58,55.1,442,167,8,9,789,98,17798,21253,7549,8367,8368,9325,1480,2521,40,38.8,36.8,339,1424,300,53,1659,709,1649,555,340,258,217,80,286,576,290,345,282,828,30,25123,2232,7618,12133,5574,831,25114,628,254,15010,709,500,218,558,296,17691,1649,84,6,3,462,436,67,6,4,2,1532,375,439,64,57,145,89,8,4,3,1,0,48.8,69,242,822,210,265,501,27,49
Chelsea,38,61,69.4,590,203,4,5,1061,109,18033,21320,8067,8802,8244,9120,1369,2547,47,53.5,41.8,457,1488,346,73,1595,861,1576,588,371,243,244,101,273,536,263,356,272,695,45,25217,2410,7564,11375,6497,1115,25212,783,326,14501,861,493,317,466,297,17888,1576,101,2,1,436,444,65,5,6,0,1577,402,390,48,43,155,111,11,6,5,1,0,45.0,105,457,1331,209,100,423,49,59
Como,38,44,46.2,519,176,0,2,920,79,15917,19183,7607,8351,6561,7392,1286,2359,39,36.8,30.8,405,1150,279,60,1377,658,1371,663,412,301,260,102,303,591,288,348,279,788,19,23246,2359,7668,10461,5315,791,23244,622,264,14108,658,463,202,577,360,15729,1371,87,7,3,503,518,65,1,7,0,1547,472,487,97,52,143,91,7,7,7,0,0,44.6,150,405,1271,163,98,433,29,65
Crystal Palace,38,49,61.5,512,175,3,4,877,89,11875,15754,5198,6077,5285,6317,1137,2545,38,46.9,36.3,379,886,272,69,1158,510,1140,767,450,374,299,94,324,643,319,485,334,1088,19,20389,2570,7689,8441,4456,797,20385,500,209,10275,510,354,126,491,339,11783,1140,80,4,3,417,403,74,4,2,3,1698,511,636,27,51,150,101,11,2,1,1,0,51.2,157,600,942,115,273,559,30,40
Dortmund,34,69,62.7,478,157,5,6,857,123,17077,20321,7783,8536,7542,8376,1403,2463,56,48.1,50.5,372,1348,324,86,1563,701,1555,523,319,232,196,95,261,492,231,375,249,726,18,24214,2170,6972,11525,5921,916,24208,747,341,14567,701,522,219,502,307,16922,1555,71,6,3,330,343,43,5,4,1,1480,474,418,59,51,140,89,7,4,4,0,0,51.4,120,369,1193,129,128,444,23,49
Eint Frankfurt,34,68,67.1,480,172,3,5,849,115,13925,17138,6627,7329,5810,6682,1094,2198,47,45.6,43.4,354,1033,308,55,1347,585,1337,566,341,267,219,80,280,508,228,425,287,994,26,21315,2574,7332,9549,4619,871,21310,609,293,12239,585,428,188,561,262,13804,1337,55,1,1,341,304,57,2,3,2,1486,467,437,55,46,163,117,9,3,1,2,0,49.2,129,428,1061,157,174,531,40,46
Empoli,38,31,33.1,367,107,2,3,638,51,10093,13916,4015,4844,4558,5549,1180,2624,21,23.0,19.1,269,799,214,71,1013,428,1004,689,396,314,293,82,309,543,234,396,323,1072,21,18255,2279,6509,8088,3861,562,18252,505,212,8486,428,284,102,594,349,9986,1004,68,5,2,570,459,57,3,3,1,1480,577,710,78,59,158,99,6,3,1,1,1,50.1,199,654,1104,125,168,556,37,20
Espanyol,38,38,35.0,351,98,5,5,632,68,10580,13996,4245,4942,4814,5678,1297,2629,27,24.5,23.5,256,772,204,81,1000,497,991,640,397,380,210,50,310,610,300,435,315,1131,21,18406,2655,7408,7625,3582,548,18401,546,221,9361,497,359,109,561,241,10490,991,88,1,0,498,432,61,5,6,1,1364,493,504,23,51,192,140,8,6,4,2,0,57.7,194,526,1040,197,216,670,64,35
Everton,38,39,42.7,404,139,2,2,713,68,11405,14953,5039,5809,4604,5451,1526,2901,27,32.8,27.3,298,1003,261,92,1041,486,1023,732,433,366,269,97,338,656,318,392,345,1088,25,19408,2462,6930,7927,4762,732,19406,636,283,9535,486,364,119,525,390,11309,1023,82,2,1,430,384,81,1,2,0,1524,614,564,30,44,163,117,12,2,0,2,0,48.8,304,806,1355,161,231,558,31,57
Fiorentina,37,55,50.2,429,160,6,8,799,100,14193,17510,5771,6478,6566,7504,1565,2733,37,35.6,27.2,336,984,244,74,1240,620,1226,531,311,267,195,69,248,488,240,353,269,911,17,21431,2419,7306,9857,4479,671,21423,600,270,12538,620,479,164,535,306,14051,1226,81,3,2,429,541,85,6,3,1,1436,508,487,67,41,146,104,11,3,1,2,0,40.8,226,515,964,143,252,498,14,31
Freiburg,34,46,45.6,405,132,0,4,714,84,12892,16460,5552,6386,5789,6731,1209,2417,35,30.8,36.3,285,981,253,74,1129,442,1120,511,317,225,222,64,235,457,222,400,276,811,21,20178,2220,6656,9166,4504,722,20174,486,215,10294,442,319,119,456,259,12683,1120,54,2,1,316,325,61,3,4,1,1368,596,608,48,53,150,96,11,4,2,2,0,48.6,213,580,1279,138,183,481,40,37
Fulham,38,53,49.9,516,167,3,4,940,99,16199,19753,7195,8007,7222,8198,1504,2703,44,37.7,35.0,398,1346,343,108,1558,786,1544,679,411,327,259,93,289,565,276,382,302,914,33,23926,2641,8095,9787,6287,954,23922,637,288,14026,786,544,213,515,281,16043,1544,80,2,0,432,359,43,3,4,2,1610,533,532,32,54,159,106,5,4,3,1,0,48.9,141,367,1231,167,172,507,23,33
Genoa,38,35,37.2,383,117,0,2,657,61,12025,15727,4811,5621,5664,6683,1243,2515,27,27.1,22.4,285,737,201,78,980,470,967,672,385,281,287,104,283,566,283,422,308,938,15,20080,2523,7477,8829,3958,644,20078,505,187,10006,470,343,112,593,289,11902,967,71,1,0,497,448,55,1,8,3,1481,666,696,119,49,158,110,11,8,6,2,0,49.8,190,506,983,142,291,527,24,17
Getafe,38,34,38.2,430,122,5,5,736,56,8695,12922,3711,4579,3515,4628,1250,2951,21,24.0,23.8,296,958,226,104,981,368,966,645,393,287,278,80,333,665,332,411,276,1065,15,17605,1770,5183,7998,4646,675,17600,631,265,7825,368,311,105,719,357,8611,966,110,7,3,602,506,90,3,9,0,1436,771,738,31,39,126,86,9,9,8,1,0,42.0,300,799,719,68,304,479,25,39
Girona,38,43,42.8,397,134,4,5,727,77,18273,21401,8002,8697,8458,9319,1526,2565,31,31.8,37.6,308,1494,302,87,1691,765,1684,569,348,268,219,82,292,557,265,327,279,722,34,25088,2516,7829,11533,5912,795,25083,634,291,15275,765,553,180,522,312,18040,1684,76,1,0,437,439,79,4,6,1,1443,321,344,80,60,164,102,8,6,3,3,0,53.0,107,328,1106,152,194,463,40,35
Gladbach,34,53,51.2,413,153,4,5,736,93,14148,17507,6502,7257,6076,7009,1261,2322,39,37.8,35.0,308,848,278,93,1112,530,1104,504,284,278,177,49,240,473,233,445,317,1067,23,21519,2921,8283,9361,4035,702,21514,469,206,11672,530,360,131,420,269,14002,1104,53,3,2,339,326,65,5,8,2,1308,530,473,110,57,191,135,7,8,7,1,0,59.6,195,473,1357,158,160,594,35,28
Heidenheim,34,37,41.0,398,124,5,5,713,60,11127,14684,4145,4986,5303,6225,1428,2682,26,28.7,31.4,294,806,231,84,974,516,959,614,356,322,235,57,294,558,264,435,312,952,15,18836,2427,7356,7915,3789,619,18831,532,232,10014,516,347,94,537,240,11035,959,66,1,0,385,390,50,3,6,0,1420,553,646,53,64,171,107,9,6,6,0,0,59.6,162,462,1085,160,282,478,22,21
Hellas Verona,38,31,34.5,372,95,2,2,640,48,9854,13457,4411,5150,4092,4944,1079,2569,20,25.1,20.5,276,824,189,61,1011,449,998,672,434,326,271,75,311,592,281,393,329,987,23,17659,2055,5973,8025,3869,532,17657,508,228,8757,449,338,100,533,254,9765,998,97,9,5,579,352,55,1,4,1,1427,671,699,57,66,172,106,8,4,2,1,1,53.8,217,761,794,93,312,544,32,26
Hoffenheim,34,46,43.8,440,148,3,3,790,81,12827,16506,5746,6593,5461,6522,1221,2444,30,33.0,38.6,324,1041,298,108,1218,481,1208,570,336,266,236,68,269,511,242,450,291,922,22,20591,2338,6644,9219,4904,762,20588,505,234,10884,481,391,124,451,293,12717,1208,66,2,0,391,366,70,2,6,3,1466,577,588,57,68,173,105,4,6,3,3,0,64.4,208,575,1080,143,172,491,21,35
Holstein Kiel,34,49,40.7,368,133,4,5,652,81,10537,13961,4072,4768,5038,5991,1261,2558,29,26.8,27.8,266,676,181,69,875,359,860,541,328,292,174,75,277,530,253,409,294,1126,22,18172,2860,7924,7386,3022,572,18167,424,184,8483,359,261,81,504,242,10453,860,77,4,2,407,350,44,4,7,3,1267,546,607,55,80,195,117,2,7,6,1,0,65.7,214,577,1093,171,289,668,42,23
Inter,37,76,68.5,554,177,8,9,1028,133,19412,22592,8329,9108,8987,9926,1751,2661,57,48.8,49.1,434,1353,410,119,1730,694,1717,505,278,215,198,92,239,452,213,356,223,676,11,26215,2510,7834,12203,6361,1048,26206,407,158,16253,694,566,155,423,242,19251,1717,56,1,1,407,394,88,6,4,1,1440,604,419,61,32,124,92,16,4,3,1,0,35.8,114,277,1415,151,151,437,17,17
Ipswich Town,38,35,35.0,374,120,2,2,658,58,11524,14775,5157,5835,5115,5988,1021,2184,26,24.2,21.2,283,865,173,54,935,513,920,589,340,294,214,81,281,604,323,436,303,1102,39,19091,3012,7764,7504,4032,605,19089,643,277,9384,513,330,150,538,347,11405,920,93,5,4,430,404,52,2,6,2,1437,552,533,80,82,210,130,2,6,6,0,0,73.6,189,531,1067,184,239,609,71,35
Juventus,38,56,51.6,509,175,6,6,908,94,18259,21231,8378,9109,8078,8869,1473,2432,40,36.1,33.4,393,1390,305,67,1561,810,1548,606,353,273,245,88,263,471,208,404,215,723,27,25202,2320,7729,11766,5913,856,25196,658,309,15347,810,558,216,568,293,18089,1548,67,3,1,480,378,52,3,5,0,1516,458,461,58,35,119,84,17,5,5,0,0,31.8,139,377,1018,156,158,519,32,33
Las Palmas,38,38,36.6,409,134,3,4,741,68,14352,18209,6396,7255,6214,7269,1395,2776,27,26.4,26.2,304,1059,246,79,1210,499,1197,619,370,308,253,58,307,592,285,434,321,971,28,22497,2561,7809,10353,4511,669,22493,571,239,11365,499,346,113,547,275,14222,1197,110,4,2,452,462,59,1,10,3,1454,529,561,60,61,182,120,4,10,5,4,1,63.7,193,584,1295,195,226,561,22,36
Lazio,38,60,58.4,528,185,6,7,954,103,16400,19521,6959,7646,7447,8298,1670,2729,43,39.0,34.8,403,1374,323,102,1588,774,1580,520,319,234,224,62,251,501,250,313,295,718,23,23200,2262,6760,11033,5654,928,23193,628,296,13530,774,587,189,469,310,16281,1580,93,7,3,425,484,46,4,4,2,1439,473,491,52,49,119,72,9,4,4,0,0,39.4,188,498,1317,132,131,496,49,54
Le Havre,34,37,42.9,339,97,9,10,588,62,11125,14115,4445,5095,5289,6120,1156,2182,21,24.4,25.7,230,786,201,85,1051,538,1033,621,387,326,212,83,304,562,258,362,324,987,24,17975,2197,6737,7822,3637,581,17965,512,233,9506,538,347,93,448,311,11013,1033,56,4,1,379,403,50,6,6,1,1399,451,436,63,71,175,104,4,6,5,1,0,72.9,135,334,839,147,216,546,33,15
Lecce,38,27,35.2,450,119,3,4,777,47,11490,15087,4757,5501,5029,5971,1465,2862,21,24.5,20.4,322,852,222,93,1071,519,1062,627,372,315,250,62,301,584,283,407,285,1042,26,19445,2594,7211,8380,4085,605,19441,547,237,9704,519,349,121,572,290,11350,1062,61,7,1,466,427,52,2,10,3,1484,676,651,29,58,181,125,9,10,8,1,1,53.8,220,656,1017,120,178,590,29,19
Leganés,38,38,36.6,345,110,5,7,608,73,11207,14840,5038,5734,4716,5600,1169,2735,27,23.3,21.9,241,796,187,45,1030,417,1023,633,384,301,250,82,295,599,304,436,332,1201,18,19312,2448,7029,8720,3764,482,19305,627,302,9782,417,364,105,575,314,11128,1023,82,6,0,503,470,84,7,8,3,1500,472,614,58,56,175,122,11,8,7,0,1,59.0,237,885,874,132,357,709,56,53
Leicester City,38,33,32.9,332,105,2,3,585,56,13945,17486,6703,7482,5797,6664,1073,2370,25,25.2,23.9,252,953,216,67,1082,576,1072,728,431,361,278,89,336,695,359,505,327,987,31,21748,2881,8066,9845,4048,632,21745,638,264,12276,576,365,143,500,336,13828,1072,87,0,0,420,393,63,3,4,3,1478,503,579,78,80,209,131,3,4,3,1,0,74.6,181,688,1300,178,208,599,36,36
Lens,34,40,53.6,484,148,5,5,859,65,14837,18173,7330,8209,5806,6685,1219,2163,26,36.5,41.1,365,1117,354,100,1451,570,1440,606,365,264,233,109,299,579,280,387,321,705,19,22167,1929,6346,10186,5833,848,22162,582,249,12325,570,479,122,576,341,14727,1440,86,8,3,499,360,84,2,9,0,1576,450,414,89,39,142,102,13,9,8,1,0,48.1,142,340,892,162,161,381,41,34
Leverkusen,34,70,58.3,499,181,3,6,910,124,18301,21589,9397,10227,7044,7969,1397,2377,53,42.7,52.1,387,1610,319,83,1692,696,1678,395,259,153,163,79,184,357,173,302,234,676,26,25098,1888,5876,12171,7188,918,25092,584,254,13865,696,496,181,458,253,18137,1678,62,1,1,325,352,64,5,4,4,1463,463,419,58,43,134,95,9,4,4,0,0,39.3,135,338,905,126,150,348,14,45
Lille,34,52,56.6,424,154,7,10,769,84,16765,19728,7248,8031,7757,8568,1382,2203,29,35.3,40.0,318,1393,345,70,1616,669,1603,626,356,241,273,112,311,554,243,302,271,637,22,23278,1932,6099,11352,5991,854,23268,598,283,13642,669,512,158,513,300,16614,1603,77,2,1,410,376,48,8,4,1,1535,392,350,22,36,126,91,11,4,4,0,0,42.2,112,288,968,144,112,373,21,24
Liverpool,38,85,84.1,639,215,9,9,1151,147,18303,21758,8615,9382,7893,8905,1412,2550,65,62.3,54.4,509,1583,430,83,1924,825,1910,642,391,271,267,104,340,656,316,367,299,724,31,25905,2422,7285,11575,7274,1315,25896,677,301,14931,825,558,322,532,350,18113,1910,67,3,1,430,359,60,6,2,2,1621,406,368,79,41,138,98,14,2,1,1,0,42.1,102,325,1248,179,99,370,17,58
Lyon,34,62,61.3,434,173,8,10,802,114,16061,19063,7944,8738,6605,7372,1102,1978,46,44.6,52.5,350,1215,371,58,1615,709,1600,576,340,257,230,89,310,595,285,346,282,695,25,22636,2155,6644,10377,5810,999,22626,546,238,13430,709,483,201,456,281,15904,1600,60,0,0,407,357,71,6,3,0,1422,305,332,54,46,166,120,10,3,3,0,0,49.2,102,314,912,185,154,422,26,29
Mainz 05,34,53,51.1,417,142,4,4,736,93,12478,16434,5681,6560,5218,6226,1280,2671,37,37.9,45.2,319,1038,309,93,1286,466,1272,564,325,234,247,83,236,448,212,419,352,947,22,20675,2193,6705,9124,5015,782,20671,496,214,10562,466,334,119,593,295,12386,1272,71,5,3,408,329,78,3,5,0,1545,618,697,52,43,150,106,9,5,4,1,0,47.2,188,610,1049,139,191,547,47,66
Mallorca,38,34,39.2,382,107,4,5,684,60,12613,16224,5538,6293,5349,6310,1466,2803,24,26.4,28.3,282,973,239,112,1184,479,1169,584,361,305,211,68,257,500,243,389,326,1161,17,20649,2598,7168,9299,4391,635,20644,583,255,10945,479,409,85,567,377,12481,1169,81,6,1,466,432,78,4,3,1,1523,672,609,51,44,165,122,9,3,3,0,0,47.4,239,614,1035,144,245,638,23,27
Manchester City,38,71,69.8,603,208,3,4,1096,125,21531,24443,11071,11923,8884,9710,1281,2040,51,55.0,53.6,472,1685,440,62,1944,1146,1920,497,299,183,216,98,214,449,235,331,229,619,35,28103,2092,6503,12076,9753,1348,28099,799,377,18077,1146,863,404,476,395,21242,1920,59,2,1,287,382,45,4,4,2,1437,310,334,61,44,128,86,13,4,4,0,0,46.3,112,269,1255,163,126,357,19,61
Manchester Utd,38,42,53.6,524,168,4,4,939,70,16837,20415,8233,9125,6855,7768,1257,2438,29,39.8,35.9,406,1141,335,73,1448,697,1433,817,493,394,305,118,400,723,323,386,358,759,26,24734,2553,8593,10460,5908,967,24730,621,252,15116,697,475,230,521,353,16672,1433,86,3,1,403,371,69,4,4,2,1736,486,488,54,54,149,96,10,4,3,1,0,54.1,131,502,1280,148,173,455,26,30
Marseille,34,70,65.5,481,185,8,10,878,129,20427,23240,10229,10983,8543,9350,1062,1793,49,44.9,42.9,381,1513,325,69,1714,664,1703,552,358,244,229,79,274,472,198,272,280,523,31,26602,1928,6930,13580,6271,850,26592,607,278,16260,664,499,197,471,313,20224,1703,64,6,4,394,371,53,5,6,2,1485,312,249,32,47,135,87,5,6,3,3,0,47.5,92,202,1097,133,105,309,28,59
Milan,38,59,65.1,555,185,4,8,1011,107,16335,19101,6939,7660,7732,8519,1389,2238,43,47.2,39.3,442,1198,342,77,1589,915,1572,552,349,249,222,81,246,480,234,292,234,691,21,22849,2115,7299,10263,5518,966,22841,721,343,14001,915,648,269,513,288,16145,1572,70,6,1,415,428,60,7,2,3,1397,434,391,61,43,142,101,13,2,1,1,0,39.0,123,319,1401,182,208,462,27,71
Monaco,34,63,75.0,493,180,6,7,868,106,14561,17916,6877,7784,6192,7109,1143,2134,49,55.7,54.1,390,1232,391,59,1638,670,1629,670,429,281,287,102,339,624,285,350,357,667,18,21883,1745,5633,10914,5558,969,21876,613,266,12485,670,534,187,601,341,14447,1629,60,4,2,462,444,69,3,3,0,1763,426,421,50,41,128,87,11,3,3,0,0,38.3,77,269,767,146,186,379,30,38
Montpellier,34,23,33.9,371,111,3,4,614,39,11442,14420,4844,5530,4897,5675,1384,2425,13,23.2,23.3,255,875,169,75,1039,529,1030,631,389,302,264,65,310,608,298,368,273,733,25,18133,2072,6036,8263,4032,540,18129,609,262,9615,529,362,138,478,296,11348,1030,87,7,2,427,438,65,3,9,3,1349,374,442,59,79,194,117,1,9,8,1,0,66.1,197,496,900,134,211,463,28,29
Monza,38,27,30.5,333,99,3,3,588,43,14248,17515,5982,6697,6561,7422,1412,2561,18,21.0,17.7,245,895,196,72,1096,533,1081,562,315,304,202,56,272,501,229,382,305,874,38,21338,2852,8271,9181,4056,480,21335,507,220,12954,533,413,89,510,334,14106,1081,90,3,2,512,529,54,0,4,3,1299,567,605,64,69,183,115,3,4,2,2,0,59.8,217,557,1220,157,182,534,26,33
Nantes,34,39,40.0,345,119,5,5,616,64,10999,13956,4741,5379,4886,5607,1116,2236,27,28.6,26.3,257,878,216,85,1053,502,1044,645,376,338,224,83,321,565,244,402,283,1007,10,17874,2137,6120,8089,3839,644,17869,525,227,9492,502,344,141,485,286,10932,1044,71,4,0,413,389,31,3,8,3,1289,426,439,90,52,148,99,6,8,7,0,1,50.9,151,463,859,139,190,588,33,15
Napoli,38,56,53.5,499,150,4,5,882,100,16894,20033,7296,8074,7665,8530,1582,2497,42,39.5,35.3,391,1235,318,76,1546,739,1530,535,323,237,238,60,258,469,211,317,270,813,11,23892,2258,7471,11310,5295,869,23887,611,244,13244,739,443,207,473,326,16735,1530,46,0,0,415,445,55,4,4,2,1435,530,460,77,27,96,69,19,4,1,2,1,29.1,102,251,1158,131,205,438,25,50
Newcastle Utd,38,66,65.0,519,163,5,6,938,115,15416,18898,7416,8283,6475,7373,1193,2313,50,46.5,42.2,399,1149,399,70,1595,759,1583,603,371,275,235,93,306,604,298,411,270,884,34,23032,2284,7468,9671,6124,1082,23026,657,282,13016,759,474,263,491,438,15294,1583,68,1,0,394,450,71,4,2,2,1632,487,466,67,47,161,115,13,2,1,1,0,47.7,90,337,868,246,246,486,49,75
Nice,34,62,64.4,486,183,6,6,861,105,13129,16103,6345,7100,5509,6336,1015,1909,43,43.6,40.6,353,951,321,65,1320,701,1312,633,399,297,242,94,297,534,237,417,365,784,32,20206,2171,6488,9270,4693,843,20200,687,295,10937,701,413,171,540,315,13013,1312,59,5,2,391,417,56,5,3,1,1608,427,402,24,41,161,120,8,3,2,1,0,43.0,112,272,948,173,162,470,39,33
Nott'ham Forest,38,57,46.7,460,162,3,3,798,91,10822,14366,5322,6094,4065,5011,1038,2339,42,33.8,29.6,333,974,241,64,1125,633,1117,698,419,406,225,67,343,670,327,427,322,1220,24,18996,2463,6477,7689,5063,785,18993,581,259,8768,633,384,187,563,324,10733,1117,90,2,2,401,419,91,3,3,0,1588,570,559,32,46,165,119,13,3,3,0,0,49.1,244,698,715,83,270,710,19,12
Osasuna,38,46,45.3,409,123,9,9,726,82,12184,16028,5022,5858,5403,6487,1489,2835,28,30.0,33.3,300,963,265,127,1221,567,1204,614,365,296,239,79,311,618,307,388,266,918,16,20036,2263,6318,8904,5007,737,20027,592,260,10439,567,424,134,532,293,12053,1204,88,0,0,508,379,66,9,7,1,1461,617,515,64,52,187,136,9,7,7,0,0,57.4,296,649,1000,143,287,538,33,86
Paris S-G,34,89,90.6,628,272,6,7,1153,158,23156,25781,10887,11622,10098,10815,1623,2267,69,71.5,61.3,521,1849,450,71,2123,936,2114,619,386,242,266,111,325,607,282,360,265,493,19,29502,1991,6704,14734,8262,1211,29495,802,364,18244,936,702,347,488,329,23027,2114,37,0,0,307,336,54,6,3,1,1654,262,214,73,35,103,69,7,3,3,0,0,30.4,74,188,835,140,139,298,16,34
Parma,38,43,44.3,418,140,6,7,749,73,12509,15805,5238,5993,5643,6511,1289,2504,31,29.5,24.7,316,890,217,59,1059,578,1049,523,293,267,201,55,242,484,242,434,279,977,21,19903,2706,7204,8455,4468,655,19896,587,249,11305,578,416,168,548,297,12339,1049,78,6,3,405,458,31,5,5,2,1365,499,502,55,56,156,102,7,5,5,0,0,53.9,207,685,1313,189,231,635,66,40
RB Leipzig,34,51,47.4,405,144,3,4,721,85,14698,18207,6822,7749,6428,7472,1090,2013,36,36.3,39.8,313,1138,306,52,1353,516,1346,543,333,248,222,73,258,525,267,500,268,990,29,22396,2257,6793,10962,4856,757,22392,580,261,11429,516,392,136,510,312,14621,1346,68,5,2,376,333,83,4,3,0,1533,480,439,56,48,158,109,14,3,2,1,0,49.9,98,261,844,167,231,512,30,45
Rayo Vallecano,38,38,46.5,514,162,0,1,886,59,13936,17861,6459,7310,5793,6748,1401,2920,27,36.5,32.0,374,1081,242,85,1362,589,1346,626,396,328,218,80,309,664,355,443,334,973,22,22372,2557,7799,9339,5455,711,22371,647,286,12068,589,431,143,630,327,13833,1346,96,3,0,522,391,79,1,8,1,1688,485,540,55,45,153,107,10,8,6,2,0,45.6,203,640,1121,150,230,532,37,39
Real Madrid,38,78,76.8,621,229,10,14,1160,137,21356,24221,10517,11248,8566,9311,1723,2595,55,55.2,52.2,501,1773,359,34,1967,983,1953,586,359,294,209,83,264,486,222,353,331,633,19,28252,2392,7662,12794,8048,1181,28238,878,412,17893,983,696,364,528,290,21223,1953,57,4,0,332,518,85,11,3,1,1541,334,267,76,38,126,89,15,3,3,0,0,36.0,84,258,1042,205,197,416,19,27
Real Sociedad,38,34,42.7,385,122,4,4,682,59,14880,18759,6750,7619,6360,7434,1421,2687,22,31.0,31.0,284,1087,242,64,1341,645,1325,649,401,309,244,96,308,579,271,428,283,913,21,23027,2275,7208,10770,5243,747,23023,659,295,12533,645,417,163,603,297,14716,1325,85,4,0,501,417,82,3,7,0,1569,578,606,51,46,142,94,13,7,5,2,0,41.5,187,493,1094,122,249,467,30,43
Reims,34,32,37.8,393,111,1,2,689,57,11657,14602,5338,6018,4868,5628,1110,2150,19,26.4,28.4,276,861,224,80,1156,586,1140,558,359,313,174,71,285,551,266,392,289,958,20,18663,2437,6983,7699,4213,649,18661,629,279,9968,586,420,139,576,304,11542,1140,66,6,2,392,372,59,1,5,0,1407,378,430,24,47,179,131,7,5,4,1,0,61.6,154,477,993,153,220,554,31,42
Rennes,34,51,49.7,423,155,5,8,757,83,13914,16913,6055,6811,6276,7138,1246,2132,32,29.8,32.4,318,1083,265,62,1440,663,1421,596,363,282,234,80,296,510,214,350,337,739,14,20688,1999,6281,9624,4970,763,20680,643,270,11438,663,429,186,508,344,13788,1421,67,2,0,445,382,48,4,6,2,1458,443,393,100,50,138,87,11,6,3,3,0,46.2,119,361,1010,132,179,402,23,37
Roma,38,55,54.3,514,162,8,8,934,95,17016,20265,7364,8133,7726,8590,1535,2676,35,35.6,32.9,391,1302,314,81,1501,691,1488,551,328,233,236,82,224,439,215,329,282,746,16,24126,2375,7151,11355,5819,861,24118,563,210,14077,691,579,162,545,283,16857,1488,66,1,1,405,484,59,6,4,1,1437,441,476,24,35,151,117,16,4,4,0,0,42.5,124,413,1258,170,200,495,30,33
Saint-Étienne,34,39,37.2,366,115,3,4,628,65,13001,15954,6224,6913,5489,6265,973,1997,28,24.7,26.5,269,1024,237,34,1262,529,1254,581,382,291,216,74,296,594,298,404,328,854,26,19848,2437,6917,8493,4607,600,19844,558,239,10318,529,334,138,550,309,12920,1254,65,3,1,449,361,46,4,15,2,1428,342,386,27,77,209,132,5,15,13,2,0,73.5,131,486,978,145,205,510,24,33
Sevilla,38,39,43.2,472,148,2,3,824,71,14432,18057,6743,7466,6146,7086,1267,2706,32,30.9,24.5,357,1072,210,60,1193,594,1186,648,390,321,240,87,312,563,251,368,367,931,17,22465,2404,8057,9800,4813,669,22462,720,339,11147,594,397,161,624,331,14288,1186,98,8,3,494,402,70,1,6,1,1551,531,442,59,55,148,93,10,6,5,1,0,48.1,155,587,1113,146,212,513,27,43
Southampton,38,25,33.3,341,106,0,2,616,42,15530,18561,7279,7996,6699,7455,1175,2271,16,25.2,24.0,269,989,218,60,1127,640,1118,652,378,310,266,76,280,584,304,433,305,988,51,22776,3003,8424,9788,4766,688,22774,736,312,12656,640,460,165,486,355,15394,1118,89,3,0,459,421,49,2,9,0,1440,468,421,89,86,245,157,3,9,7,2,0,83.8,235,707,1293,172,228,587,35,27
St. Pauli,34,26,35.8,377,109,1,2,662,45,11751,15300,5086,5835,5248,6213,1110,2391,22,26.4,28.5,278,892,201,72,1073,418,1057,537,315,256,217,64,266,511,245,391,257,915,21,19141,2257,6816,8232,4244,648,19139,429,179,9105,418,326,122,476,262,11611,1057,53,4,3,353,352,66,2,5,1,1350,533,656,51,41,140,96,9,5,1,4,0,49.8,171,521,1304,112,147,426,24,27
Strasbourg,34,54,50.2,354,140,2,2,622,93,14667,17462,6434,7096,6989,7831,998,1882,43,38.9,32.7,273,896,216,50,1204,563,1191,537,335,256,213,68,257,459,202,376,282,899,17,21307,2567,8555,9120,3825,614,21305,629,282,12112,563,365,170,514,263,14530,1191,71,3,1,393,417,48,2,9,2,1436,339,324,58,44,169,126,10,9,8,1,0,52.6,123,383,1560,148,114,539,43,50
Stuttgart,34,61,64.7,465,172,2,6,841,104,16513,19767,8302,9120,6590,7479,1230,2270,45,45.6,52.5,370,1291,372,90,1493,545,1478,477,282,197,199,81,254,476,222,401,298,777,20,23545,2241,6719,11421,5572,945,23539,566,264,13416,545,434,170,499,312,16334,1478,72,5,3,358,411,62,4,3,1,1378,468,448,27,53,136,83,7,3,2,1,0,44.8,157,410,1183,137,122,415,21,57
Torino,38,36,35.5,383,123,2,4,663,58,13578,17008,5650,6464,6225,7103,1445,2696,21,22.4,25.9,276,980,250,86,1113,529,1103,468,261,217,181,70,232,437,205,338,278,882,21,20697,2400,6911,9482,4475,605,20693,452,169,12098,529,389,107,490,272,13424,1103,80,3,1,483,386,57,2,7,2,1296,538,564,58,45,180,133,10,7,3,4,0,53.6,231,714,1378,196,277,597,37,51
Tottenham,38,61,59.9,493,177,3,4,875,106,16513,19960,7576,8440,7372,8289,1101,2084,47,45.0,36.3,375,1254,369,83,1593,840,1582,661,414,285,271,105,296,598,302,448,322,821,41,24315,2626,8159,10173,6223,1001,24311,812,308,15073,840,566,249,538,426,16373,1582,72,1,1,446,483,63,4,3,4,1659,422,437,109,65,180,119,6,3,3,0,0,66.6,59,195,1162,192,157,520,49,45
Toulouse,34,42,49.5,399,145,3,4,699,78,11674,14867,5182,5953,5259,6118,964,2027,34,34.9,37.9,297,879,284,65,1219,543,1201,605,364,264,253,88,318,608,290,341,281,775,15,18606,1884,6030,8440,4363,789,18602,616,277,10414,543,369,155,527,311,11568,1201,54,3,0,441,415,46,4,2,3,1531,426,443,71,43,108,67,10,2,1,1,0,34.5,98,351,778,97,173,439,10,37
Udinese,38,41,39.4,430,137,2,4,757,61,12945,16279,5322,6027,5751,6676,1552,2764,28,27.5,24.6,313,969,242,103,1160,566,1140,562,346,276,217,69,279,508,229,396,302,909,27,20351,2410,6993,9142,4451,694,20347,623,281,11222,566,424,127,558,295,12776,1140,88,5,3,543,379,50,2,8,5,1426,550,493,84,56,164,113,9,8,7,0,1,52.3,167,447,1131,108,156,528,19,36
Union Berlin,34,36,37.3,414,120,3,3,709,62,9960,13705,4467,5296,3994,4998,1156,2400,25,23.6,31.6,292,792,239,75,1049,390,1032,537,318,266,223,48,270,507,237,409,312,1046,13,17834,2167,6285,7721,3997,688,17831,420,172,8875,390,252,107,472,286,9874,1032,72,1,0,419,313,67,3,6,1,1368,656,676,63,50,139,86,8,6,2,4,0,49.0,171,468,900,161,201,568,40,39
Valencia,38,43,43.7,382,116,5,5,676,71,13938,17708,6341,7094,6081,7066,1284,2634,26,30.0,33.4,283,1109,254,91,1340,572,1328,647,415,340,228,79,321,573,252,366,302,953,19,21876,2290,7206,9840,5033,653,21871,625,236,11347,572,414,122,535,340,13802,1328,86,1,0,442,446,72,4,9,3,1550,449,540,53,54,148,95,8,9,6,2,1,50.6,156,521,972,159,239,523,36,54
Valladolid,38,26,35.1,331,97,5,5,601,42,12052,15387,4795,5456,5607,6494,1410,2699,15,25.7,24.2,256,752,176,93,991,476,976,596,357,342,204,50,276,566,290,450,311,944,29,19507,2681,8158,8153,3393,523,19502,624,289,9680,476,316,120,513,268,11933,976,91,5,2,459,486,67,3,7,1,1355,544,524,71,90,204,115,5,7,7,0,0,74.6,202,550,1117,167,285,580,39,38
Venezia,38,31,36.7,381,120,4,5,685,49,11573,15155,5144,5977,5103,6078,1002,2218,16,22.4,22.2,282,813,215,58,1066,507,1057,605,361,319,202,84,286,572,286,439,279,921,25,19451,2614,7044,8341,4288,633,19445,601,248,10476,507,383,124,621,398,11442,1057,75,2,2,503,451,58,4,11,3,1450,490,626,80,56,188,134,6,11,10,1,0,57.0,135,520,1169,158,187,589,31,21
Villarreal,38,69,66.3,530,171,5,7,962,124,14532,17825,6234,6978,6564,7485,1463,2559,51,50.0,47.8,427,1146,371,102,1522,693,1510,649,396,333,236,80,336,628,292,426,281,922,21,22112,2612,7831,9120,5352,983,22105,627,279,12034,693,503,202,560,289,14383,1510,96,4,1,442,463,77,6,8,1,1547,492,399,48,51,160,110,7,8,7,0,1,44.4,122,339,924,207,206,579,34,36
Werder Bremen,34,53,50.7,424,138,3,5,772,94,13999,17550,5827,6663,6247,7263,1455,2530,38,37.9,43.9,327,954,335,91,1351,495,1343,551,321,245,240,66,276,521,245,454,315,851,27,21493,2477,7701,9226,4721,818,21488,477,195,12439,495,347,126,493,256,13899,1343,75,4,3,335,402,72,4,3,3,1453,473,470,29,57,156,102,10,3,3,0,0,52.9,134,370,1204,188,107,464,35,34
West Ham,38,43,48.2,473,137,3,3,815,67,14820,18363,6989,7831,6245,7153,1346,2580,29,34.2,31.9,331,1075,267,72,1222,632,1214,654,388,317,253,84,290,532,242,440,331,1037,28,22887,2942,8352,9852,4896,839,22884,793,347,11796,632,394,175,492,392,14712,1214,82,3,2,443,397,73,2,3,3,1558,587,560,70,62,186,127,7,3,3,0,0,58.0,212,610,1182,174,296,614,25,42
Wolfsburg,34,53,48.3,432,137,4,5,754,95,11590,15088,4735,5598,5178,6041,1421,2665,38,33.4,36.4,316,999,247,53,1205,489,1196,491,301,257,175,59,246,540,294,435,312,977,19,19121,2295,6603,8190,4491,725,19116,514,209,10180,489,338,131,504,215,11456,1196,75,3,0,350,366,49,4,3,1,1344,519,562,56,54,160,106,6,3,2,1,0,57.3,223,608,1163,143,188,512,24,22
Wolves,38,53,44.1,431,155,0,0,756,96,14472,17884,6855,7612,5909,6712,1251,2503,42,35.3,26.3,323,1011,276,72,1185,607,1179,801,471,412,305,84,373,669,296,437,298,947,25,22329,2578,7797,10051,4750,729,22328,731,324,12486,607,458,146,591,369,14358,1179,79,2,2,480,425,62,0,9,3,1659,451,475,122,69,168,100,8,9,7,2,0,59.7,153,532,1076,156,188,562,40,57
am FC Noah,6,6,7.3,86,36,0,0,159,12,2281,2821,1008,1135,991,1134,217,389,2,5.7,6.2,71,154,46,7,226,120,226,103,66,54,36,13,55,114,59,78,62,146,7,3533,418,1346,1411,810,123,3533,124,69,1926,120,87,26,86,43,2261,226,9,0,0,59,68,12,0,2,0,289,61,60,54,16,49,32,2,2,1,1,0,0.0,0,0,0,0,0,0,0,0
at LASK,6,4,4.9,62,20,0,0,110,8,2411,3029,1199,1387,999,1167,173,345,2,3.4,5.3,45,153,42,9,252,93,251,89,46,47,32,10,41,94,53,63,56,158,1,3687,439,1273,1721,714,112,3687,76,38,1986,93,65,19,66,49,2396,251,13,1,0,67,73,11,0,2,1,253,73,68,54,14,30,17,1,2,2,0,0,0.0,0,0,0,0,0,0,0,0
at RB Salzburg,8,5,6.6,74,22,0,1,131,9,3157,3862,1414,1627,1369,1547,264,458,5,4.3,5.7,56,240,51,5,283,176,283,169,100,92,57,20,90,185,95,110,73,157,10,4808,564,1642,2062,1169,148,4807,183,89,3391,176,147,37,118,76,3131,283,16,1,0,92,81,14,1,1,0,353,57,92,61,27,56,29,0,1,1,0,0,20.6,28,93,200,27,49,105,5,17
at Rapid Wien,10,14,19.9,187,57,0,0,323,24,4488,5543,2050,2331,1859,2152,407,712,8,13.4,13.5,130,375,104,24,455,211,454,219,125,102,82,35,115,193,78,142,106,238,8,6919,542,1898,3088,2006,346,6919,199,88,4180,211,169,59,173,87,4450,454,19,2,0,121,102,14,0,2,0,490,127,122,23,11,43,32,4,2,2,0,0,0.0,0,0,0,0,0,0,0,0
at Sturm Graz,8,4,6.3,67,24,0,0,116,6,2220,2944,1055,1218,871,1070,205,490,2,4.8,4.4,49,156,42,6,186,74,186,156,105,90,50,16,77,155,78,98,77,232,6,3928,598,1659,1628,697,98,3928,111,47,2198,74,61,17,113,76,2189,186,17,1,1,105,86,18,0,0,0,342,78,114,44,14,45,31,2,0,0,0,0,15.3,37,132,222,28,51,137,12,5
az Qarabağ,8,5,9.1,79,20,1,2,149,7,3338,4125,1473,1658,1535,1772,285,537,3,6.5,8.2,57,289,77,21,359,164,359,186,110,75,78,33,85,156,71,99,86,134,8,5055,493,1547,2248,1320,193,5053,153,74,3144,164,139,49,125,79,3314,359,20,2,1,79,122,15,2,1,0,390,76,109,51,20,53,33,0,1,1,0,0,21.3,23,89,222,28,36,84,4,8
ba Borac Banja Luka,10,7,7.9,104,35,1,2,191,13,3361,4417,1356,1617,1541,1863,363,659,3,4.8,7.0,65,262,53,24,323,160,316,185,121,77,90,18,95,176,81,134,91,281,3,5633,638,1881,2464,1359,160,5631,151,63,3039,160,100,31,180,111,3342,316,27,0,0,118,141,16,1,1,0,410,135,150,57,10,41,30,4,1,0,1,0,0.0,0,0,0,0,0,0,0,0
be Anderlecht,10,16,11.7,123,41,1,1,221,25,4424,5436,2018,2282,1896,2165,397,719,11,8.0,8.3,90,347,77,19,411,192,408,183,115,78,78,27,73,121,48,101,88,229,3,6535,663,2027,2880,1690,224,6534,168,73,3679,192,103,53,143,108,4384,408,17,1,1,106,141,16,1,2,2,460,130,138,55,17,42,26,1,2,1,1,0,12.8,52,164,434,40,38,148,7,12
be Cercle Brugge,8,16,12.9,112,47,1,1,187,30,1805,2814,791,1052,728,1009,245,602,5,9.9,9.8,84,208,63,15,253,81,248,157,112,54,81,22,74,142,68,118,105,219,1,3902,374,1081,1718,1147,198,3901,152,66,1562,81,60,27,137,81,1783,248,15,2,2,102,93,12,1,3,0,368,169,177,50,10,31,21,3,3,1,0,2,0.0,0,0,0,0,0,0,0,0
be Club Brugge,12,11,11.9,121,43,2,2,221,18,4965,5833,2031,2242,2413,2626,478,812,7,7.9,8.9,98,321,67,14,351,143,348,190,113,102,67,21,108,208,100,106,102,261,8,6963,892,2728,3026,1259,178,6961,133,53,3565,143,92,39,132,64,4918,348,19,2,0,104,98,12,1,3,2,465,102,105,36,19,53,35,3,3,2,1,0,17.8,58,129,406,39,50,148,12,8
be Gent,8,9,12.3,98,32,1,1,172,16,3322,4118,1339,1534,1554,1786,383,620,4,9.4,7.1,76,271,72,20,402,129,395,142,77,76,45,21,77,142,65,99,77,189,9,5040,513,1502,2295,1291,178,5039,123,48,2666,129,94,31,137,62,3288,395,12,0,0,105,87,16,0,0,0,389,124,101,62,11,40,29,3,0,0,0,0,0.0,0,0,0,0,0,0,0,0
be Union SG,10,10,19.7,170,55,1,2,298,17,3731,4908,1658,1952,1557,1899,400,766,7,13.8,12.9,129,373,91,19,451,197,446,240,145,78,113,49,129,237,108,135,102,249,2,6338,466,1768,2882,1771,308,6336,241,121,3405,197,159,70,197,117,3689,446,36,3,2,153,120,23,1,1,1,602,201,187,34,11,37,27,2,1,1,0,0,12.6,76,176,311,26,34,114,8,5
bg Ludogorets,8,4,7.9,81,21,0,1,138,8,2704,3481,1118,1289,1209,1407,308,611,3,5.7,6.8,61,148,44,26,170,112,170,137,77,88,37,12,65,153,88,92,77,248,5,4472,748,2013,1729,778,112,4471,163,74,2563,112,71,12,112,77,2684,170,22,1,0,92,118,13,0,0,0,328,134,126,64,11,51,40,2,0,0,0,0,15.6,48,150,290,32,67,149,9,7
by Dinamo Minsk,6,4,6.0,68,18,1,1,116,8,1799,2448,729,883,801,980,233,466,1,3.9,3.7,50,153,44,14,199,91,196,99,65,44,32,23,42,77,35,61,75,134,4,3118,282,1045,1367,742,111,3117,108,51,1515,91,60,14,84,57,1780,196,15,1,0,100,55,10,1,4,1,243,106,123,21,13,30,16,1,4,2,2,0,0.0,0,0,0,0,0,0,0,0
ch Lugano,8,16,16.1,113,45,0,0,205,25,3591,4298,1512,1671,1647,1829,363,618,8,14.3,13.1,96,240,90,16,332,123,330,144,87,77,52,15,71,139,68,89,77,175,6,5187,610,1913,2248,1084,182,5187,122,65,2987,123,99,31,107,70,3568,330,24,3,0,115,118,13,0,2,1,330,97,115,24,12,38,26,3,2,1,1,0,0.0,0,0,0,0,0,0,0,0
ch St. Gallen,6,10,9.2,82,27,0,0,140,20,2068,2744,895,1053,872,1081,247,449,5,7.5,7.3,58,192,58,12,246,99,245,97,63,49,40,8,54,109,55,76,58,136,5,3452,404,1181,1466,833,158,3452,102,47,1828,99,54,28,86,51,2059,245,15,0,0,76,54,15,0,1,1,278,83,101,27,18,50,33,0,1,1,0,0,0.0,0,0,0,0,0,0,0,0
ch Young Boys,8,3,5.6,81,18,0,0,139,3,2423,3102,980,1117,1066,1235,309,571,3,4.0,4.2,53,175,43,16,221,111,219,124,86,73,35,16,49,139,90,108,81,198,9,4016,586,1561,1694,805,120,4016,138,72,2070,111,69,32,109,64,2395,219,24,0,0,116,74,15,0,2,2,333,85,88,51,24,53,29,0,2,0,2,0,17.2,35,120,292,28,34,135,1,6
cy AC Omonia,8,9,10.2,74,27,1,1,130,14,3218,3979,1397,1569,1487,1702,281,526,3,5.9,5.6,53,267,74,20,334,123,332,129,76,73,39,17,61,116,55,93,78,230,4,4947,535,1661,2250,1082,139,4946,163,74,2620,123,74,24,135,69,3198,332,13,0,0,84,95,16,1,1,0,349,110,116,61,10,37,26,2,1,0,1,0,0.0,0,0,0,0,0,0,0,0
cy APOEL,8,10,8.7,95,27,0,0,168,16,2902,3639,1213,1371,1317,1527,295,539,3,6.4,5.7,68,216,40,13,257,111,253,133,81,63,53,17,56,121,65,63,79,188,2,4477,407,1253,2229,1041,117,4477,118,50,2514,111,118,17,103,69,2874,253,26,2,2,105,112,22,0,1,0,330,106,137,34,9,38,28,1,1,0,1,0,0.0,0,0,0,0,0,0,0,0
cy Pafos FC,10,14,17.8,161,56,0,1,289,27,4026,5007,1553,1777,1850,2132,487,805,6,11.5,12.9,116,369,120,41,478,190,476,154,96,66,60,28,79,157,78,91,62,172,2,6036,517,1815,2662,1626,298,6035,155,71,3494,190,121,43,153,67,3994,476,27,0,0,134,114,14,1,3,1,451,132,126,59,12,29,17,3,3,2,1,0,0.0,0,0,0,0,0,0,0,0
cz Mladá Boleslav,6,7,8.2,80,34,0,1,131,10,1898,2491,737,880,922,1073,197,404,3,4.6,3.6,58,129,33,6,190,74,188,78,52,40,28,10,37,82,45,95,58,142,1,3182,484,1253,1267,699,96,3181,105,43,1565,74,65,16,81,59,1874,188,11,0,0,66,53,10,1,1,1,269,77,83,25,10,39,30,1,1,1,0,0,0.0,0,0,0,0,0,0,0,0
cz Slavia Prague,8,7,11.0,141,45,0,0,238,14,2907,3828,1265,1483,1180,1457,361,631,6,8.9,9.7,99,226,111,56,346,150,342,122,71,51,51,20,60,102,42,83,82,104,7,4724,422,1421,1808,1536,265,4724,124,53,2110,150,101,30,144,80,2869,342,22,0,0,122,103,19,0,3,0,398,143,158,53,11,30,18,1,3,2,1,0,10.5,37,81,295,31,27,62,3,11
cz Sparta Prague,8,6,6.5,75,21,0,0,124,9,2033,2758,854,1017,876,1046,244,530,3,4.3,4.3,50,139,29,10,184,81,182,119,71,67,35,17,56,129,73,105,75,219,10,3605,553,1457,1520,657,117,3605,106,46,1963,81,55,21,82,57,2014,182,13,0,0,81,55,8,0,1,1,316,94,99,26,21,61,41,1,1,1,0,0,17.0,42,148,243,38,52,120,7,7
cz Viktoria Plzeň,12,18,15.3,152,51,0,1,241,31,3305,4658,1547,1874,1230,1594,402,865,16,11.2,9.1,111,293,75,17,383,127,371,239,148,98,100,41,116,240,124,180,138,352,7,6309,722,2025,2619,1732,251,6308,200,92,2629,127,109,39,203,115,3257,371,21,2,1,149,121,29,1,1,0,580,250,237,26,16,59,42,3,1,0,1,0,20.4,71,203,292,32,68,176,10,13
de Bayern Munich,14,31,34.5,282,101,5,5,508,53,8412,9700,4342,4684,3207,3535,596,948,16,21.7,28.4,216,812,234,36,892,376,889,231,138,79,95,57,118,237,119,160,122,177,15,11268,633,2207,5302,3847,584,11263,286,130,7248,376,306,122,183,131,8354,889,22,0,0,135,127,21,4,1,0,657,173,141,117,18,40,22,4,1,1,0,0,13.7,60,143,520,53,34,95,1,36
de Dortmund,14,31,28.1,191,75,7,8,361,57,6376,7572,3069,3384,2607,2865,517,902,18,18.4,18.8,152,525,137,41,560,259,556,269,160,130,95,44,141,274,133,152,130,249,13,9095,901,2835,4188,2158,365,9087,281,137,5702,259,185,86,190,124,6336,556,24,0,0,172,129,33,8,0,1,658,140,129,59,19,58,40,5,0,0,0,0,17.8,43,128,453,64,51,133,8,21
de Eint Frankfurt,12,21,16.7,153,60,2,2,272,35,5608,6755,2825,3134,2109,2390,380,725,15,12.3,11.7,116,448,117,24,520,159,515,238,129,110,88,40,104,200,96,148,130,331,6,8263,851,2542,3876,1906,272,8261,186,68,5515,159,167,50,191,108,5575,515,24,0,0,129,94,17,1,2,1,515,205,170,55,14,51,37,3,2,1,1,0,14.2,42,131,342,47,73,192,17,9
de Heidenheim,8,10,13.4,121,44,0,1,208,15,3217,4116,1185,1397,1620,1869,363,650,4,8.0,8.2,78,232,59,21,292,138,288,170,102,93,55,22,79,155,76,109,98,212,3,5139,636,1952,2131,1114,180,5138,141,69,2744,138,89,28,102,82,3180,288,16,0,0,112,106,17,0,1,0,378,146,177,86,11,39,28,2,1,1,0,0,0.0,0,0,0,0,0,0,0,0
de Hoffenheim,8,10,11.7,127,36,0,0,223,18,3519,4323,1573,1752,1549,1799,272,517,8,8.5,7.6,89,305,72,28,310,128,307,167,96,81,71,15,99,180,81,95,68,189,4,5273,489,1582,2622,1112,191,5273,115,52,2668,128,89,38,115,76,3491,307,15,0,0,92,89,22,0,0,0,389,98,100,57,14,35,21,2,0,0,0,0,11.5,26,99,236,25,35,103,5,6
de Leverkusen,10,14,15.5,151,55,1,1,258,22,5376,6208,2834,3063,2091,2307,382,622,9,11.2,12.3,116,474,87,22,430,186,428,148,97,72,56,20,66,148,82,91,81,178,8,7221,636,1841,3309,2100,260,7220,139,61,4158,186,140,57,118,74,5338,428,23,2,2,118,83,14,0,1,0,412,116,108,58,12,34,22,5,1,1,0,0,12.1,40,97,277,36,50,100,6,10
de RB Leipzig,8,8,12.5,102,36,1,1,164,12,3190,3925,1539,1725,1370,1573,218,413,4,8.7,8.4,72,221,66,17,247,96,245,143,94,56,56,31,53,132,79,99,66,184,7,4805,600,1831,2018,995,153,4804,120,50,2848,96,62,22,97,83,3166,245,15,0,0,89,70,19,0,0,1,318,93,76,56,15,39,25,0,0,0,0,0,11.7,14,51,244,38,67,112,6,5
de Stuttgart,8,12,14.6,138,43,0,1,245,23,3970,4773,2108,2296,1536,1754,238,466,11,11.3,14.9,109,324,106,27,396,141,391,144,78,60,63,21,77,154,77,90,69,129,8,5631,529,1577,2503,1595,245,5630,130,66,3611,141,119,49,89,67,3908,391,13,0,0,91,96,17,1,0,0,379,82,77,56,17,32,15,1,0,0,0,0,11.2,31,84,295,30,19,68,5,5
dk FC Copenhagen,10,13,17.1,134,40,4,4,247,23,5095,6099,2087,2384,2436,2713,448,732,5,9.6,11.4,94,442,84,23,434,198,430,179,115,66,84,29,82,160,78,113,89,177,9,7184,569,2125,3507,1617,233,7180,170,74,4288,198,137,52,127,79,5051,430,25,0,0,126,117,13,4,0,0,452,170,167,66,15,45,30,1,0,0,0,0,0.0,0,0,0,0,0,0,0,0
dk Midtjylland,10,11,14.8,109,42,1,1,178,19,3189,4277,1261,1495,1513,1796,372,776,9,11.4,11.1,85,233,76,25,341,155,337,170,98,77,67,26,85,178,93,104,112,219,10,5474,631,1931,2210,1412,226,5473,260,100,2658,155,122,38,142,93,3163,337,12,1,0,118,134,10,1,3,0,473,176,175,59,16,54,38,3,3,3,0,0,15.5,62,176,299,45,79,118,8,17
eng Arsenal,14,30,27.2,179,76,2,5,320,52,5647,6760,2787,3082,2417,2713,347,685,18,18.4,22.1,137,476,122,29,535,255,523,208,115,80,87,41,86,161,75,139,101,216,15,8123,677,2095,3635,2465,407,8118,268,122,4318,255,177,104,160,134,5578,523,27,0,0,156,135,23,3,4,0,521,162,151,63,10,42,30,6,4,2,2,0,14.3,74,195,419,57,61,144,16,23
eng Aston Villa,12,22,19.0,152,61,1,2,277,39,4617,5511,2124,2357,2171,2429,274,530,18,14.8,13.4,118,339,95,21,397,173,394,180,101,81,68,31,92,183,91,117,89,181,10,6680,698,2159,3008,1579,287,6678,222,101,3779,173,143,60,149,125,4479,394,19,0,0,123,125,16,2,1,0,485,124,95,31,12,60,48,5,1,1,0,0,15.9,52,126,426,41,41,114,13,8
eng Chelsea,13,42,31.0,218,103,2,3,380,69,8395,9291,4028,4271,3707,3960,473,712,28,21.6,18.8,168,539,155,27,649,322,639,156,106,54,56,46,68,135,67,117,96,185,8,10501,864,2880,5162,2529,425,10498,271,124,7219,322,232,117,148,109,8319,639,18,1,1,113,125,19,2,1,0,513,96,74,48,10,51,41,5,1,1,0,0,0.0,0,0,0,0,0,0,0,0
eng Liverpool,10,18,21.0,143,57,2,3,250,33,4597,5463,2137,2351,1945,2179,404,692,13,14.7,13.5,104,373,103,8,469,197,468,147,89,53,66,28,73,168,95,126,97,162,10,6527,678,1976,2930,1689,301,6524,205,79,3909,197,139,76,119,81,4557,468,19,1,0,107,82,14,3,1,0,448,72,90,56,6,44,37,6,1,0,1,0,12.5,45,120,356,37,39,104,6,14
eng Manchester City,10,20,21.5,167,62,3,4,300,33,6003,6682,3093,3293,2590,2785,271,424,11,13.3,17.8,130,492,144,15,608,315,601,122,72,35,49,38,70,129,59,85,51,110,10,7565,463,1319,3430,2861,378,7561,181,79,5019,315,265,92,103,94,5917,601,11,0,0,79,71,10,3,2,0,379,64,50,61,20,48,28,3,2,2,0,0,16.7,18,45,259,36,34,64,5,19
eng Manchester Utd,15,34,32.7,259,89,4,4,465,58,7271,8646,3501,3899,2986,3326,548,947,26,24.6,21.2,205,531,154,26,715,337,709,270,173,115,110,45,126,213,87,181,118,318,18,10410,865,3087,4617,2790,519,10406,270,138,6350,337,225,129,212,128,7198,709,32,1,1,151,185,22,4,3,0,687,233,180,54,19,58,39,3,3,3,0,0,18.6,56,161,437,50,56,163,8,15
eng Tottenham,15,28,24.5,190,70,4,4,335,47,6294,7584,2841,3174,2855,3204,429,814,21,16.3,17.5,140,490,140,27,613,309,608,230,142,111,90,29,108,210,102,174,145,401,11,9483,1015,3032,4326,2239,398,9479,332,144,5898,309,216,103,260,176,6244,608,23,2,1,160,155,21,4,1,1,741,184,159,88,13,59,47,6,1,0,0,1,16.6,38,111,399,67,87,235,20,14
es Athletic Club,14,22,20.3,208,57,1,2,364,39,5655,7033,2316,2631,2700,3119,548,968,18,15.6,13.5,160,533,112,44,647,285,644,236,144,88,121,27,110,217,107,123,121,292,4,8660,571,2110,4297,2334,337,8658,280,129,4677,285,223,70,221,142,5613,644,34,2,1,204,140,11,1,3,0,683,200,213,50,17,45,28,6,3,3,0,0,17.5,55,147,275,40,56,116,7,16
es Atlético Madrid,10,22,14.7,123,48,0,0,222,39,4794,5690,2379,2638,1895,2139,345,589,17,11.9,10.9,100,338,101,26,419,210,419,195,122,104,64,27,105,192,87,103,97,184,9,6707,547,2000,3055,1711,234,6707,154,67,4462,210,173,55,130,73,4762,419,18,1,0,102,96,12,0,5,0,454,74,91,31,14,46,32,2,5,4,0,1,14.7,27,76,172,49,53,108,14,5
es Barcelona,14,40,33.5,221,93,3,3,391,66,7645,8853,3527,3839,3334,3704,576,900,30,24.5,18.4,161,646,137,20,744,290,738,229,147,80,103,46,100,220,120,169,86,249,8,10369,839,2575,5187,2693,392,10366,318,149,5900,290,231,95,169,127,7595,738,14,2,0,125,161,14,3,4,1,592,132,149,91,24,59,36,4,4,4,0,0,23.8,26,108,471,63,56,151,14,55
es Betis,15,23,25.7,249,88,0,0,435,39,6651,7918,3096,3385,2748,3078,585,1010,14,18.7,15.6,185,533,146,33,630,288,619,259,156,112,108,39,138,240,102,153,149,366,4,9687,820,2755,4424,2612,398,9687,296,153,6001,288,241,98,212,140,6597,619,30,2,0,201,190,17,0,1,0,676,188,189,62,16,40,24,5,1,1,0,0,0.0,0,0,0,0,0,0,0,0
es Girona,8,5,9.7,77,28,0,2,147,9,3393,4007,1496,1632,1540,1706,288,477,3,6.9,6.0,65,232,46,17,284,133,280,135,82,68,53,14,73,131,58,86,60,135,4,4784,619,1708,2127,994,129,4782,137,67,2890,133,83,29,108,77,3371,280,25,1,1,116,94,12,1,4,4,296,62,62,61,13,44,33,1,4,2,2,0,13.6,22,73,244,29,45,96,5,2
es Real Madrid,14,29,29.0,209,83,1,3,376,46,7112,8112,3479,3711,2845,3111,550,897,20,20.1,16.8,168,522,122,19,600,317,596,246,163,122,78,46,108,204,96,122,129,233,1,9558,992,2964,4107,2565,383,9555,292,142,6568,317,220,109,159,114,7074,596,34,1,1,162,148,14,3,5,0,545,86,81,57,22,82,59,1,5,3,1,1,25.2,22,118,411,70,53,152,21,4
es Real Sociedad,12,22,21.5,167,59,4,5,297,34,4626,5784,2276,2560,1823,2129,413,765,13,13.2,14.5,119,309,84,24,426,202,423,211,119,105,69,37,103,198,95,115,93,318,7,7114,762,2190,3249,1731,283,7109,177,85,3914,202,150,67,148,98,4564,423,34,2,1,161,117,14,4,4,0,504,171,199,51,17,48,30,3,4,3,1,0,14.4,49,146,337,42,64,148,9,15
fi HJK,6,3,5.9,50,18,0,1,77,5,2148,2739,895,1048,1012,1175,201,396,0,2.7,3.5,36,160,30,6,192,63,191,121,73,52,59,10,55,116,61,89,61,137,5,3467,464,1317,1543,638,84,3466,90,37,1939,63,44,16,109,68,2128,191,14,0,0,80,87,9,0,0,1,254,72,88,26,9,33,25,1,0,0,0,0,0.0,0,0,0,0,0,0,0,0
fr Brest,10,9,11.9,131,38,0,0,226,16,3212,4178,1357,1585,1387,1654,432,790,3,8.3,6.9,94,268,66,24,270,135,266,189,111,81,70,38,95,209,114,109,108,223,10,5312,640,1784,2353,1234,166,5312,172,79,2533,135,83,27,122,88,3182,266,20,0,0,113,116,14,0,3,1,460,144,131,58,21,52,32,2,3,3,0,0,19.4,87,194,261,42,46,119,13,18
fr Lille,10,17,12.0,93,36,2,2,167,30,4130,4982,1733,1964,1934,2137,355,606,12,7.3,7.9,66,254,76,9,346,164,345,145,86,67,49,29,67,130,63,99,84,203,8,6076,675,2047,2709,1395,205,6074,219,115,4197,164,161,49,166,109,4098,345,23,2,2,101,108,16,1,2,0,443,103,95,22,13,45,32,1,2,2,0,0,15.4,44,125,303,34,36,112,5,3
fr Lyon,12,29,22.8,205,79,1,1,368,48,5889,6997,3137,3468,2219,2491,366,667,22,16.3,17.9,153,379,124,15,524,271,518,210,126,109,74,27,110,229,119,127,98,238,7,8384,825,2733,3582,2150,410,8383,269,132,5380,271,207,89,166,109,5835,518,26,1,1,138,150,22,1,2,0,550,129,146,54,16,59,43,3,2,2,0,0,19.2,40,143,376,48,63,151,11,7
fr Monaco,10,16,13.5,118,43,1,1,210,28,3827,4824,1812,2055,1653,1928,324,638,11,9.7,8.9,91,341,56,13,360,170,357,170,108,83,73,14,72,149,77,116,127,213,12,5967,541,1812,2755,1455,202,5966,171,81,2721,170,113,48,165,100,3791,357,23,3,2,118,124,28,1,3,0,464,119,136,50,17,49,32,2,3,3,0,0,18.4,18,87,225,62,69,105,7,3
fr Nice,8,7,10.5,119,32,0,1,217,13,3346,4151,1631,1832,1348,1580,259,481,5,8.1,8.4,92,250,75,22,321,182,318,146,93,57,71,18,73,127,54,99,88,156,13,5160,462,1486,2378,1354,193,5159,194,89,3299,182,142,34,149,99,3308,318,18,2,0,64,97,12,1,1,1,417,115,89,55,16,44,29,0,1,1,0,0,13.9,21,49,226,42,45,85,8,18
fr Paris S-G,17,37,36.2,319,115,1,2,579,61,9866,11284,4543,4909,4289,4648,743,1133,29,27.3,24.5,258,748,169,17,865,492,856,336,203,161,124,51,157,300,143,185,145,376,14,13329,1129,3559,6207,3685,584,13327,429,203,7471,492,376,196,206,181,9795,856,19,1,1,155,172,27,0,0,1,833,166,159,50,15,56,42,7,0,0,0,0,17.2,46,160,401,63,100,178,16,18
gr Olympiacos,10,11,17.6,147,43,0,3,272,17,3367,4598,1455,1749,1437,1776,390,759,10,12.3,11.5,123,378,104,40,445,162,442,224,150,79,101,44,109,213,104,149,132,199,6,5883,407,1250,2929,1778,258,5880,180,73,2971,162,140,33,176,103,3332,442,19,1,0,128,104,37,3,1,1,531,210,187,21,7,34,27,6,1,0,1,0,10.1,56,169,222,45,44,81,11,34
gr PAOK,10,13,14.9,128,50,2,2,227,25,4195,5156,1684,1879,2006,2267,424,755,9,11.2,12.6,98,333,95,18,385,148,379,167,94,82,62,23,78,150,72,126,88,249,5,6346,693,2093,2860,1451,246,6344,175,77,3760,148,137,31,158,82,4141,379,20,1,1,103,126,18,2,0,1,434,122,152,24,14,45,32,3,0,0,0,0,16.8,38,132,349,34,42,135,3,8
gr Panathinaikos,10,16,17.8,144,45,3,4,257,24,4803,5683,2335,2566,1918,2181,358,597,5,11.5,13.1,106,424,99,14,484,183,480,153,97,66,64,23,86,147,61,81,80,232,5,6749,538,1782,3148,1878,281,6745,191,87,4281,183,177,47,116,99,4767,480,24,1,1,112,154,11,4,1,0,399,116,121,60,14,47,33,4,1,1,0,0,0.0,0,0,0,0,0,0,0,0
hr Dinamo Zagreb,8,12,6.9,75,24,0,0,134,23,2289,2967,1007,1170,995,1141,223,479,10,5.1,4.9,59,152,47,12,186,120,183,160,96,98,47,15,87,168,81,98,85,232,4,3921,631,1623,1582,764,122,3921,135,68,1998,120,92,25,127,83,2273,183,19,0,0,84,80,15,0,4,0,323,83,95,63,19,46,27,2,4,4,0,0,19.3,44,130,202,19,67,131,3,3
hu Ferencváros,10,15,11.9,117,41,2,2,201,26,3207,4098,1403,1595,1372,1607,323,616,10,8.0,7.4,88,231,59,23,319,139,315,177,112,101,55,21,87,177,90,130,90,256,5,5261,669,1916,2207,1196,197,5259,172,79,3018,139,87,51,167,93,3177,315,21,0,0,136,108,17,1,3,0,430,133,144,93,18,49,31,3,3,3,0,0,17.0,54,126,258,30,54,127,4,8
ie Shamrock Rov,8,12,9.3,74,32,0,0,131,19,2965,3737,1579,1747,1065,1271,230,497,5,8.4,7.4,62,249,46,10,255,116,253,131,81,62,50,19,70,140,70,86,61,247,12,4692,541,1701,2010,1017,118,4692,123,48,2532,116,86,25,133,82,2945,253,22,1,1,87,84,8,0,0,0,351,93,98,51,10,28,18,2,0,0,0,0,0.0,0,0,0,0,0,0,0,0
il Maccabi Tel Aviv,8,8,10.8,94,30,1,1,163,15,2923,3593,1231,1404,1340,1510,272,488,6,6.9,6.4,72,181,56,13,257,111,254,139,86,60,62,17,65,138,73,84,70,186,8,4475,586,1754,1860,910,149,4474,123,55,2473,111,92,33,127,91,2882,254,19,2,2,83,89,15,1,4,0,361,91,98,62,17,45,26,0,4,2,2,0,19.7,34,98,276,41,36,106,3,4
is KV,8,9,10.0,66,26,1,2,118,14,2573,3382,1111,1319,1120,1332,288,571,4,6.3,4.3,50,179,43,4,247,104,245,147,95,66,61,20,70,131,61,100,74,267,6,4378,635,1733,1808,882,134,4376,129,64,2283,104,74,21,132,49,2555,245,21,1,1,123,75,4,1,1,0,331,128,84,34,11,38,27,2,1,1,0,0,0.0,0,0,0,0,0,0,0,0
it Atalanta,10,22,25.4,171,61,1,3,309,41,4633,5529,2341,2572,1814,2046,321,549,19,19.8,19.9,138,332,136,45,517,278,515,130,77,56,45,29,72,153,81,88,72,147,7,6491,481,1615,2705,2244,321,6488,211,114,4696,278,215,75,132,85,4612,515,19,1,0,103,89,25,3,1,0,469,124,101,60,11,27,16,5,1,1,0,0,8.6,46,124,239,28,61,68,2,15
it Bologna,8,4,8.2,94,27,0,0,162,6,2831,3597,1103,1284,1342,1556,349,569,3,5.7,6.5,64,188,49,17,269,131,266,165,101,78,66,21,78,151,73,97,67,143,3,4516,488,1611,1985,966,163,4516,116,55,2668,131,75,39,121,73,2808,266,28,0,0,115,104,25,0,2,0,359,100,105,57,9,34,24,2,2,1,1,0,12.1,22,72,260,41,27,76,7,10
it Fiorentina,12,28,24.9,193,72,2,2,343,49,5268,6261,2050,2292,2441,2729,604,920,11,17.1,15.2,149,401,115,32,488,269,481,191,118,94,75,22,92,177,85,110,107,218,9,7560,700,2251,3550,1854,339,7558,262,140,5307,269,235,72,163,96,5199,481,34,0,0,167,168,32,2,2,0,503,179,120,85,18,49,31,2,2,2,0,0,0.0,0,0,0,0,0,0,0,0
it Inter,15,25,24.9,175,57,5,7,317,44,6308,7560,2872,3178,2742,3079,532,907,17,15.3,16.1,126,396,113,27,488,227,485,208,134,132,50,26,100,210,110,178,138,402,12,9121,1400,3795,3569,1847,313,9114,190,100,5812,227,196,54,167,101,6265,485,33,0,0,143,168,42,6,1,1,583,182,147,61,16,71,56,8,1,1,0,0,18.2,67,159,608,67,75,233,14,3
it Juventus,10,12,11.7,115,37,1,1,202,19,4501,5299,1969,2168,2024,2233,424,660,8,8.1,7.3,85,337,61,22,401,217,398,176,116,88,67,21,87,162,75,131,75,195,12,6445,712,2236,2888,1392,200,6444,229,110,3934,217,149,59,165,88,4467,398,15,2,1,113,92,25,1,2,0,415,100,116,58,11,48,36,3,2,1,1,0,16.0,39,109,292,58,50,133,8,5
it Lazio,12,23,20.2,175,63,1,1,316,40,5429,6521,2350,2627,2331,2639,573,919,20,15.9,16.3,142,450,123,31,539,274,537,207,122,97,80,30,110,195,85,136,127,286,6,7943,738,2210,3511,2297,364,7942,210,79,5721,274,291,92,167,115,5395,537,28,3,0,154,134,30,1,0,0,537,138,157,52,10,48,38,3,0,0,0,0,15.0,70,174,391,48,49,125,10,13
it Milan,10,15,13.9,149,59,0,0,266,25,4479,5195,1969,2183,2099,2308,337,528,11,10.9,11.4,111,388,86,18,472,244,468,149,92,67,58,24,68,147,79,85,80,179,8,6245,549,1727,2997,1601,268,6244,256,117,4152,244,185,88,113,76,4430,468,28,2,2,107,112,14,0,1,0,389,109,79,48,13,53,40,1,1,1,0,0,12.0,26,73,321,38,47,100,7,17
it Roma,12,17,20.0,183,58,2,2,326,31,5755,6864,2414,2729,2590,2871,579,950,13,14.4,15.3,138,402,116,30,488,210,482,201,123,87,74,40,95,165,70,115,112,256,7,8199,797,2347,3760,2175,329,8197,213,98,6012,210,241,56,169,94,5720,482,27,2,1,120,153,35,2,2,1,508,186,126,24,13,39,27,3,2,2,0,0,13.8,54,140,374,54,80,167,14,13
kz Astana FK,6,4,4.6,51,17,0,0,90,6,1986,2520,836,936,872,994,231,447,3,3.4,2.8,45,108,30,11,135,71,133,101,56,55,37,9,32,90,58,71,49,168,4,3233,521,1376,1370,516,56,3233,93,36,1721,71,62,11,93,46,1967,133,14,1,1,61,55,18,0,1,0,247,53,85,85,8,47,39,1,1,1,0,0,0.0,0,0,0,0,0,0,0,0
lv FK Rīgas FS,8,5,6.6,70,23,0,1,122,6,2290,3044,1012,1178,926,1092,258,559,3,4.2,4.9,54,164,48,19,214,93,211,128,73,75,44,9,59,110,51,118,93,225,5,3989,523,1676,1589,769,119,3988,115,51,2182,93,69,21,139,79,2272,211,10,0,0,98,85,14,1,0,0,377,115,106,28,13,40,27,1,0,0,0,0,11.1,33,110,194,30,41,129,6,4
md Petrocub,6,4,4.8,37,9,2,2,68,6,1886,2441,835,983,795,948,173,350,1,1.9,2.0,24,113,29,11,173,67,171,109,66,64,38,7,60,127,67,76,61,202,2,3182,485,1520,1190,500,70,3180,84,39,1499,67,51,10,114,72,1868,171,11,0,0,73,64,9,0,1,0,277,62,85,21,13,34,21,0,1,1,0,0,0.0,0,0,0,0,0,0,0,0
nir Larne FC,6,2,2.6,32,10,0,0,56,4,1360,1940,556,670,556,688,199,444,2,2.2,2.2,24,102,18,8,118,51,117,121,65,74,36,11,67,117,50,73,46,213,3,2631,466,1187,1033,443,48,2631,69,32,1277,51,25,11,82,38,1342,117,14,3,1,71,79,9,0,1,1,205,77,110,26,12,34,23,1,1,1,0,0,0.0,0,0,0,0,0,0,0,0
nl AZ Alkmaar,12,20,22.6,152,54,2,2,257,33,4340,5542,1982,2245,1933,2252,323,726,8,14.3,13.0,108,355,99,13,445,204,442,217,120,96,96,25,120,245,125,166,114,309,4,6979,750,2206,3045,1815,276,6977,215,98,3720,204,152,83,186,97,4308,442,29,2,2,176,121,26,2,3,0,541,109,164,53,19,51,31,2,3,2,1,0,16.6,49,183,294,43,71,167,17,7
nl Ajax,12,21,20.8,147,64,3,3,257,33,5112,6255,2484,2791,2030,2307,436,813,11,12.4,13.8,108,337,84,16,406,195,402,230,139,108,84,38,112,203,91,137,139,325,8,7720,978,2759,3453,1583,247,7717,214,92,4399,195,153,57,184,101,5065,402,30,2,1,162,160,17,2,1,0,559,174,161,96,16,59,43,4,1,1,0,0,19.5,65,194,455,46,45,192,15,9
nl Feyenoord,12,19,13.3,121,44,2,3,208,34,4056,5027,1606,1833,1898,2123,437,788,12,8.5,7.2,96,305,64,13,377,184,376,190,113,103,64,23,102,206,104,139,106,243,8,6297,914,2345,2695,1318,208,6294,211,88,3610,184,131,56,140,91,3994,376,18,2,0,120,108,20,3,5,4,444,105,125,54,26,71,47,2,5,2,2,1,26.3,48,156,437,45,50,174,11,8
nl PSV Eindhoven,12,22,19.5,206,76,1,1,371,38,5574,6696,2348,2598,2463,2761,594,939,14,13.8,13.5,161,467,116,29,571,225,563,242,154,98,111,33,117,226,109,129,130,235,11,8093,867,2433,3687,2041,335,8092,207,87,4456,225,148,73,152,89,5520,563,24,1,0,127,117,16,1,1,0,560,157,156,58,24,65,41,1,1,1,0,0,22.4,73,163,440,53,66,158,13,11
nl Twente,10,11,12.7,111,36,3,4,191,18,3581,4619,1519,1778,1589,1860,391,741,6,7.3,7.3,75,264,70,24,328,149,326,236,150,114,90,32,119,211,92,117,95,271,3,5874,774,2265,2429,1236,207,5870,177,76,3161,149,108,47,133,96,3547,326,26,2,1,120,101,14,2,2,2,440,116,142,71,15,45,31,2,2,1,1,0,14.5,58,161,308,39,53,135,5,13
no Bodø/Glimt,16,25,24.0,180,68,2,2,321,45,7475,8895,3369,3731,3231,3594,590,1017,22,19.2,21.2,140,401,148,14,638,332,634,326,202,176,111,39,151,292,141,207,141,493,6,10938,1377,3957,4788,2290,432,10936,353,167,7017,332,239,99,236,163,7416,634,27,2,2,145,157,29,1,3,1,739,172,174,29,25,87,62,3,3,2,1,0,29.1,79,224,638,76,86,294,14,23
no Molde,10,13,13.2,120,40,0,0,215,19,5302,6390,2373,2650,2426,2733,390,714,3,9.1,12.6,93,412,122,17,517,170,513,180,108,85,68,27,86,166,80,131,88,237,4,7619,593,2173,3563,1941,298,7619,185,76,4297,170,131,51,160,98,5255,513,23,3,2,128,115,9,0,0,0,517,154,113,48,16,35,19,2,0,0,0,0,0.0,0,0,0,0,0,0,0,0
pl Jagiellonia,12,19,17.6,130,44,1,2,234,31,4094,5222,1826,2113,1764,2078,363,692,9,11.6,9.3,94,266,84,15,393,131,389,208,118,117,74,17,104,215,111,132,107,357,5,6636,803,2477,2935,1278,225,6634,185,85,3493,131,110,35,163,106,4054,389,28,1,0,154,154,34,1,0,1,521,163,174,20,12,46,35,4,0,0,0,0,0.0,0,0,0,0,0,0,0,0
pl Legia Warsaw,10,19,18.7,132,39,2,2,226,34,2959,3890,1336,1585,1263,1490,243,512,12,12.4,10.8,90,210,85,20,328,163,325,191,115,83,69,39,67,135,68,108,94,275,5,5097,642,1798,2033,1322,246,5095,166,71,2748,163,97,50,131,107,2933,325,25,2,2,120,109,20,1,1,0,450,135,97,69,12,55,42,5,1,0,1,0,0.0,0,0,0,0,0,0,0,0
pt Benfica,12,20,23.9,167,64,4,4,300,35,4290,5426,1885,2167,1817,2110,481,839,9,13.7,12.6,123,328,103,26,390,207,387,259,144,138,94,27,129,263,134,148,136,285,7,6869,803,2492,2915,1518,293,6865,188,78,4161,207,140,58,176,116,4250,387,28,1,0,130,103,37,4,2,0,547,175,144,22,19,60,41,4,2,2,0,0,14.0,21,94,271,67,65,173,8,8
pt Braga,8,8,12.7,104,38,1,1,179,9,3398,4255,1390,1599,1559,1814,359,628,4,10.0,7.4,79,252,64,9,317,133,313,168,94,76,67,25,78,150,72,91,81,196,4,5198,523,1794,2369,1092,177,5197,158,77,3109,133,95,38,115,76,3375,313,17,4,2,92,95,7,0,1,0,368,107,114,54,12,39,27,2,1,1,0,0,10.6,26,82,256,29,48,123,6,22
pt Porto,10,15,12.6,130,39,1,1,235,27,4145,5027,1648,1867,1922,2154,482,778,10,8.6,11.7,96,307,104,21,395,189,393,169,107,79,75,15,84,161,77,114,78,219,5,6140,730,2200,2536,1470,283,6139,162,74,3909,189,157,51,151,92,4099,393,26,1,0,119,105,17,1,0,0,400,127,155,24,15,38,23,3,0,0,0,0,12.3,50,128,374,39,51,146,9,13
pt Sporting CP,10,13,12.9,122,41,2,2,222,23,4260,5015,1904,2103,1957,2167,334,552,9,9.1,8.0,96,281,55,9,340,183,337,173,103,86,71,16,90,170,80,97,84,187,10,6063,722,2237,2664,1210,180,6061,207,83,3807,183,125,62,119,100,4227,337,17,0,0,104,147,13,2,3,1,409,73,81,54,15,51,36,3,3,1,1,1,17.5,22,73,265,41,69,116,7,6
pt Vitória,8,15,17.3,151,55,1,1,259,26,3377,4087,1550,1715,1415,1643,312,529,9,12.2,9.1,113,294,87,18,375,162,370,164,117,85,57,22,91,155,64,79,75,175,2,5035,412,1463,2362,1249,209,5034,127,52,2874,162,114,42,122,65,3347,370,23,0,0,97,92,7,1,0,0,394,106,91,29,12,32,20,0,0,0,0,0,0.0,0,0,0,0,0,0,0,0
ro FCSB,12,15,11.5,123,44,0,0,205,24,3654,4785,1679,1946,1423,1698,418,789,7,8.6,9.7,91,193,63,13,258,129,255,238,144,126,84,28,120,236,116,150,137,330,7,6268,777,2613,2554,1165,186,6268,221,99,3229,129,102,40,173,124,3623,255,36,2,2,180,141,24,0,0,1,581,180,169,54,17,50,34,5,0,0,0,0,16.0,62,168,271,37,103,184,11,6
rs Red Star,8,13,9.4,93,30,1,1,156,23,2637,3343,1099,1241,1207,1418,280,509,10,7.1,6.9,64,205,51,13,283,144,282,126,70,78,38,10,64,126,62,84,80,166,12,4204,490,1417,1856,973,152,4203,141,77,2256,144,96,33,132,76,2613,282,13,0,0,77,106,19,1,1,0,316,75,115,76,22,47,25,1,1,1,0,0,18.7,43,119,169,27,75,102,4,1
rs TSC,8,12,12.3,129,38,0,1,224,21,3355,4179,1526,1765,1435,1647,301,538,9,8.0,7.6,88,286,62,11,327,124,323,137,87,45,67,25,70,152,82,80,86,164,4,5140,508,1571,2338,1281,195,5139,166,90,2963,124,96,39,138,92,3320,323,25,0,0,124,100,13,1,1,1,371,96,94,21,19,44,26,0,1,1,0,0,0.0,0,0,0,0,0,0,0,0
sct Celtic,10,14,14.6,94,37,1,2,172,25,4645,5454,1960,2177,2369,2635,288,515,10,10.1,9.8,75,328,64,5,337,147,335,201,104,93,71,37,102,174,72,115,97,246,9,6565,803,2458,2856,1307,181,6563,146,67,3893,147,100,39,125,67,4607,335,10,1,0,92,79,18,2,3,1,374,101,97,37,17,54,38,3,3,2,0,1,17.3,24,59,332,43,66,156,2,5
sct Hearts,6,5,7.4,66,21,0,1,118,9,2240,2999,887,1085,1082,1291,216,473,1,4.7,5.5,46,153,47,10,217,87,213,120,80,41,63,16,53,108,55,69,58,106,0,3664,285,1050,1798,848,130,3663,98,48,2010,87,70,15,87,65,2223,213,11,0,0,70,75,6,0,2,0,280,140,134,41,9,23,14,1,2,2,0,0,0.0,0,0,0,0,0,0,0,0
sct Rangers,12,19,18.2,161,65,0,0,271,30,3702,4898,1571,1864,1547,1829,459,913,14,12.0,6.5,114,283,77,14,347,193,345,217,130,113,90,14,96,219,123,187,126,385,5,6465,858,2476,2799,1283,233,6465,248,126,3149,193,131,60,193,94,3671,345,30,1,0,158,113,22,0,2,1,600,169,157,59,15,43,28,3,2,1,1,0,14.7,77,217,315,44,99,215,11,8
se Djurgården,12,19,16.2,166,63,1,1,280,34,4604,5722,2243,2522,1886,2161,326,705,12,12.7,15.1,122,358,88,11,457,187,451,201,119,83,91,27,106,189,83,141,104,348,8,7195,738,2219,3308,1756,258,7194,196,87,4111,187,181,47,181,116,4571,451,28,1,0,170,147,22,0,0,2,543,131,137,94,15,40,27,2,0,0,0,0,0.0,0,0,0,0,0,0,0,0
se Elfsborg,8,9,7.3,52,17,2,2,86,13,1760,2538,722,878,765,934,210,542,7,4.2,4.7,33,140,35,10,176,70,176,146,90,73,57,16,79,178,99,114,106,262,2,3534,689,1623,1330,631,98,3532,135,54,1661,70,61,17,108,70,1745,176,13,1,0,101,57,14,0,1,2,373,83,101,27,14,46,34,3,1,1,0,0,14.0,39,182,212,32,68,174,9,5
se Malmö,8,10,12.0,103,31,1,2,181,16,3195,4030,1762,1952,1083,1310,216,449,6,8.2,8.8,75,234,85,22,306,109,304,125,71,55,44,26,55,108,53,84,45,170,8,4860,482,1557,2022,1318,192,4858,143,64,2821,109,82,34,123,84,3165,304,22,1,1,92,93,12,1,4,0,324,93,105,85,17,37,20,0,4,3,0,1,12.5,13,79,160,30,56,112,6,4
si NK Celje,12,24,21.9,149,54,2,4,277,42,4869,5869,1902,2129,2289,2545,584,915,12,14.6,17.1,112,362,98,24,432,223,425,180,97,89,74,17,79,188,109,111,113,266,3,7118,747,2357,3092,1735,277,7114,188,91,4214,223,169,61,167,93,4815,425,23,0,0,161,154,16,4,2,0,467,134,126,81,24,59,34,2,2,1,1,0,0.0,0,0,0,0,0,0,0,0
si Olimpija,8,7,9.8,91,24,0,1,159,13,2838,3614,1008,1183,1381,1588,373,654,2,6.9,5.2,60,221,54,17,288,130,284,139,89,72,48,19,49,104,55,78,78,260,5,4644,526,1646,2091,961,154,4643,153,68,2601,130,90,24,139,81,2804,284,21,2,0,120,110,10,1,2,0,338,130,120,24,7,34,25,5,2,0,2,0,0.0,0,0,0,0,0,0,0,0
sk Slovan Bratislava,8,7,7.2,61,18,1,1,107,12,2372,3072,1128,1295,904,1069,217,450,5,4.5,2.5,45,168,28,1,197,95,195,132,84,81,40,11,64,141,77,113,98,273,7,4055,711,1851,1616,634,100,4054,157,66,2124,95,52,28,103,60,2359,195,17,1,1,72,102,12,1,2,0,330,68,72,25,27,64,36,0,2,1,1,0,23.6,34,101,157,39,80,163,11,0
tr Başakşehir,6,9,9.8,79,27,1,1,135,12,2306,2923,946,1109,1006,1147,260,460,1,5.3,5.8,59,149,49,15,203,97,196,101,58,47,38,16,39,75,36,73,64,153,2,3667,381,1157,1758,799,142,3666,107,45,2039,97,76,28,97,52,2274,196,18,0,0,68,81,9,0,0,0,273,93,89,46,12,36,24,0,0,0,0,0,0.0,0,0,0,0,0,0,0,0
tr Beşiktaş,8,10,13.1,100,35,1,3,186,19,3363,4110,1521,1692,1483,1688,303,553,7,6.4,7.9,75,249,51,5,271,144,270,157,91,82,51,24,76,135,59,105,90,183,5,5033,613,1770,2230,1089,155,5030,147,80,2854,144,121,34,126,85,3343,270,26,0,0,85,79,10,1,1,0,380,89,84,58,15,49,34,1,1,1,0,0,18.0,25,96,211,47,60,109,7,2
tr Fenerbahçe,12,16,16.2,128,43,0,1,233,26,4922,6265,2003,2292,2352,2720,504,961,13,13.5,15.4,103,371,111,38,514,157,511,225,131,121,86,18,114,222,108,140,135,272,13,7634,807,2549,3533,1607,253,7633,187,75,4312,157,107,36,189,83,4884,511,43,2,2,152,190,20,1,1,0,557,182,192,55,16,69,52,3,1,0,1,0,22.5,69,205,390,59,69,169,15,15
tr Galatasaray,10,20,21.7,199,70,1,1,360,33,4651,5728,2222,2493,1903,2234,419,720,12,14.9,15.3,146,355,123,43,513,183,510,196,122,80,87,29,100,177,77,120,102,198,4,6914,585,1820,3318,1837,286,6913,167,83,4239,183,158,49,120,83,4609,510,24,1,1,109,117,24,1,2,0,497,147,89,71,22,54,32,0,2,2,0,0,23.5,39,86,296,40,42,99,7,12
ua Dynamo Kyiv,8,5,4.8,69,22,0,0,131,9,3342,4095,1420,1590,1478,1682,333,576,4,3.7,5.0,55,235,62,15,270,125,269,124,77,69,46,9,61,124,63,99,78,210,7,4988,633,1849,2100,1083,157,4988,135,55,2818,125,110,33,100,78,3307,269,18,2,0,83,91,15,0,3,0,354,84,109,52,18,58,39,1,3,2,1,0,19.3,32,110,264,43,39,130,3,7
ua Shakhtar,8,8,8.1,74,20,1,2,124,12,2979,3642,1347,1479,1237,1398,310,555,5,5.2,5.3,53,181,46,14,195,103,193,130,78,78,35,17,60,147,87,97,83,192,8,4535,683,2003,1734,833,137,4533,160,83,2518,103,68,33,96,59,2936,193,13,1,0,85,72,10,2,2,1,330,76,104,25,16,52,36,2,2,1,1,0,17.2,46,131,311,34,54,141,16,4
wls The New Saints,6,5,5.4,50,15,1,1,91,9,1741,2260,737,839,748,891,209,428,4,3.2,3.1,36,96,27,17,110,77,109,124,82,77,41,6,54,106,52,86,56,195,3,2964,493,1390,1120,499,77,2963,90,47,1654,77,71,11,68,47,1727,109,8,0,0,60,54,0,0,1,0,238,55,65,31,10,41,31,1,1,1,0,0,0.0,0,0,0,0,0,0,0,0
